ISO-10303-21;
HEADER;
FILE_DESCRIPTION (( 'STEP AP214' ),
    '1' );
FILE_NAME ('705430002.STEP',
    '2024-03-15T08:13:19',
    ( 'LENOVO' ),
    ( '' ),
    'SwSTEP 2.0',
    'SolidWorks 2021',
    '' );
FILE_SCHEMA (( 'AUTOMOTIVE_DESIGN' ));
ENDSEC;

DATA;
#1 = ADVANCED_FACE ( 'NONE', ( #647 ), #324, .T. ) ;
#2 = EDGE_CURVE ( 'NONE', #2191, #1821, #1476, .T. ) ;
#3 = ORIENTED_EDGE ( 'NONE', *, *, #1321, .T. ) ;
#4 = LINE ( 'NONE', #1941, #1539 ) ;
#5 = ORIENTED_EDGE ( 'NONE', *, *, #2125, .T. ) ;
#6 =( LENGTH_UNIT ( ) NAMED_UNIT ( * ) SI_UNIT ( $, .METRE. ) );
#7 = ORIENTED_EDGE ( 'NONE', *, *, #1329, .F. ) ;
#8 = CARTESIAN_POINT ( 'NONE',  ( -0.01249999999999999722, -0.1049999999999997324, 0.01250000000000000069 ) ) ;
#9 = EDGE_CURVE ( 'NONE', #2352, #679, #662, .T. ) ;
#10 = ORIENTED_EDGE ( 'NONE', *, *, #856, .T. ) ;
#11 = ORIENTED_EDGE ( 'NONE', *, *, #2310, .T. ) ;
#12 = CARTESIAN_POINT ( 'NONE',  ( 0.1099999999999999867, 0.3150000000000000022, -0.1199999999999999956 ) ) ;
#13 = CARTESIAN_POINT ( 'NONE',  ( -0.05699999999999962735, 0.4049999999999999711, -0.1600000000000000033 ) ) ;
#14 = ORIENTED_EDGE ( 'NONE', *, *, #1250, .F. ) ;
#15 = EDGE_CURVE ( 'NONE', #1419, #808, #1491, .T. ) ;
#16 = LINE ( 'NONE', #1109, #897 ) ;
#17 = ORIENTED_EDGE ( 'NONE', *, *, #1834, .T. ) ;
#18 = ORIENTED_EDGE ( 'NONE', *, *, #303, .T. ) ;
#19 = CARTESIAN_POINT ( 'NONE',  ( -0.2000000000000000111, 0.4649999999999999689, -0.1000000000000000056 ) ) ;
#20 = AXIS2_PLACEMENT_3D ( 'NONE', #1645, #1842, #2188 ) ;
#21 = CARTESIAN_POINT ( 'NONE',  ( 0.1899999999999999745, 0.4649999999999999689, -0.09900000000000000466 ) ) ;
#22 = ORIENTED_EDGE ( 'NONE', *, *, #386, .T. ) ;
#23 = VERTEX_POINT ( 'NONE', #2080 ) ;
#24 = DIRECTION ( 'NONE',  ( 0.000000000000000000, 1.000000000000000000, 0.000000000000000000 ) ) ;
#25 = EDGE_LOOP ( 'NONE', ( #610, #1443, #2213, #1680 ) ) ;
#26 = CARTESIAN_POINT ( 'NONE',  ( 0.1674999999999999545, 0.01499999999999997689, 0.1000000000000000056 ) ) ;
#27 = DIRECTION ( 'NONE',  ( 0.000000000000000000, 0.000000000000000000, 1.000000000000000000 ) ) ;
#28 = ORIENTED_EDGE ( 'NONE', *, *, #228, .F. ) ;
#29 = AXIS2_PLACEMENT_3D ( 'NONE', #8, #212, #548 ) ;
#30 = VERTEX_POINT ( 'NONE', #1759 ) ;
#31 = VERTEX_POINT ( 'NONE', #757 ) ;
#32 = DIRECTION ( 'NONE',  ( 0.000000000000000000, -1.000000000000000000, 0.000000000000000000 ) ) ;
#33 = CARTESIAN_POINT ( 'NONE',  ( 0.1099999999999999867, 0.3349999999999999645, -0.09999999999999992228 ) ) ;
#34 = ORIENTED_EDGE ( 'NONE', *, *, #352, .F. ) ;
#35 = VERTEX_POINT ( 'NONE', #1313 ) ;
#36 = ORIENTED_EDGE ( 'NONE', *, *, #2400, .T. ) ;
#37 = DIRECTION ( 'NONE',  ( 0.000000000000000000, 0.000000000000000000, 1.000000000000000000 ) ) ;
#38 = DIRECTION ( 'NONE',  ( 1.000000000000000000, 0.000000000000000000, 0.000000000000000000 ) ) ;
#39 = CARTESIAN_POINT ( 'NONE',  ( 0.05699999999999961348, 0.4049999999999999711, -0.1200000000000000233 ) ) ;
#40 = FACE_OUTER_BOUND ( 'NONE', #563, .T. ) ;
#41 = EDGE_CURVE ( 'NONE', #1387, #102, #2349, .T. ) ;
#42 = ORIENTED_EDGE ( 'NONE', *, *, #1608, .F. ) ;
#43 = CARTESIAN_POINT ( 'NONE',  ( 0.05333333333333287879, 0.3383333333333336523, -0.04666666666666713370 ) ) ;
#44 = ORIENTED_EDGE ( 'NONE', *, *, #1633, .F. ) ;
#45 = EDGE_CURVE ( 'NONE', #545, #1679, #699, .T. ) ;
#46 = CARTESIAN_POINT ( 'NONE',  ( 0.07500000000000002498, 0.4649999999999999689, 0.08000000000000000167 ) ) ;
#47 =( CONVERSION_BASED_UNIT ( 'INCH', #632 ) LENGTH_UNIT ( ) NAMED_UNIT ( #2099 ) );
#48 = EDGE_LOOP ( 'NONE', ( #761, #2380, #2338, #1333 ) ) ;
#49 = FACE_OUTER_BOUND ( 'NONE', #1430, .T. ) ;
#50 = ORIENTED_EDGE ( 'NONE', *, *, #1740, .F. ) ;
#51 = AXIS2_PLACEMENT_3D ( 'NONE', #1348, #2056, #1283 ) ;
#52 = ORIENTED_EDGE ( 'NONE', *, *, #1878, .F. ) ;
#53 = EDGE_CURVE ( 'NONE', #925, #1722, #724, .T. ) ;
#54 = DIRECTION ( 'NONE',  ( 0.000000000000000000, 1.000000000000000000, 0.000000000000000000 ) ) ;
#55 = DIRECTION ( 'NONE',  ( -1.000000000000000000, 0.000000000000000000, 0.000000000000000000 ) ) ;
#56 = VECTOR ( 'NONE', #1844, 39.37007874015748143 ) ;
#57 = EDGE_LOOP ( 'NONE', ( #2104, #1545, #272, #496, #92 ) ) ;
#58 = CARTESIAN_POINT ( 'NONE',  ( 0.1599999999999999756, 0.4649999999999999689, -0.09899999999999999079 ) ) ;
#59 = PLANE ( 'NONE',  #1864 ) ;
#60 = DIRECTION ( 'NONE',  ( -0.000000000000000000, 0.000000000000000000, 1.000000000000000000 ) ) ;
#61 = LINE ( 'NONE', #1449, #1678 ) ;
#62 = ORIENTED_EDGE ( 'NONE', *, *, #1023, .T. ) ;
#63 = EDGE_LOOP ( 'NONE', ( #1447, #668, #966, #2283, #908, #1374 ) ) ;
#64 = DIRECTION ( 'NONE',  ( 1.000000000000000000, 0.000000000000000000, 0.000000000000000000 ) ) ;
#65 = VECTOR ( 'NONE', #1267, 39.37007874015748143 ) ;
#66 = PLANE ( 'NONE',  #118 ) ;
#67 = ORIENTED_EDGE ( 'NONE', *, *, #713, .F. ) ;
#68 = ORIENTED_EDGE ( 'NONE', *, *, #2221, .T. ) ;
#69 = VECTOR ( 'NONE', #494, 39.37007874015748143 ) ;
#70 = ORIENTED_EDGE ( 'NONE', *, *, #1231, .F. ) ;
#71 = DIRECTION ( 'NONE',  ( -1.509147063664734751E-16, 0.7071067811865486830, -0.7071067811865462405 ) ) ;
#72 = ORIENTED_EDGE ( 'NONE', *, *, #2176, .F. ) ;
#73 = VECTOR ( 'NONE', #1034, 39.37007874015748143 ) ;
#74 = ORIENTED_EDGE ( 'NONE', *, *, #2176, .T. ) ;
#75 = DIRECTION ( 'NONE',  ( 1.000000000000000000, 0.000000000000000000, 0.000000000000000000 ) ) ;
#76 = DIRECTION ( 'NONE',  ( -1.000000000000000000, 0.000000000000000000, 0.000000000000000000 ) ) ;
#77 = EDGE_LOOP ( 'NONE', ( #981, #1362, #1805, #984 ) ) ;
#78 = EDGE_LOOP ( 'NONE', ( #556, #2382, #841, #180 ) ) ;
#79 = EDGE_CURVE ( 'NONE', #1679, #553, #2302, .T. ) ;
#80 = ORIENTED_EDGE ( 'NONE', *, *, #455, .T. ) ;
#81 = DIRECTION ( 'NONE',  ( -0.000000000000000000, -0.000000000000000000, -1.000000000000000000 ) ) ;
#82 = ORIENTED_EDGE ( 'NONE', *, *, #245, .F. ) ;
#83 = AXIS2_PLACEMENT_3D ( 'NONE', #1656, #671, #201 ) ;
#84 = EDGE_CURVE ( 'NONE', #578, #1433, #1518, .T. ) ;
#85 = ORIENTED_EDGE ( 'NONE', *, *, #2335, .F. ) ;
#86 = SURFACE_SIDE_STYLE ('',( #442 ) ) ;
#87 = VECTOR ( 'NONE', #1499, 39.37007874015748143 ) ;
#88 = ORIENTED_EDGE ( 'NONE', *, *, #878, .F. ) ;
#89 = DIRECTION ( 'NONE',  ( 0.000000000000000000, 1.000000000000000000, 0.000000000000000000 ) ) ;
#90 = VERTEX_POINT ( 'NONE', #373 ) ;
#91 = VECTOR ( 'NONE', #2316, 39.37007874015748854 ) ;
#92 = ORIENTED_EDGE ( 'NONE', *, *, #1132, .T. ) ;
#93 = LINE ( 'NONE', #1594, #91 ) ;
#94 = CARTESIAN_POINT ( 'NONE',  ( -0.1525000000000000244, -2.134256245050205639E-18, -0.1000000000000000056 ) ) ;
#95 = ORIENTED_EDGE ( 'NONE', *, *, #957, .F. ) ;
#96 = EDGE_LOOP ( 'NONE', ( #1727, #1738, #1314 ) ) ;
#97 = LINE ( 'NONE', #681, #858 ) ;
#98 = EDGE_LOOP ( 'NONE', ( #2210, #1372, #1856, #1358 ) ) ;
#99 = DIRECTION ( 'NONE',  ( 1.000000000000000000, 0.000000000000000000, 0.000000000000000000 ) ) ;
#100 = VERTEX_POINT ( 'NONE', #19 ) ;
#101 = FACE_OUTER_BOUND ( 'NONE', #523, .T. ) ;
#102 = VERTEX_POINT ( 'NONE', #1142 ) ;
#103 = EDGE_CURVE ( 'NONE', #1772, #90, #2308, .T. ) ;
#104 = DIRECTION ( 'NONE',  ( 1.000000000000000000, 0.000000000000000000, 0.000000000000000000 ) ) ;
#105 = CARTESIAN_POINT ( 'NONE',  ( -0.2000000000000000111, -0.4322135954999580809, 0.1000000000000000056 ) ) ;
#106 = DIRECTION ( 'NONE',  ( 0.000000000000000000, 0.000000000000000000, -1.000000000000000000 ) ) ;
#107 = FACE_OUTER_BOUND ( 'NONE', #2252, .T. ) ;
#108 = CARTESIAN_POINT ( 'NONE',  ( -0.2000000000000000111, 0.01499999999999997689, 0.1000000000000000056 ) ) ;
#109 = EDGE_LOOP ( 'NONE', ( #3, #72, #2184, #221 ) ) ;
#110 = ADVANCED_FACE ( 'NONE', ( #1500 ), #1498, .F. ) ;
#111 = EDGE_CURVE ( 'NONE', #218, #887, #1495, .T. ) ;
#112 = LINE ( 'NONE', #2196, #960 ) ;
#113 = VERTEX_POINT ( 'NONE', #616 ) ;
#114 = PRESENTATION_LAYER_ASSIGNMENT (  '', '', ( #1067 ) ) ;
#115 = DIRECTION ( 'NONE',  ( 0.000000000000000000, 0.3047757271037810356, 0.9524241471993251107 ) ) ;
#116 = FILL_AREA_STYLE ('',( #2248 ) ) ;
#117 = VERTEX_POINT ( 'NONE', #2110 ) ;
#118 = AXIS2_PLACEMENT_3D ( 'NONE', #1038, #1788, #543 ) ;
#119 = FACE_OUTER_BOUND ( 'NONE', #951, .T. ) ;
#120 = VERTEX_POINT ( 'NONE', #1481 ) ;
#121 = DIRECTION ( 'NONE',  ( -0.9701425001453318764, -0.2425356250363332467, 0.000000000000000000 ) ) ;
#122 = DIRECTION ( 'NONE',  ( -1.000000000000000000, 0.000000000000000000, 0.000000000000000000 ) ) ;
#123 = DIRECTION ( 'NONE',  ( 0.000000000000000000, 0.000000000000000000, -1.000000000000000000 ) ) ;
#124 = EDGE_LOOP ( 'NONE', ( #918, #1428, #1707, #18 ) ) ;
#125 = VECTOR ( 'NONE', #1262, 39.37007874015748143 ) ;
#126 = VERTEX_POINT ( 'NONE', #559 ) ;
#127 = DIRECTION ( 'NONE',  ( 0.000000000000000000, 0.000000000000000000, -1.000000000000000000 ) ) ;
#128 = EDGE_LOOP ( 'NONE', ( #44, #2263, #1612, #770 ) ) ;
#129 = DIRECTION ( 'NONE',  ( -0.2915362068315989763, -0.9110506463487559881, 0.2915362068315989763 ) ) ;
#130 = VECTOR ( 'NONE', #944, 39.37007874015748854 ) ;
#131 = CARTESIAN_POINT ( 'NONE',  ( -0.06000000000000003247, -0.01149110640673522282, -0.05999999999999999084 ) ) ;
#132 = DIRECTION ( 'NONE',  ( 1.000000000000000000, 0.000000000000000000, 0.000000000000000000 ) ) ;
#133 = VERTEX_POINT ( 'NONE', #1706 ) ;
#134 = ORIENTED_EDGE ( 'NONE', *, *, #680, .T. ) ;
#135 = ADVANCED_FACE ( 'NONE', ( #2281 ), #779, .F. ) ;
#136 = CARTESIAN_POINT ( 'NONE',  ( 0.2000000000000000111, -0.4322135954999580809, 0.1000000000000000056 ) ) ;
#137 = EDGE_CURVE ( 'NONE', #604, #168, #2332, .T. ) ;
#138 = VECTOR ( 'NONE', #2348, 39.37007874015748143 ) ;
#139 = ORIENTED_EDGE ( 'NONE', *, *, #1208, .T. ) ;
#140 = DIRECTION ( 'NONE',  ( -0.000000000000000000, 1.000000000000000000, 0.000000000000000000 ) ) ;
#141 = EDGE_CURVE ( 'NONE', #576, #159, #2327, .T. ) ;
#142 = LINE ( 'NONE', #1114, #1015 ) ;
#143 = ORIENTED_EDGE ( 'NONE', *, *, #1212, .F. ) ;
#144 = ORIENTED_EDGE ( 'NONE', *, *, #700, .F. ) ;
#145 = LINE ( 'NONE', #2350, #1047 ) ;
#146 = EDGE_CURVE ( 'NONE', #1845, #218, #1505, .T. ) ;
#147 = CARTESIAN_POINT ( 'NONE',  ( -0.1099999999999999867, 0.4450000000000001177, -0.05999999999999999084 ) ) ;
#148 = CARTESIAN_POINT ( 'NONE',  ( -0.2000000000000000111, -0.4322135954999580809, -0.1000000000000000056 ) ) ;
#149 = ORIENTED_EDGE ( 'NONE', *, *, #1633, .T. ) ;
#150 = VERTEX_POINT ( 'NONE', #183 ) ;
#151 = AXIS2_PLACEMENT_3D ( 'NONE', #1251, #1838, #1636 ) ;
#152 = DIRECTION ( 'NONE',  ( 1.000000000000000000, 0.000000000000000000, 0.000000000000000000 ) ) ;
#153 = EDGE_LOOP ( 'NONE', ( #631, #828, #513, #70, #892 ) ) ;
#154 = CARTESIAN_POINT ( 'NONE',  ( 0.000000000000000000, -0.1300000000000000044, 0.004499999999999998793 ) ) ;
#155 = VECTOR ( 'NONE', #345, 39.37007874015748143 ) ;
#156 = VERTEX_POINT ( 'NONE', #447 ) ;
#157 = DIRECTION ( 'NONE',  ( 0.000000000000000000, -0.000000000000000000, -1.000000000000000000 ) ) ;
#158 = PLANE ( 'NONE',  #1096 ) ;
#159 = VERTEX_POINT ( 'NONE', #512 ) ;
#160 = AXIS2_PLACEMENT_3D ( 'NONE', #2406, #89, #1066 ) ;
#161 = VECTOR ( 'NONE', #1079, 39.37007874015748143 ) ;
#162 = ORIENTED_EDGE ( 'NONE', *, *, #1683, .T. ) ;
#163 = PLANE ( 'NONE',  #1189 ) ;
#164 = PLANE ( 'NONE',  #1950 ) ;
#165 = VECTOR ( 'NONE', #364, 39.37007874015748143 ) ;
#166 = CARTESIAN_POINT ( 'NONE',  ( 0.2000000000000000111, 0.01499999999999997689, 0.1000000000000000056 ) ) ;
#167 = CARTESIAN_POINT ( 'NONE',  ( 0.1899999999999999745, 0.4649999999999999689, -0.03191796067500632383 ) ) ;
#168 = VERTEX_POINT ( 'NONE', #638 ) ;
#169 = ORIENTED_EDGE ( 'NONE', *, *, #15, .F. ) ;
#170 = LINE ( 'NONE', #2012, #187 ) ;
#171 = ORIENTED_EDGE ( 'NONE', *, *, #391, .T. ) ;
#172 = EDGE_CURVE ( 'NONE', #877, #1465, #692, .T. ) ;
#173 = CARTESIAN_POINT ( 'NONE',  ( 0.000000000000000000, 0.3150000000000000022, -0.07999999999999998779 ) ) ;
#174 = ORIENTED_EDGE ( 'NONE', *, *, #1554, .T. ) ;
#175 = LINE ( 'NONE', #2296, #950 ) ;
#176 = ORIENTED_EDGE ( 'NONE', *, *, #303, .F. ) ;
#177 = CARTESIAN_POINT ( 'NONE',  ( 0.07500000000000002498, 0.4649999999999999689, 0.08000000000000000167 ) ) ;
#178 = EDGE_CURVE ( 'NONE', #2429, #1821, #1456, .T. ) ;
#179 = VECTOR ( 'NONE', #2066, 39.37007874015748143 ) ;
#180 = ORIENTED_EDGE ( 'NONE', *, *, #1808, .T. ) ;
#181 = ADVANCED_FACE ( 'NONE', ( #2353 ), #869, .T. ) ;
#182 = AXIS2_PLACEMENT_3D ( 'NONE', #292, #460, #211 ) ;
#183 = CARTESIAN_POINT ( 'NONE',  ( 0.1749999999999999889, 0.4049999999999999711, -0.1000000000000000056 ) ) ;
#184 = DIRECTION ( 'NONE',  ( -0.000000000000000000, -0.000000000000000000, 1.000000000000000000 ) ) ;
#185 = ORIENTED_EDGE ( 'NONE', *, *, #579, .F. ) ;
#186 = UNCERTAINTY_MEASURE_WITH_UNIT (LENGTH_MEASURE( 1.000000000000000082E-05 ), #2190, 'distance_accuracy_value', 'NONE');
#187 = VECTOR ( 'NONE', #1860, 39.37007874015748143 ) ;
#188 = DIRECTION ( 'NONE',  ( 0.000000000000000000, -0.000000000000000000, -1.000000000000000000 ) ) ;
#189 = ADVANCED_FACE ( 'NONE', ( #2345 ), #1615, .F. ) ;
#190 = PLANE ( 'NONE',  #954 ) ;
#191 = DIRECTION ( 'NONE',  ( 0.000000000000000000, -0.000000000000000000, 1.000000000000000000 ) ) ;
#192 = DIRECTION ( 'NONE',  ( 0.000000000000000000, 0.3047757271037809801, 0.9524241471993251107 ) ) ;
#193 = FACE_OUTER_BOUND ( 'NONE', #686, .T. ) ;
#194 = CARTESIAN_POINT ( 'NONE',  ( -0.1525000000000000244, -2.134256245050205639E-18, -0.1380788655293195000 ) ) ;
#195 = DIRECTION ( 'NONE',  ( 0.000000000000000000, 0.000000000000000000, 1.000000000000000000 ) ) ;
#196 = CARTESIAN_POINT ( 'NONE',  ( -0.01249999999999999722, 0.3550000000000000377, -0.01250000000000000069 ) ) ;
#197 = FACE_OUTER_BOUND ( 'NONE', #1724, .T. ) ;
#198 = DIRECTION ( 'NONE',  ( 0.000000000000000000, -0.000000000000000000, -1.000000000000000000 ) ) ;
#199 = CARTESIAN_POINT ( 'NONE',  ( -0.1099999999999999867, 0.3150000000000000022, -0.05999999999999999084 ) ) ;
#200 = LINE ( 'NONE', #1655, #1022 ) ;
#201 = DIRECTION ( 'NONE',  ( 1.000000000000000000, 1.224646799147353947E-16, 0.000000000000000000 ) ) ;
#202 = ADVANCED_FACE ( 'NONE', ( #2297 ), #926, .T. ) ;
#203 = DIRECTION ( 'NONE',  ( 0.9701425001453318764, -0.2425356250363332467, 0.000000000000000000 ) ) ;
#204 = FACE_OUTER_BOUND ( 'NONE', #1562, .T. ) ;
#205 = EDGE_CURVE ( 'NONE', #848, #1016, #1461, .T. ) ;
#206 = DIMENSIONAL_EXPONENTS ( 1.000000000000000000, 0.000000000000000000, 0.000000000000000000, 0.000000000000000000, 0.000000000000000000, 0.000000000000000000, 0.000000000000000000 ) ;
#207 = CARTESIAN_POINT ( 'NONE',  ( -0.1099999999999999867, 0.2949999999999999289, -0.05999999999999999084 ) ) ;
#208 = DIRECTION ( 'NONE',  ( 1.000000000000000000, 0.000000000000000000, 0.000000000000000000 ) ) ;
#209 = EDGE_CURVE ( 'NONE', #1689, #1653, #1511, .T. ) ;
#210 = LINE ( 'NONE', #166, #254 ) ;
#211 = DIRECTION ( 'NONE',  ( 1.000000000000000000, 0.000000000000000000, 0.000000000000000000 ) ) ;
#212 = DIRECTION ( 'NONE',  ( 0.9524241471993251107, 0.3047757271037809801, -0.000000000000000000 ) ) ;
#213 = CARTESIAN_POINT ( 'NONE',  ( 0.1099999999999999867, 0.3150000000000000022, -0.1199999999999999956 ) ) ;
#214 = PLANE ( 'NONE',  #1184 ) ;
#215 = VERTEX_POINT ( 'NONE', #1796 ) ;
#216 = MECHANICAL_DESIGN_GEOMETRIC_PRESENTATION_REPRESENTATION (  '', ( #560 ), #904 ) ;
#217 = CARTESIAN_POINT ( 'NONE',  ( 0.1299999999999999767, 0.4649999999999999689, -0.000000000000000000 ) ) ;
#218 = VERTEX_POINT ( 'NONE', #789 ) ;
#219 = CARTESIAN_POINT ( 'NONE',  ( -0.2000000000000000111, 0.4649999999999999689, -0.1000000000000000056 ) ) ;
#220 = VECTOR ( 'NONE', #2030, 39.37007874015748143 ) ;
#221 = ORIENTED_EDGE ( 'NONE', *, *, #2180, .F. ) ;
#222 = DIRECTION ( 'NONE',  ( 1.000000000000000000, 0.000000000000000000, 0.000000000000000000 ) ) ;
#223 = CARTESIAN_POINT ( 'NONE',  ( 0.1499999999999999944, 0.4649999999999999689, -0.1000000000000000056 ) ) ;
#224 = EDGE_LOOP ( 'NONE', ( #914, #2163, #2442, #2169 ) ) ;
#225 = PRODUCT_DEFINITION ( 'UNKNOWN', '', #1920, #1120 ) ;
#226 = CARTESIAN_POINT ( 'NONE',  ( -0.1474999999999999922, -1.521932845476526925E-18, -0.1000000000000000056 ) ) ;
#227 = EDGE_LOOP ( 'NONE', ( #2460, #1628, #482, #67 ) ) ;
#228 = EDGE_CURVE ( 'NONE', #150, #1627, #2336, .T. ) ;
#229 = CARTESIAN_POINT ( 'NONE',  ( 0.1600000000000000311, 0.1150000000000000050, 0.06000000000000001166 ) ) ;
#230 = STYLED_ITEM ( 'NONE', ( #648 ), #2161 ) ;
#231 = LINE ( 'NONE', #366, #1110 ) ;
#232 = EDGE_CURVE ( 'NONE', #849, #1433, #1484, .T. ) ;
#233 = ORIENTED_EDGE ( 'NONE', *, *, #1784, .F. ) ;
#234 =( NAMED_UNIT ( * ) PLANE_ANGLE_UNIT ( ) SI_UNIT ( $, .RADIAN. ) );
#235 = CARTESIAN_POINT ( 'NONE',  ( 0.1600000000000000311, 0.1150000000000000050, 0.06000000000000001166 ) ) ;
#236 = ORIENTED_EDGE ( 'NONE', *, *, #141, .F. ) ;
#237 = LINE ( 'NONE', #2249, #1070 ) ;
#238 = PLANE ( 'NONE',  #620 ) ;
#239 = DIRECTION ( 'NONE',  ( 0.000000000000000000, 0.000000000000000000, -1.000000000000000000 ) ) ;
#240 = DIRECTION ( 'NONE',  ( 1.000000000000000000, 0.000000000000000000, 0.000000000000000000 ) ) ;
#241 = VERTEX_POINT ( 'NONE', #2270 ) ;
#242 = FACE_OUTER_BOUND ( 'NONE', #1370, .T. ) ;
#243 = DIRECTION ( 'NONE',  ( 1.000000000000000000, 0.000000000000000000, 0.000000000000000000 ) ) ;
#244 = VECTOR ( 'NONE', #2452, 39.37007874015748143 ) ;
#245 = EDGE_CURVE ( 'NONE', #1433, #1912, #2340, .T. ) ;
#246 = ORIENTED_EDGE ( 'NONE', *, *, #2236, .T. ) ;
#247 = VECTOR ( 'NONE', #1039, 39.37007874015748143 ) ;
#248 = DIRECTION ( 'NONE',  ( 0.000000000000000000, 0.000000000000000000, -1.000000000000000000 ) ) ;
#249 = CARTESIAN_POINT ( 'NONE',  ( 0.000000000000000000, 0.4649999999999999689, -0.07999999999999998779 ) ) ;
#250 = EDGE_CURVE ( 'NONE', #695, #1786, #1488, .T. ) ;
#251 = DIRECTION ( 'NONE',  ( 1.000000000000000000, 0.000000000000000000, 0.000000000000000000 ) ) ;
#252 = LINE ( 'NONE', #1235, #1918 ) ;
#253 = EDGE_CURVE ( 'NONE', #1797, #31, #2317, .T. ) ;
#254 = VECTOR ( 'NONE', #705, 39.37007874015748143 ) ;
#255 = DIRECTION ( 'NONE',  ( 1.000000000000000000, 0.000000000000000000, 0.000000000000000000 ) ) ;
#256 = ORIENTED_EDGE ( 'NONE', *, *, #2095, .F. ) ;
#257 = AXIS2_PLACEMENT_3D ( 'NONE', #458, #1979, #2142 ) ;
#258 = LINE ( 'NONE', #1099, #1094 ) ;
#259 = CARTESIAN_POINT ( 'NONE',  ( -0.1499999999999999944, 0.3150000000000000022, -0.1000000000000000056 ) ) ;
#260 = ORIENTED_EDGE ( 'NONE', *, *, #797, .F. ) ;
#261 = CARTESIAN_POINT ( 'NONE',  ( -0.1325000000000000344, 0.01499999999999997516, -0.1000000000000000056 ) ) ;
#262 = CARTESIAN_POINT ( 'NONE',  ( 0.2000000000000000111, 0.4649999999999999689, 0.1000000000000000056 ) ) ;
#263 = DIRECTION ( 'NONE',  ( 0.000000000000000000, -0.000000000000000000, -1.000000000000000000 ) ) ;
#264 = EDGE_LOOP ( 'NONE', ( #1381, #80, #2217, #1403 ) ) ;
#265 = CARTESIAN_POINT ( 'NONE',  ( 0.1749999999999999889, 0.4049999999999999711, -0.1000000000000000056 ) ) ;
#266 = PLANE ( 'NONE',  #1533 ) ;
#267 = CARTESIAN_POINT ( 'NONE',  ( 0.01250000000000000590, -0.1300000000000000044, 0.01250000000000000069 ) ) ;
#268 = LINE ( 'NONE', #721, #220 ) ;
#269 = VERTEX_POINT ( 'NONE', #1558 ) ;
#270 = FACE_OUTER_BOUND ( 'NONE', #77, .T. ) ;
#271 = CARTESIAN_POINT ( 'NONE',  ( 0.1899999999999999745, 0.4649999999999999689, -0.03191796067500632383 ) ) ;
#272 = ORIENTED_EDGE ( 'NONE', *, *, #1041, .F. ) ;
#273 = VECTOR ( 'NONE', #744, 39.37007874015748143 ) ;
#274 = CARTESIAN_POINT ( 'NONE',  ( 0.05700000000000000205, 0.3519999999999999796, 0.1176972864800942681 ) ) ;
#275 = DIRECTION ( 'NONE',  ( -1.000000000000000000, 0.000000000000000000, -0.000000000000000000 ) ) ;
#276 = LINE ( 'NONE', #1839, #1129 ) ;
#277 = EDGE_CURVE ( 'NONE', #1485, #2204, #1535, .T. ) ;
#278 = FACE_OUTER_BOUND ( 'NONE', #224, .T. ) ;
#279 = DIRECTION ( 'NONE',  ( 0.7071067811865475727, -0.7071067811865474617, 0.000000000000000000 ) ) ;
#280 = ADVANCED_FACE ( 'NONE', ( #2273 ), #66, .T. ) ;
#281 = DIRECTION ( 'NONE',  ( 0.2915362068315990873, 0.9110506463487559881, 0.2915362068315990873 ) ) ;
#282 = ORIENTED_EDGE ( 'NONE', *, *, #2067, .T. ) ;
#283 = AXIS2_PLACEMENT_3D ( 'NONE', #1464, #1093, #195 ) ;
#284 = DIRECTION ( 'NONE',  ( 1.000000000000000000, 0.000000000000000000, -0.000000000000000000 ) ) ;
#285 = LINE ( 'NONE', #1147, #1131 ) ;
#286 = CARTESIAN_POINT ( 'NONE',  ( 0.1600000000000000311, 0.1150000000000000050, 0.06000000000000001166 ) ) ;
#287 = LINE ( 'NONE', #2318, #1890 ) ;
#288 = CARTESIAN_POINT ( 'NONE',  ( 0.05999999999999996309, 0.1150000000000000050, -0.1000000000000000056 ) ) ;
#289 = VECTOR ( 'NONE', #2096, 39.37007874015748143 ) ;
#290 = SURFACE_STYLE_FILL_AREA ( #2247 ) ;
#291 = CARTESIAN_POINT ( 'NONE',  ( 0.05699999999999961348, 0.4049999999999999711, -0.1600000000000000033 ) ) ;
#292 = CARTESIAN_POINT ( 'NONE',  ( 0.000000000000000000, 0.000000000000000000, 0.000000000000000000 ) ) ;
#293 = EDGE_LOOP ( 'NONE', ( #2159, #2149, #2455, #859 ) ) ;
#294 = PRODUCT_DEFINITION_SHAPE ( 'NONE', 'NONE',  #511 ) ;
#295 = LINE ( 'NONE', #1798, #1879 ) ;
#296 = ADVANCED_FACE ( 'NONE', ( #1451 ), #2127, .T. ) ;
#297 = LINE ( 'NONE', #1037, #1841 ) ;
#298 = ORIENTED_EDGE ( 'NONE', *, *, #1708, .T. ) ;
#299 = VECTOR ( 'NONE', #1002, 39.37007874015748143 ) ;
#300 = EDGE_CURVE ( 'NONE', #1786, #930, #2278, .T. ) ;
#301 = VECTOR ( 'NONE', #682, 39.37007874015748854 ) ;
#302 = DIRECTION ( 'NONE',  ( -0.000000000000000000, -0.000000000000000000, 1.000000000000000000 ) ) ;
#303 = EDGE_CURVE ( 'NONE', #90, #916, #2289, .T. ) ;
#304 = LINE ( 'NONE', #917, #1965 ) ;
#305 = AXIS2_PLACEMENT_3D ( 'NONE', #1637, #855, #1595 ) ;
#306 = DIRECTION ( 'NONE',  ( 0.000000000000000000, 1.000000000000000000, 0.000000000000000000 ) ) ;
#307 = VECTOR ( 'NONE', #2007, 39.37007874015748143 ) ;
#308 = EDGE_CURVE ( 'NONE', #2394, #2204, #1621, .T. ) ;
#309 = VECTOR ( 'NONE', #773, 39.37007874015748143 ) ;
#310 = PLANE ( 'NONE',  #1581 ) ;
#311 = VECTOR ( 'NONE', #1748, 39.37007874015748143 ) ;
#312 = DIRECTION ( 'NONE',  ( -0.000000000000000000, 1.000000000000000000, -0.000000000000000000 ) ) ;
#313 = VECTOR ( 'NONE', #628, 39.37007874015748143 ) ;
#314 = VECTOR ( 'NONE', #2061, 39.37007874015748143 ) ;
#315 = DIRECTION ( 'NONE',  ( 0.000000000000000000, 0.000000000000000000, -1.000000000000000000 ) ) ;
#316 = VECTOR ( 'NONE', #2216, 39.37007874015748143 ) ;
#317 = CARTESIAN_POINT ( 'NONE',  ( 0.1499999999999999944, 0.3150000000000000022, -0.1000000000000000056 ) ) ;
#318 = FACE_OUTER_BOUND ( 'NONE', #57, .T. ) ;
#319 = CARTESIAN_POINT ( 'NONE',  ( -0.1099999999999999867, 0.3150000000000000022, -0.1199999999999999956 ) ) ;
#320 = PRODUCT_DEFINITION_SHAPE ( 'NONE', 'NONE',  #225 ) ;
#321 = CARTESIAN_POINT ( 'NONE',  ( 0.07500000000000002498, 0.000000000000000000, 0.000000000000000000 ) ) ;
#322 = VECTOR ( 'NONE', #1009, 39.37007874015748143 ) ;
#323 = VECTOR ( 'NONE', #306, 39.37007874015748143 ) ;
#324 = PLANE ( 'NONE',  #1701 ) ;
#325 = CARTESIAN_POINT ( 'NONE',  ( -0.1499999999999999944, 0.3150000000000000022, -0.1000000000000000056 ) ) ;
#326 = VECTOR ( 'NONE', #879, 39.37007874015748143 ) ;
#327 = EDGE_CURVE ( 'NONE', #2189, #1816, #1644, .T. ) ;
#328 = VECTOR ( 'NONE', #818, 39.37007874015748143 ) ;
#329 = LINE ( 'NONE', #1931, #1970 ) ;
#330 = DIRECTION ( 'NONE',  ( 1.000000000000000000, -1.224646799147353947E-16, 0.000000000000000000 ) ) ;
#331 = VECTOR ( 'NONE', #1756, 39.37007874015748143 ) ;
#332 = EDGE_CURVE ( 'NONE', #1754, #1736, #2383, .T. ) ;
#333 = CARTESIAN_POINT ( 'NONE',  ( 0.000000000000000000, 0.000000000000000000, 0.000000000000000000 ) ) ;
#334 = ADVANCED_FACE ( 'NONE', ( #1613 ), #2156, .F. ) ;
#335 = AXIS2_PLACEMENT_3D ( 'NONE', #965, #64, #248 ) ;
#336 = EDGE_CURVE ( 'NONE', #865, #1573, #1603, .T. ) ;
#337 = DIRECTION ( 'NONE',  ( 0.000000000000000000, 0.000000000000000000, 1.000000000000000000 ) ) ;
#338 = LINE ( 'NONE', #1888, #349 ) ;
#339 = FACE_OUTER_BOUND ( 'NONE', #153, .T. ) ;
#340 = ADVANCED_FACE ( 'NONE', ( #833 ), #1071, .F. ) ;
#341 = DIRECTION ( 'NONE',  ( 1.000000000000000000, 0.000000000000000000, 0.000000000000000000 ) ) ;
#342 = LINE ( 'NONE', #1522, #311 ) ;
#343 = CARTESIAN_POINT ( 'NONE',  ( 0.000000000000000000, 0.1150000000000000050, 0.000000000000000000 ) ) ;
#344 = VECTOR ( 'NONE', #2415, 39.37007874015748854 ) ;
#345 = DIRECTION ( 'NONE',  ( 1.000000000000000000, 0.000000000000000000, 0.000000000000000000 ) ) ;
#346 = LINE ( 'NONE', #577, #331 ) ;
#347 = CARTESIAN_POINT ( 'NONE',  ( -0.1299999999999999767, 0.4649999999999999689, -0.07999999999999998779 ) ) ;
#348 = CARTESIAN_POINT ( 'NONE',  ( -0.1674999999999999822, 0.01499999999999996128, -0.1000000000000000056 ) ) ;
#349 = VECTOR ( 'NONE', #1153, 39.37007874015748143 ) ;
#350 = LINE ( 'NONE', #2091, #1196 ) ;
#351 = DIRECTION ( 'NONE',  ( -0.000000000000000000, -0.000000000000000000, -1.000000000000000000 ) ) ;
#352 = EDGE_CURVE ( 'NONE', #156, #679, #2186, .T. ) ;
#353 = DIRECTION ( 'NONE',  ( 0.000000000000000000, -0.7071067811865463515, -0.7071067811865487940 ) ) ;
#354 = CARTESIAN_POINT ( 'NONE',  ( 0.1499999999999999944, 0.3150000000000000022, -0.1000000000000000056 ) ) ;
#355 = FACE_OUTER_BOUND ( 'NONE', #128, .T. ) ;
#356 = VECTOR ( 'NONE', #2256, 39.37007874015748143 ) ;
#357 = CARTESIAN_POINT ( 'NONE',  ( 0.2000000000000000111, 0.4649999999999999689, 0.1000000000000000056 ) ) ;
#358 = EDGE_CURVE ( 'NONE', #1435, #1763, #1596, .T. ) ;
#359 = FACE_OUTER_BOUND ( 'NONE', #2200, .T. ) ;
#360 = SURFACE_STYLE_USAGE ( .BOTH. , #1450 ) ;
#361 = ADVANCED_FACE ( 'NONE', ( #800 ), #1426, .F. ) ;
#362 =( GEOMETRIC_REPRESENTATION_CONTEXT ( 3 ) GLOBAL_UNCERTAINTY_ASSIGNED_CONTEXT ( ( #2404 ) ) GLOBAL_UNIT_ASSIGNED_CONTEXT ( ( #1695, #2227, #947 ) ) REPRESENTATION_CONTEXT ( 'NONE', 'WORKASPACE' ) );
#363 = VECTOR ( 'NONE', #1336, 39.37007874015748854 ) ;
#364 = DIRECTION ( 'NONE',  ( 1.000000000000000000, -0.000000000000000000, 0.000000000000000000 ) ) ;
#365 = CARTESIAN_POINT ( 'NONE',  ( -0.2000000000000000111, -0.4322135954999580809, -0.1000000000000000056 ) ) ;
#366 = CARTESIAN_POINT ( 'NONE',  ( 0.01037516600265608185, -0.1116401062416995660, -0.01037516600265608012 ) ) ;
#367 = LINE ( 'NONE', #791, #322 ) ;
#368 = VECTOR ( 'NONE', #2077, 39.37007874015748143 ) ;
#369 = CARTESIAN_POINT ( 'NONE',  ( -0.01249999999999999722, 0.3299999999999997380, -0.01250000000000000069 ) ) ;
#370 = VECTOR ( 'NONE', #337, 39.37007874015748143 ) ;
#371 = LINE ( 'NONE', #592, #328 ) ;
#372 = ADVANCED_FACE ( 'NONE', ( #2396 ), #1265, .T. ) ;
#373 = CARTESIAN_POINT ( 'NONE',  ( 0.1899999999999999745, 0.4649999999999999689, -0.09900000000000000466 ) ) ;
#374 = LINE ( 'NONE', #1663, #1152 ) ;
#375 = VECTOR ( 'NONE', #2047, 39.37007874015748854 ) ;
#376 = VECTOR ( 'NONE', #1917, 39.37007874015748143 ) ;
#377 = CARTESIAN_POINT ( 'NONE',  ( -0.05700000000000000205, 0.3519999999999999796, -0.1600000000000000033 ) ) ;
#378 = LINE ( 'NONE', #575, #1151 ) ;
#379 = ADVANCED_FACE ( 'NONE', ( #2421 ), #500, .F. ) ;
#380 = EDGE_CURVE ( 'NONE', #1497, #576, #2426, .T. ) ;
#381 = CIRCLE ( 'NONE', #1961, 0.05300000000000000544 ) ;
#382 = DIRECTION ( 'NONE',  ( 0.000000000000000000, 0.000000000000000000, 1.000000000000000000 ) ) ;
#383 = PLANE ( 'NONE',  #1712 ) ;
#384 = CARTESIAN_POINT ( 'NONE',  ( 0.02500000000000001527, 0.4450000000000001177, 0.06000000000000001166 ) ) ;
#385 = LINE ( 'NONE', #1106, #1995 ) ;
#386 = EDGE_CURVE ( 'NONE', #1643, #120, #767, .T. ) ;
#387 = DIRECTION ( 'NONE',  ( 0.000000000000000000, -0.000000000000000000, -1.000000000000000000 ) ) ;
#388 = DIRECTION ( 'NONE',  ( 0.000000000000000000, 0.000000000000000000, -1.000000000000000000 ) ) ;
#389 = LINE ( 'NONE', #2443, #394 ) ;
#390 =( GEOMETRIC_REPRESENTATION_CONTEXT ( 3 ) GLOBAL_UNCERTAINTY_ASSIGNED_CONTEXT ( ( #665 ) ) GLOBAL_UNIT_ASSIGNED_CONTEXT ( ( #2038, #2420, #961 ) ) REPRESENTATION_CONTEXT ( 'NONE', 'WORKASPACE' ) );
#391 = EDGE_CURVE ( 'NONE', #1757, #117, #751, .T. ) ;
#392 = ADVANCED_FACE ( 'NONE', ( #2373 ), #2059, .F. ) ;
#393 = DIRECTION ( 'NONE',  ( 1.000000000000000000, 0.000000000000000000, -0.000000000000000000 ) ) ;
#394 = VECTOR ( 'NONE', #885, 39.37007874015748143 ) ;
#395 = DIRECTION ( 'NONE',  ( 0.5773502691896269523, 0.5773502691896230665, -0.5773502691896269523 ) ) ;
#396 = APPLICATION_CONTEXT ( 'automotive_design' ) ;
#397 = VECTOR ( 'NONE', #1997, 39.37007874015748143 ) ;
#398 = CARTESIAN_POINT ( 'NONE',  ( -0.01249999999999999722, -0.1300000000000000044, 0.01250000000000000069 ) ) ;
#399 = DIRECTION ( 'NONE',  ( 0.000000000000000000, 1.000000000000000000, 0.000000000000000000 ) ) ;
#400 = CARTESIAN_POINT ( 'NONE',  ( -0.1499999999999999944, 0.4649999999999999689, -0.1000000000000000056 ) ) ;
#401 = PRESENTATION_STYLE_ASSIGNMENT (( #360 ) ) ;
#402 = PRESENTATION_LAYER_ASSIGNMENT (  '', '', ( #560 ) ) ;
#403 = CARTESIAN_POINT ( 'NONE',  ( 0.1474999999999999922, -1.521932845476526925E-18, 0.1000000000000000056 ) ) ;
#404 = DIRECTION ( 'NONE',  ( -1.000000000000000000, 0.000000000000000000, -0.000000000000000000 ) ) ;
#405 = CARTESIAN_POINT ( 'NONE',  ( -0.1599999999999999756, 0.4450000000000001177, 0.06000000000000001166 ) ) ;
#406 = CARTESIAN_POINT ( 'NONE',  ( 0.01250000000000000590, 0.1150000000000000050, -0.01250000000000000069 ) ) ;
#407 = DIRECTION ( 'NONE',  ( 1.000000000000000000, -0.000000000000000000, -0.000000000000000000 ) ) ;
#408 = DIRECTION ( 'NONE',  ( 0.000000000000000000, 0.000000000000000000, 1.000000000000000000 ) ) ;
#409 = CARTESIAN_POINT ( 'NONE',  ( -0.2000000000000000111, 0.01499999999999997689, 0.1000000000000000056 ) ) ;
#410 = EDGE_CURVE ( 'NONE', #1435, #608, #1576, .T. ) ;
#411 = LINE ( 'NONE', #801, #397 ) ;
#412 = DIRECTION ( 'NONE',  ( 0.000000000000000000, 0.000000000000000000, 1.000000000000000000 ) ) ;
#413 = DIRECTION ( 'NONE',  ( -0.000000000000000000, 0.000000000000000000, 1.000000000000000000 ) ) ;
#414 = CARTESIAN_POINT ( 'NONE',  ( 0.02500000000000001527, 0.1150000000000000050, 0.06000000000000001166 ) ) ;
#415 = EDGE_CURVE ( 'NONE', #865, #133, #1626, .T. ) ;
#416 = DIRECTION ( 'NONE',  ( -0.000000000000000000, -0.000000000000000000, 1.000000000000000000 ) ) ;
#417 = CARTESIAN_POINT ( 'NONE',  ( -0.1474999999999999922, -1.521932845476526925E-18, 0.1000000000000000056 ) ) ;
#418 = EDGE_CURVE ( 'NONE', #2433, #23, #729, .T. ) ;
#419 = LINE ( 'NONE', #2312, #1258 ) ;
#420 = FACE_OUTER_BOUND ( 'NONE', #2253, .T. ) ;
#421 = DIRECTION ( 'NONE',  ( -2.134256245050204715E-16, -0.000000000000000000, -1.000000000000000000 ) ) ;
#422 = CARTESIAN_POINT ( 'NONE',  ( -0.1099999999999999867, 0.3150000000000000022, -0.1600000000000000033 ) ) ;
#423 = DIRECTION ( 'NONE',  ( -0.000000000000000000, 0.7071067811865451302, 0.7071067811865499042 ) ) ;
#424 = EDGE_CURVE ( 'NONE', #2146, #1765, #2438, .T. ) ;
#425 = CARTESIAN_POINT ( 'NONE',  ( -0.1099999999999999867, 0.3519999999999996465, 0.1176972864800942681 ) ) ;
#426 = LINE ( 'NONE', #1398, #2093 ) ;
#427 = EDGE_CURVE ( 'NONE', #948, #695, #1553, .T. ) ;
#428 = DIRECTION ( 'NONE',  ( -0.2425356250363332467, -0.9701425001453318764, 0.000000000000000000 ) ) ;
#429 = PRESENTATION_STYLE_ASSIGNMENT (( #2165 ) ) ;
#430 = EDGE_CURVE ( 'NONE', #839, #102, #4, .T. ) ;
#431 =( LENGTH_UNIT ( ) NAMED_UNIT ( * ) SI_UNIT ( $, .METRE. ) );
#432 = VECTOR ( 'NONE', #651, 39.37007874015748143 ) ;
#433 = MECHANICAL_DESIGN_GEOMETRIC_PRESENTATION_REPRESENTATION (  '', ( #795 ), #1858 ) ;
#434 = DIRECTION ( 'NONE',  ( -0.000000000000000000, -0.000000000000000000, 1.000000000000000000 ) ) ;
#435 = PLANE ( 'NONE',  #685 ) ;
#436 = VECTOR ( 'NONE', #1240, 39.37007874015748854 ) ;
#437 = AXIS2_PLACEMENT_3D ( 'NONE', #1887, #32, #188 ) ;
#438 = ORIENTED_EDGE ( 'NONE', *, *, #2023, .T. ) ;
#439 = PRODUCT_DEFINITION_SHAPE ( 'NONE', 'NONE',  #2462 ) ;
#440 = CARTESIAN_POINT ( 'NONE',  ( 0.1749999999999999889, 0.4049999999999999711, -0.03191796067500632383 ) ) ;
#441 = DIRECTION ( 'NONE',  ( 1.000000000000000000, 0.000000000000000000, 0.000000000000000000 ) ) ;
#442 = SURFACE_STYLE_FILL_AREA ( #1825 ) ;
#443 = PRODUCT ( '705430001_Pins_Gold_Tin_2_705430001_Pins_Gold_Tin_2', '705430001_Pins_Gold_Tin_2_705430001_Pins_Gold_Tin_2', '', ( #1025 ) ) ;
#444 = CARTESIAN_POINT ( 'NONE',  ( -0.01249999999999999722, -0.1300000000000000044, 0.01250000000000000069 ) ) ;
#445 = VECTOR ( 'NONE', #962, 39.37007874015748143 ) ;
#446 = ADVANCED_FACE ( 'NONE', ( #760 ), #952, .F. ) ;
#447 = CARTESIAN_POINT ( 'NONE',  ( -0.01249999999999999722, 0.3299999999999997380, -0.01250000000000000069 ) ) ;
#448 = DIRECTION ( 'NONE',  ( 1.000000000000000000, 1.224646799147353947E-16, -0.000000000000000000 ) ) ;
#449 = EDGE_CURVE ( 'NONE', #2228, #608, #2365, .T. ) ;
#450 = DIRECTION ( 'NONE',  ( 0.000000000000000000, -0.000000000000000000, 1.000000000000000000 ) ) ;
#451 = PLANE ( 'NONE',  #305 ) ;
#452 = EDGE_LOOP ( 'NONE', ( #2279, #2311, #583, #2374, #754, #1885, #1075, #1536, #1389, #236, #622, #989, #1503, #940, #687, #1417, #1382, #1584, #1012, #2450, #1940, #1577, #162, #1133, #2301 ) ) ;
#453 = LINE ( 'NONE', #1295, #2105 ) ;
#454 = FACE_OUTER_BOUND ( 'NONE', #2220, .T. ) ;
#455 = EDGE_CURVE ( 'NONE', #1722, #1754, #1570, .T. ) ;
#456 = ORIENTED_EDGE ( 'NONE', *, *, #1155, .T. ) ;
#457 = VECTOR ( 'NONE', #1783, 39.37007874015748143 ) ;
#458 = CARTESIAN_POINT ( 'NONE',  ( 0.05999999999999996309, -0.01149110640673522282, -0.1000000000000000056 ) ) ;
#459 = CARTESIAN_POINT ( 'NONE',  ( 0.000000000000000000, 0.3550000000000000377, 0.004499999999999989252 ) ) ;
#460 = DIRECTION ( 'NONE',  ( 0.000000000000000000, 0.000000000000000000, 1.000000000000000000 ) ) ;
#461 = AXIS2_PLACEMENT_3D ( 'NONE', #746, #1769, #222 ) ;
#462 = ORIENTED_EDGE ( 'NONE', *, *, #1831, .F. ) ;
#463 = LINE ( 'NONE', #2039, #520 ) ;
#464 = LINE ( 'NONE', #1437, #1317 ) ;
#465 = DIRECTION ( 'NONE',  ( 0.2425356250363332467, -0.9701425001453318764, 0.000000000000000000 ) ) ;
#466 = AXIS2_PLACEMENT_3D ( 'NONE', #274, #1171, #76 ) ;
#467 = ORIENTED_EDGE ( 'NONE', *, *, #358, .F. ) ;
#468 = CARTESIAN_POINT ( 'NONE',  ( -0.01249999999999999722, 0.1150000000000000050, -0.01250000000000000069 ) ) ;
#469 = DIRECTION ( 'NONE',  ( -0.000000000000000000, 1.000000000000000000, -0.000000000000000000 ) ) ;
#470 = ORIENTED_EDGE ( 'NONE', *, *, #1043, .F. ) ;
#471 = PLANE ( 'NONE',  #83 ) ;
#472 = FACE_OUTER_BOUND ( 'NONE', #1709, .T. ) ;
#473 = ADVANCED_FACE ( 'NONE', ( #1609 ), #2254, .F. ) ;
#474 = VECTOR ( 'NONE', #1144, 39.37007874015748143 ) ;
#475 = UNCERTAINTY_MEASURE_WITH_UNIT (LENGTH_MEASURE( 1.000000000000000082E-05 ), #570, 'distance_accuracy_value', 'NONE');
#476 = CARTESIAN_POINT ( 'NONE',  ( -0.1599999999999999756, 0.1150000000000000050, 0.06000000000000001166 ) ) ;
#477 = FACE_OUTER_BOUND ( 'NONE', #2207, .T. ) ;
#478 = DIMENSIONAL_EXPONENTS ( 1.000000000000000000, 0.000000000000000000, 0.000000000000000000, 0.000000000000000000, 0.000000000000000000, 0.000000000000000000, 0.000000000000000000 ) ;
#479 = CARTESIAN_POINT ( 'NONE',  ( 0.02500000000000001527, 0.1150000000000000050, 0.06000000000000001166 ) ) ;
#480 = ORIENTED_EDGE ( 'NONE', *, *, #2100, .T. ) ;
#481 = CARTESIAN_POINT ( 'NONE',  ( 0.1474999999999999922, -1.521932845476526925E-18, 0.1000000000000000056 ) ) ;
#482 = ORIENTED_EDGE ( 'NONE', *, *, #2197, .T. ) ;
#483 = VECTOR ( 'NONE', #1560, 39.37007874015748143 ) ;
#484 = CARTESIAN_POINT ( 'NONE',  ( -0.1525000000000000244, -2.134256245050205639E-18, -0.1000000000000000056 ) ) ;
#485 = LINE ( 'NONE', #481, #2126 ) ;
#486 = PRODUCT_RELATED_PRODUCT_CATEGORY ( 'part', '', ( #443 ) ) ;
#487 = EDGE_CURVE ( 'NONE', #839, #31, #1591, .T. ) ;
#488 = DIRECTION ( 'NONE',  ( -1.000000000000000000, 0.000000000000000000, -0.000000000000000000 ) ) ;
#489 = ADVANCED_FACE ( 'NONE', ( #1565 ), #2145, .F. ) ;
#490 = CARTESIAN_POINT ( 'NONE',  ( -0.01249999999999999722, -0.1049999999999997324, -0.01250000000000000069 ) ) ;
#491 = PLANE ( 'NONE',  #2286 ) ;
#492 = EDGE_CURVE ( 'NONE', #1556, #1845, #1548, .T. ) ;
#493 = LINE ( 'NONE', #1194, #457 ) ;
#494 = DIRECTION ( 'NONE',  ( 0.000000000000000000, 1.000000000000000000, 0.000000000000000000 ) ) ;
#495 = SHAPE_REPRESENTATION ( '705430002_Body_3', ( #1467 ), #362 ) ;
#496 = ORIENTED_EDGE ( 'NONE', *, *, #1297, .T. ) ;
#497 = LINE ( 'NONE', #219, #474 ) ;
#498 = LINE ( 'NONE', #2246, #1326 ) ;
#499 = CARTESIAN_POINT ( 'NONE',  ( 0.1100000000000000006, 0.3519999999999996465, -0.1600000000000000033 ) ) ;
#500 = PLANE ( 'NONE',  #1050 ) ;
#501 = CARTESIAN_POINT ( 'NONE',  ( -0.01249999999999999722, 0.01500000000000000291, 0.01250000000000000069 ) ) ;
#502 = VECTOR ( 'NONE', #395, 39.37007874015748854 ) ;
#503 = ADVANCED_FACE ( 'NONE', ( #809 ), #1823, .T. ) ;
#504 = FILL_AREA_STYLE ('',( #1668 ) ) ;
#505 = CARTESIAN_POINT ( 'NONE',  ( -0.2000000000000000111, 0.3150000000000000577, -0.1000000000000000056 ) ) ;
#506 = EDGE_CURVE ( 'NONE', #572, #753, #812, .T. ) ;
#507 = ORIENTED_EDGE ( 'NONE', *, *, #2154, .F. ) ;
#508 = FACE_OUTER_BOUND ( 'NONE', #785, .T. ) ;
#509 = LINE ( 'NONE', #2083, #2120 ) ;
#510 = CARTESIAN_POINT ( 'NONE',  ( -0.004499999999999994456, -0.1300000000000000044, 0.000000000000000000 ) ) ;
#511 = PRODUCT_DEFINITION ( 'UNKNOWN', '', #2022, #736 ) ;
#512 = CARTESIAN_POINT ( 'NONE',  ( -0.1474999999999999922, -1.521932845476526155E-18, -0.1000000000000000056 ) ) ;
#513 = ORIENTED_EDGE ( 'NONE', *, *, #45, .F. ) ;
#514 = EDGE_CURVE ( 'NONE', #578, #519, #864, .T. ) ;
#515 = CARTESIAN_POINT ( 'NONE',  ( -0.06000000000000003247, 0.1150000000000000050, -0.05999999999999999084 ) ) ;
#516 = DIRECTION ( 'NONE',  ( 0.000000000000000000, 0.000000000000000000, -1.000000000000000000 ) ) ;
#517 = FACE_OUTER_BOUND ( 'NONE', #1620, .T. ) ;
#518 = AXIS2_PLACEMENT_3D ( 'NONE', #173, #353, #975 ) ;
#519 = VERTEX_POINT ( 'NONE', #1414 ) ;
#520 = VECTOR ( 'NONE', #2444, 39.37007874015748143 ) ;
#521 = DIRECTION ( 'NONE',  ( 1.000000000000000000, 0.000000000000000000, -0.000000000000000000 ) ) ;
#522 = CARTESIAN_POINT ( 'NONE',  ( -0.1499999999999999944, 0.3150000000000000022, -0.1000000000000000056 ) ) ;
#523 = EDGE_LOOP ( 'NONE', ( #246, #813, #2385, #831, #876, #2089, #806, #1624 ) ) ;
#524 = AXIS2_PLACEMENT_3D ( 'NONE', #946, #1227, #703 ) ;
#525 = CARTESIAN_POINT ( 'NONE',  ( -0.1099999999999999867, 0.3150000000000000022, -0.1600000000000000033 ) ) ;
#526 = ADVANCED_FACE ( 'NONE', ( #1735 ), #611, .T. ) ;
#527 = CARTESIAN_POINT ( 'NONE',  ( 0.02500000000000001527, 0.1150000000000000050, 0.1000000000000000056 ) ) ;
#528 = CARTESIAN_POINT ( 'NONE',  ( -0.1474999999999999922, -1.521932845476526925E-18, -0.1380788655293195000 ) ) ;
#529 = DIRECTION ( 'NONE',  ( -0.000000000000000000, 1.000000000000000000, -0.000000000000000000 ) ) ;
#530 = ORIENTED_EDGE ( 'NONE', *, *, #649, .F. ) ;
#531 = FACE_OUTER_BOUND ( 'NONE', #452, .T. ) ;
#532 = CARTESIAN_POINT ( 'NONE',  ( -0.01249999999999999722, 0.01500000000000000291, -0.01250000000000000069 ) ) ;
#533 = ADVANCED_FACE ( 'NONE', ( #1725 ), #310, .F. ) ;
#534 = CARTESIAN_POINT ( 'NONE',  ( -0.01249999999999999722, -0.1300000000000000044, -0.01250000000000000069 ) ) ;
#535 = ORIENTED_EDGE ( 'NONE', *, *, #1349, .T. ) ;
#536 = VERTEX_POINT ( 'NONE', #1363 ) ;
#537 = DIRECTION ( 'NONE',  ( 0.2915362068315990873, -0.9110506463487559881, -0.2915362068315990873 ) ) ;
#538 = CARTESIAN_POINT ( 'NONE',  ( -0.1599999999999999756, 0.4450000000000001177, 0.06000000000000001166 ) ) ;
#539 = EDGE_CURVE ( 'NONE', #241, #133, #840, .T. ) ;
#540 = ORIENTED_EDGE ( 'NONE', *, *, #992, .T. ) ;
#541 = VERTEX_POINT ( 'NONE', #1875 ) ;
#542 = EDGE_CURVE ( 'NONE', #696, #845, #61, .T. ) ;
#543 = DIRECTION ( 'NONE',  ( 0.000000000000000000, -0.000000000000000000, 1.000000000000000000 ) ) ;
#544 = PLANE ( 'NONE',  #51 ) ;
#545 = VERTEX_POINT ( 'NONE', #177 ) ;
#546 = CARTESIAN_POINT ( 'NONE',  ( 0.05699999999999961348, 0.4049999999999999711, 0.1176972864800942681 ) ) ;
#547 = APPLICATION_CONTEXT ( 'automotive_design' ) ;
#548 = DIRECTION ( 'NONE',  ( 0.000000000000000000, 0.000000000000000000, 1.000000000000000000 ) ) ;
#549 = VERTEX_POINT ( 'NONE', #2262 ) ;
#550 = ADVANCED_FACE ( 'NONE', ( #49 ), #2051, .T. ) ;
#551 = AXIS2_PLACEMENT_3D ( 'NONE', #1228, #2094, #1207 ) ;
#552 = MANIFOLD_SOLID_BREP ( 'Boss-Extrude4', #2445 ) ;
#553 = VERTEX_POINT ( 'NONE', #357 ) ;
#554 = DIRECTION ( 'NONE',  ( 0.5773502691896269523, 0.5773502691896230665, -0.5773502691896269523 ) ) ;
#555 = VERTEX_POINT ( 'NONE', #1293 ) ;
#556 = ORIENTED_EDGE ( 'NONE', *, *, #2180, .T. ) ;
#557 = SURFACE_STYLE_FILL_AREA ( #1264 ) ;
#558 = ORIENTED_EDGE ( 'NONE', *, *, #1438, .F. ) ;
#559 = CARTESIAN_POINT ( 'NONE',  ( 0.004500000000000003129, -0.1300000000000000044, 0.004499999999999998793 ) ) ;
#560 = STYLED_ITEM ( 'NONE', ( #1718 ), #552 ) ;
#561 = CARTESIAN_POINT ( 'NONE',  ( 0.01250000000000000590, 0.3299999999999997380, 0.01250000000000000069 ) ) ;
#562 = SHAPE_DEFINITION_REPRESENTATION ( #1623, #731 ) ;
#563 = EDGE_LOOP ( 'NONE', ( #623, #1812, #2304, #144 ) ) ;
#564 = ORIENTED_EDGE ( 'NONE', *, *, #178, .T. ) ;
#565 = CARTESIAN_POINT ( 'NONE',  ( 0.2000000000000000111, -0.4322135954999580809, 0.1000000000000000056 ) ) ;
#566 = DIRECTION ( 'NONE',  ( -0.000000000000000000, -0.000000000000000000, -1.000000000000000000 ) ) ;
#567 = DIRECTION ( 'NONE',  ( -1.000000000000000000, 0.000000000000000000, 0.000000000000000000 ) ) ;
#568 = ORIENTED_EDGE ( 'NONE', *, *, #1811, .T. ) ;
#569 = DIRECTION ( 'NONE',  ( 1.000000000000000000, -0.000000000000000000, 0.000000000000000000 ) ) ;
#570 =( CONVERSION_BASED_UNIT ( 'INCH', #1501 ) LENGTH_UNIT ( ) NAMED_UNIT ( #607 ) );
#571 = PLANE ( 'NONE',  #854 ) ;
#572 = VERTEX_POINT ( 'NONE', #1892 ) ;
#573 = CARTESIAN_POINT ( 'NONE',  ( 0.2000000000000000111, -0.4322135954999580809, -0.1000000000000000056 ) ) ;
#574 = VERTEX_POINT ( 'NONE', #1157 ) ;
#575 = CARTESIAN_POINT ( 'NONE',  ( 0.01250000000000000590, -0.1049999999999997324, 0.01250000000000000069 ) ) ;
#576 = VERTEX_POINT ( 'NONE', #484 ) ;
#577 = CARTESIAN_POINT ( 'NONE',  ( 0.1525000000000000244, -2.134256245050205639E-18, 0.1000000000000000056 ) ) ;
#578 = VERTEX_POINT ( 'NONE', #525 ) ;
#579 = EDGE_CURVE ( 'NONE', #1912, #1549, #1720, .T. ) ;
#580 = DIRECTION ( 'NONE',  ( 0.000000000000000000, -0.000000000000000000, 1.000000000000000000 ) ) ;
#581 = AXIS2_PLACEMENT_3D ( 'NONE', #522, #1871, #1459 ) ;
#582 = EDGE_CURVE ( 'NONE', #1542, #974, #97, .T. ) ;
#583 = ORIENTED_EDGE ( 'NONE', *, *, #391, .F. ) ;
#584 = DIRECTION ( 'NONE',  ( 0.000000000000000000, 0.000000000000000000, -1.000000000000000000 ) ) ;
#585 = ORIENTED_EDGE ( 'NONE', *, *, #1046, .F. ) ;
#586 =( NAMED_UNIT ( * ) SI_UNIT ( $, .STERADIAN. ) SOLID_ANGLE_UNIT ( ) );
#587 = DIRECTION ( 'NONE',  ( 1.000000000000000000, 0.000000000000000000, 0.000000000000000000 ) ) ;
#588 = ORIENTED_EDGE ( 'NONE', *, *, #1528, .T. ) ;
#589 = ORIENTED_EDGE ( 'NONE', *, *, #1852, .T. ) ;
#590 = CARTESIAN_POINT ( 'NONE',  ( -0.2000000000000000111, 0.3150000000000000577, -0.1000000000000000056 ) ) ;
#591 = DIRECTION ( 'NONE',  ( 0.000000000000000000, 0.000000000000000000, -1.000000000000000000 ) ) ;
#592 = CARTESIAN_POINT ( 'NONE',  ( -0.004499999999999984915, 0.3550000000000000377, 0.01250000000000000069 ) ) ;
#593 = AXIS2_PLACEMENT_3D ( 'NONE', #956, #1141, #1666 ) ;
#594 = ORIENTED_EDGE ( 'NONE', *, *, #2400, .F. ) ;
#595 = VECTOR ( 'NONE', #529, 39.37007874015748143 ) ;
#596 = DIRECTION ( 'NONE',  ( 0.000000000000000000, 0.000000000000000000, 1.000000000000000000 ) ) ;
#597 = SHAPE_REPRESENTATION_RELATIONSHIP ( 'NONE' , 'NONE' ,  #731, #2161 ) ;
#598 = CARTESIAN_POINT ( 'NONE',  ( 0.000000000000000000, 0.1150000000000000050, 0.000000000000000000 ) ) ;
#599 = CARTESIAN_POINT ( 'NONE',  ( -0.01249999999999999722, -0.1300000000000000044, -0.01250000000000000069 ) ) ;
#600 = EDGE_LOOP ( 'NONE', ( #983, #1526, #1118, #2381 ) ) ;
#601 = EDGE_LOOP ( 'NONE', ( #1579, #585, #732, #52 ) ) ;
#602 = ORIENTED_EDGE ( 'NONE', *, *, #1708, .F. ) ;
#603 = CARTESIAN_POINT ( 'NONE',  ( -0.004117529880478079315, 0.3561952191235060461, 0.004117529880478083652 ) ) ;
#604 = VERTEX_POINT ( 'NONE', #207 ) ;
#605 = DIRECTION ( 'NONE',  ( 0.000000000000000000, -0.000000000000000000, 1.000000000000000000 ) ) ;
#606 = ORIENTED_EDGE ( 'NONE', *, *, #941, .F. ) ;
#607 = DIMENSIONAL_EXPONENTS ( 1.000000000000000000, 0.000000000000000000, 0.000000000000000000, 0.000000000000000000, 0.000000000000000000, 0.000000000000000000, 0.000000000000000000 ) ;
#608 = VERTEX_POINT ( 'NONE', #538 ) ;
#609 = SHAPE_DEFINITION_REPRESENTATION ( #320, #1778 ) ;
#610 = ORIENTED_EDGE ( 'NONE', *, *, #915, .F. ) ;
#611 = PLANE ( 'NONE',  #1619 ) ;
#612 = EDGE_CURVE ( 'NONE', #963, #1806, #875, .T. ) ;
#613 = VERTEX_POINT ( 'NONE', #905 ) ;
#614 = LINE ( 'NONE', #2043, #595 ) ;
#615 = ORIENTED_EDGE ( 'NONE', *, *, #41, .T. ) ;
#616 = CARTESIAN_POINT ( 'NONE',  ( 0.1499999999999999944, 0.3150000000000000022, -0.1600000000000000033 ) ) ;
#617 = ORIENTED_EDGE ( 'NONE', *, *, #1554, .F. ) ;
#618 = PLANE ( 'NONE',  #2241 ) ;
#619 = SHAPE_DEFINITION_REPRESENTATION ( #294, #495 ) ;
#620 = AXIS2_PLACEMENT_3D ( 'NONE', #1909, #2291, #412 ) ;
#621 = ORIENTED_EDGE ( 'NONE', *, *, #1325, .F. ) ;
#622 = ORIENTED_EDGE ( 'NONE', *, *, #380, .F. ) ;
#623 = ORIENTED_EDGE ( 'NONE', *, *, #418, .T. ) ;
#624 = PRODUCT_DEFINITION_SHAPE ( 'NONE', 'NONE',  #2461 ) ;
#625 = CARTESIAN_POINT ( 'NONE',  ( 0.1099999999999999867, 0.4450000000000001177, -0.1199999999999999956 ) ) ;
#626 = ORIENTED_EDGE ( 'NONE', *, *, #815, .F. ) ;
#627 = FILL_AREA_STYLE_COLOUR ( '', #1939 ) ;
#628 = DIRECTION ( 'NONE',  ( 0.000000000000000000, 0.000000000000000000, 1.000000000000000000 ) ) ;
#629 = ORIENTED_EDGE ( 'NONE', *, *, #1126, .F. ) ;
#630 = ORIENTED_EDGE ( 'NONE', *, *, #883, .F. ) ;
#631 = ORIENTED_EDGE ( 'NONE', *, *, #2125, .F. ) ;
#632 = LENGTH_MEASURE_WITH_UNIT ( LENGTH_MEASURE( 0.02539999999999999897 ), #1993 );
#633 = ORIENTED_EDGE ( 'NONE', *, *, #327, .T. ) ;
#634 = CARTESIAN_POINT ( 'NONE',  ( 0.05999999999999997696, 0.3150000000000000022, -0.07999999999999998779 ) ) ;
#635 = PLANE ( 'NONE',  #824 ) ;
#636 = DIRECTION ( 'NONE',  ( 0.7071067811865451302, -0.7071067811865499042, 0.000000000000000000 ) ) ;
#637 = ORIENTED_EDGE ( 'NONE', *, *, #2023, .F. ) ;
#638 = CARTESIAN_POINT ( 'NONE',  ( -0.1099999999999999867, 0.4450000000000000067, -0.05999999999999999084 ) ) ;
#639 = CARTESIAN_POINT ( 'NONE',  ( -0.1099999999999999867, 0.3519999999999996465, -0.1600000000000000033 ) ) ;
#640 = DIRECTION ( 'NONE',  ( 0.000000000000000000, -0.7071067811865499042, 0.7071067811865451302 ) ) ;
#641 = VECTOR ( 'NONE', #967, 39.37007874015748143 ) ;
#642 = ADVANCED_FACE ( 'NONE', ( #40 ), #1128, .T. ) ;
#643 = VECTOR ( 'NONE', #1715, 39.37007874015748143 ) ;
#644 = EDGE_CURVE ( 'NONE', #1671, #1781, #884, .T. ) ;
#645 = DIRECTION ( 'NONE',  ( 1.000000000000000000, 0.000000000000000000, 0.000000000000000000 ) ) ;
#646 = ORIENTED_EDGE ( 'NONE', *, *, #957, .T. ) ;
#647 = FACE_OUTER_BOUND ( 'NONE', #1571, .T. ) ;
#648 = PRESENTATION_STYLE_ASSIGNMENT (( #1061 ) ) ;
#649 = EDGE_CURVE ( 'NONE', #31, #2191, #16, .T. ) ;
#650 = DIRECTION ( 'NONE',  ( 0.000000000000000000, 0.000000000000000000, -1.000000000000000000 ) ) ;
#651 = DIRECTION ( 'NONE',  ( 0.7071067811865475727, -0.7071067811865474617, -0.000000000000000000 ) ) ;
#652 = ORIENTED_EDGE ( 'NONE', *, *, #739, .F. ) ;
#653 = VECTOR ( 'NONE', #537, 39.37007874015748854 ) ;
#654 = MECHANICAL_DESIGN_GEOMETRIC_PRESENTATION_REPRESENTATION (  '', ( #1067 ), #390 ) ;
#655 = EDGE_CURVE ( 'NONE', #549, #604, #1710, .T. ) ;
#656 = ORIENTED_EDGE ( 'NONE', *, *, #1126, .T. ) ;
#657 = CARTESIAN_POINT ( 'NONE',  ( 0.07500000000000002498, 0.1150000000000000050, 0.06000000000000001166 ) ) ;
#658 = VECTOR ( 'NONE', #1986, 39.37007874015748143 ) ;
#659 = EDGE_LOOP ( 'NONE', ( #2251, #1685, #1516, #14 ) ) ;
#660 = VECTOR ( 'NONE', #2330, 39.37007874015748143 ) ;
#661 = ADVANCED_FACE ( 'NONE', ( #881 ), #1696, .F. ) ;
#662 = LINE ( 'NONE', #1191, #653 ) ;
#663 = CARTESIAN_POINT ( 'NONE',  ( 0.1499999999999999944, 0.3150000000000000022, -0.1600000000000000033 ) ) ;
#664 = ORIENTED_EDGE ( 'NONE', *, *, #1524, .T. ) ;
#665 = UNCERTAINTY_MEASURE_WITH_UNIT (LENGTH_MEASURE( 1.000000000000000082E-05 ), #2038, 'distance_accuracy_value', 'NONE');
#666 = DIMENSIONAL_EXPONENTS ( 1.000000000000000000, 0.000000000000000000, 0.000000000000000000, 0.000000000000000000, 0.000000000000000000, 0.000000000000000000, 0.000000000000000000 ) ;
#667 = EDGE_LOOP ( 'NONE', ( #2375, #2407, #1614, #783, #1598, #1065, #1932, #1566 ) ) ;
#668 = ORIENTED_EDGE ( 'NONE', *, *, #1828, .T. ) ;
#669 = CARTESIAN_POINT ( 'NONE',  ( 0.1599999999999999756, 0.4649999999999999689, -0.1000000000000000056 ) ) ;
#670 = CARTESIAN_POINT ( 'NONE',  ( -0.01249999999999999722, -0.1300000000000000044, 0.01250000000000000069 ) ) ;
#671 = DIRECTION ( 'NONE',  ( 1.224646799147353947E-16, -1.000000000000000000, 0.000000000000000000 ) ) ;
#672 = VECTOR ( 'NONE', #2029, 39.37007874015748143 ) ;
#673 = ORIENTED_EDGE ( 'NONE', *, *, #1018, .F. ) ;
#674 = VERTEX_POINT ( 'NONE', #403 ) ;
#675 = EDGE_CURVE ( 'NONE', #1754, #126, #93, .T. ) ;
#676 = DIRECTION ( 'NONE',  ( -0.000000000000000000, 1.000000000000000000, -0.000000000000000000 ) ) ;
#677 = VECTOR ( 'NONE', #1946, 39.37007874015748143 ) ;
#678 = DIRECTION ( 'NONE',  ( 0.2425356250363332467, 0.9701425001453318764, 0.000000000000000000 ) ) ;
#679 = VERTEX_POINT ( 'NONE', #1813 ) ;
#680 = EDGE_CURVE ( 'NONE', #519, #1653, #931, .T. ) ;
#681 = CARTESIAN_POINT ( 'NONE',  ( 0.000000000000000000, -0.1300000000000000044, -0.004499999999999998793 ) ) ;
#682 = DIRECTION ( 'NONE',  ( 0.2915362068315990873, -0.9110506463487559881, 0.2915362068315990873 ) ) ;
#683 =( LENGTH_UNIT ( ) NAMED_UNIT ( * ) SI_UNIT ( $, .METRE. ) );
#684 = ORIENTED_EDGE ( 'NONE', *, *, #2358, .T. ) ;
#685 = AXIS2_PLACEMENT_3D ( 'NONE', #405, #640, #857 ) ;
#686 = EDGE_LOOP ( 'NONE', ( #1599, #1719, #1520, #2328 ) ) ;
#687 = ORIENTED_EDGE ( 'NONE', *, *, #644, .F. ) ;
#688 = CARTESIAN_POINT ( 'NONE',  ( -0.1599999999999999756, 0.4450000000000001177, 0.06000000000000001166 ) ) ;
#689 =( LENGTH_UNIT ( ) NAMED_UNIT ( * ) SI_UNIT ( $, .METRE. ) );
#690 = EDGE_LOOP ( 'NONE', ( #2319, #176, #1809, #1478, #978, #776, #1082, #1791, #2237, #684, #1519, #673, #1944, #1069, #2387, #564, #664, #615, #945, #1896, #794, #1610, #2264, #2334 ) ) ;
#691 = VERTEX_POINT ( 'NONE', #1192 ) ;
#692 = LINE ( 'NONE', #1861, #672 ) ;
#693 = LENGTH_MEASURE_WITH_UNIT ( LENGTH_MEASURE( 0.02539999999999999897 ), #689 );
#694 = CARTESIAN_POINT ( 'NONE',  ( -0.1674999999999999822, 0.01499999999999997169, -0.1380788655293195000 ) ) ;
#695 = VERTEX_POINT ( 'NONE', #1532 ) ;
#696 = VERTEX_POINT ( 'NONE', #1947 ) ;
#697 = CARTESIAN_POINT ( 'NONE',  ( 0.000000000000000000, 0.01499999999999999944, 0.000000000000000000 ) ) ;
#698 = ORIENTED_EDGE ( 'NONE', *, *, #300, .T. ) ;
#699 = LINE ( 'NONE', #1741, #2357 ) ;
#700 = EDGE_CURVE ( 'NONE', #2433, #2397, #920, .T. ) ;
#701 = ORIENTED_EDGE ( 'NONE', *, *, #1881, .F. ) ;
#702 = CARTESIAN_POINT ( 'NONE',  ( -0.06000000000000003247, 0.1150000000000000050, -0.1000000000000000056 ) ) ;
#703 = DIRECTION ( 'NONE',  ( -1.000000000000000000, 0.000000000000000000, 0.000000000000000000 ) ) ;
#704 = CARTESIAN_POINT ( 'NONE',  ( 0.000000000000000000, 0.000000000000000000, -0.09900000000000000466 ) ) ;
#705 = DIRECTION ( 'NONE',  ( -0.000000000000000000, 0.000000000000000000, 1.000000000000000000 ) ) ;
#706 = VECTOR ( 'NONE', #1024, 39.37007874015748854 ) ;
#707 = EDGE_CURVE ( 'NONE', #887, #549, #1649, .T. ) ;
#708 = ORIENTED_EDGE ( 'NONE', *, *, #1297, .F. ) ;
#709 = CARTESIAN_POINT ( 'NONE',  ( -0.1599999999999999756, 0.4450000000000001177, 0.06000000000000001166 ) ) ;
#710 = VECTOR ( 'NONE', #1880, 39.37007874015748143 ) ;
#711 = AXIS2_PLACEMENT_3D ( 'NONE', #2122, #2282, #60 ) ;
#712 = CARTESIAN_POINT ( 'NONE',  ( 0.1749999999999999889, 0.4049999999999999711, -0.09900000000000000466 ) ) ;
#713 = EDGE_CURVE ( 'NONE', #2191, #168, #1657, .T. ) ;
#714 = ORIENTED_EDGE ( 'NONE', *, *, #1803, .T. ) ;
#715 = VECTOR ( 'NONE', #37, 39.37007874015748143 ) ;
#716 = ORIENTED_EDGE ( 'NONE', *, *, #2074, .F. ) ;
#717 = DIRECTION ( 'NONE',  ( -0.000000000000000000, -0.000000000000000000, -1.000000000000000000 ) ) ;
#718 = VECTOR ( 'NONE', #2225, 39.37007874015748143 ) ;
#719 = ORIENTED_EDGE ( 'NONE', *, *, #1996, .T. ) ;
#720 = CARTESIAN_POINT ( 'NONE',  ( -0.01249999999999999722, -0.1049999999999997324, 0.01250000000000000069 ) ) ;
#721 = CARTESIAN_POINT ( 'NONE',  ( -0.1599999999999999756, 0.4450000000000001177, 0.06000000000000001166 ) ) ;
#722 =( LENGTH_UNIT ( ) NAMED_UNIT ( * ) SI_UNIT ( $, .METRE. ) );
#723 = DIRECTION ( 'NONE',  ( 0.000000000000000000, 0.000000000000000000, 1.000000000000000000 ) ) ;
#724 = LINE ( 'NONE', #1780, #1521 ) ;
#725 = ADVANCED_FACE ( 'NONE', ( #1753 ), #964, .F. ) ;
#726 = ORIENTED_EDGE ( 'NONE', *, *, #111, .T. ) ;
#727 = ORIENTED_EDGE ( 'NONE', *, *, #1641, .T. ) ;
#728 = DIRECTION ( 'NONE',  ( 0.5773502691896269523, -0.5773502691896230665, -0.5773502691896269523 ) ) ;
#729 = LINE ( 'NONE', #213, #805 ) ;
#730 = ORIENTED_EDGE ( 'NONE', *, *, #2, .F. ) ;
#731 = SHAPE_REPRESENTATION ( '705430001_Pins_Gold_Tin_2_705430001_Pins_Gold_Tin_2', ( #1467 ), #2446 ) ;
#732 = ORIENTED_EDGE ( 'NONE', *, *, #1468, .F. ) ;
#733 = VECTOR ( 'NONE', #1288, 39.37007874015748143 ) ;
#734 = CARTESIAN_POINT ( 'NONE',  ( -0.1599999999999999756, 0.1150000000000000050, -0.05999999999999999084 ) ) ;
#735 = ORIENTED_EDGE ( 'NONE', *, *, #1740, .T. ) ;
#736 = PRODUCT_DEFINITION_CONTEXT ( 'detailed design', #1955, 'design' ) ;
#737 = CARTESIAN_POINT ( 'NONE',  ( -0.1499999999999999944, 0.3150000000000000022, -0.1600000000000000033 ) ) ;
#738 = ORIENTED_EDGE ( 'NONE', *, *, #1648, .F. ) ;
#739 = EDGE_CURVE ( 'NONE', #1365, #1853, #175, .T. ) ;
#740 = VECTOR ( 'NONE', #382, 39.37007874015748143 ) ;
#741 = ORIENTED_EDGE ( 'NONE', *, *, #1831, .T. ) ;
#742 = ORIENTED_EDGE ( 'NONE', *, *, #2303, .T. ) ;
#743 = EDGE_CURVE ( 'NONE', #519, #1671, #1001, .T. ) ;
#744 = DIRECTION ( 'NONE',  ( 0.000000000000000000, 0.000000000000000000, 1.000000000000000000 ) ) ;
#745 = EDGE_LOOP ( 'NONE', ( #1647, #74, #568, #22 ) ) ;
#746 = CARTESIAN_POINT ( 'NONE',  ( 0.000000000000000000, 0.000000000000000000, 0.000000000000000000 ) ) ;
#747 = VECTOR ( 'NONE', #728, 39.37007874015748854 ) ;
#748 = ORIENTED_EDGE ( 'NONE', *, *, #430, .T. ) ;
#749 = ORIENTED_EDGE ( 'NONE', *, *, #1237, .T. ) ;
#750 = PRESENTATION_LAYER_ASSIGNMENT (  '', '', ( #230 ) ) ;
#751 = LINE ( 'NONE', #573, #1585 ) ;
#752 = CARTESIAN_POINT ( 'NONE',  ( -0.1099999999999999867, 0.3150000000000000022, -0.1000000000000000056 ) ) ;
#753 = VERTEX_POINT ( 'NONE', #58 ) ;
#754 = ORIENTED_EDGE ( 'NONE', *, *, #909, .F. ) ;
#755 = AXIS2_PLACEMENT_3D ( 'NONE', #799, #1308, #1930 ) ;
#756 = VECTOR ( 'NONE', #566, 39.37007874015748143 ) ;
#757 = CARTESIAN_POINT ( 'NONE',  ( 0.1099999999999999867, 0.4450000000000000067, -0.1199999999999999956 ) ) ;
#758 = ORIENTED_EDGE ( 'NONE', *, *, #1287, .T. ) ;
#759 = ADVANCED_FACE ( 'NONE', ( #1750 ), #618, .T. ) ;
#760 = FACE_OUTER_BOUND ( 'NONE', #48, .T. ) ;
#761 = ORIENTED_EDGE ( 'NONE', *, *, #986, .F. ) ;
#762 = VERTEX_POINT ( 'NONE', #417 ) ;
#763 = DIRECTION ( 'NONE',  ( 0.7071067811865475727, 0.7071067811865474617, 0.000000000000000000 ) ) ;
#764 = AXIS2_PLACEMENT_3D ( 'NONE', #321, #1625, #1832 ) ;
#765 = DIRECTION ( 'NONE',  ( 1.000000000000000000, -0.000000000000000000, 0.000000000000000000 ) ) ;
#766 = APPLICATION_PROTOCOL_DEFINITION ( 'draft international standard', 'automotive_design', 1998, #547 ) ;
#767 = LINE ( 'NONE', #1323, #777 ) ;
#768 = VERTEX_POINT ( 'NONE', #561 ) ;
#769 = ORIENTED_EDGE ( 'NONE', *, *, #542, .F. ) ;
#770 = ORIENTED_EDGE ( 'NONE', *, *, #992, .F. ) ;
#771 = CARTESIAN_POINT ( 'NONE',  ( 0.000000000000000000, 0.3150000000000000022, -0.07999999999999998779 ) ) ;
#772 = EDGE_CURVE ( 'NONE', #241, #930, #1830, .T. ) ;
#773 = DIRECTION ( 'NONE',  ( 0.000000000000000000, 0.000000000000000000, -1.000000000000000000 ) ) ;
#774 = CARTESIAN_POINT ( 'NONE',  ( 0.07500000000000002498, 0.4450000000000001177, 0.06000000000000001166 ) ) ;
#775 = ORIENTED_EDGE ( 'NONE', *, *, #1524, .F. ) ;
#776 = ORIENTED_EDGE ( 'NONE', *, *, #1600, .T. ) ;
#777 = VECTOR ( 'NONE', #2214, 39.37007874015748143 ) ;
#778 = ADVANCED_FACE ( 'NONE', ( #193 ), #1272, .F. ) ;
#779 = PLANE ( 'NONE',  #1448 ) ;
#780 = CARTESIAN_POINT ( 'NONE',  ( 0.1600000000000000311, 0.1150000000000000050, -0.05999999999999999084 ) ) ;
#781 = EDGE_CURVE ( 'NONE', #536, #886, #1785, .T. ) ;
#782 = ORIENTED_EDGE ( 'NONE', *, *, #2369, .F. ) ;
#783 = ORIENTED_EDGE ( 'NONE', *, *, #1881, .T. ) ;
#784 = ORIENTED_EDGE ( 'NONE', *, *, #1250, .T. ) ;
#785 = EDGE_LOOP ( 'NONE', ( #853, #470, #2398, #1547 ) ) ;
#786 = EDGE_CURVE ( 'NONE', #2397, #113, #1758, .T. ) ;
#787 = ORIENTED_EDGE ( 'NONE', *, *, #232, .T. ) ;
#788 = CARTESIAN_POINT ( 'NONE',  ( 0.000000000000000000, 0.3150000000000000022, 0.000000000000000000 ) ) ;
#789 = CARTESIAN_POINT ( 'NONE',  ( -0.1099999999999999867, 0.3150000000000000022, -0.07999999999999998779 ) ) ;
#790 = CARTESIAN_POINT ( 'NONE',  ( 0.05999999999999997696, 0.2949999999999999289, -0.05999999999999999084 ) ) ;
#791 = CARTESIAN_POINT ( 'NONE',  ( -0.2000000000000000111, 0.01499999999999997689, 0.1000000000000000056 ) ) ;
#792 = CARTESIAN_POINT ( 'NONE',  ( 0.09999999999999999167, 0.000000000000000000, 0.000000000000000000 ) ) ;
#793 = CARTESIAN_POINT ( 'NONE',  ( -0.1599999999999999756, 0.1150000000000000050, -0.05999999999999999084 ) ) ;
#794 = ORIENTED_EDGE ( 'NONE', *, *, #1951, .T. ) ;
#795 = STYLED_ITEM ( 'NONE', ( #2005 ), #1201 ) ;
#796 = ORIENTED_EDGE ( 'NONE', *, *, #2303, .F. ) ;
#797 = EDGE_CURVE ( 'NONE', #1618, #865, #1795, .T. ) ;
#798 = AXIS2_PLACEMENT_3D ( 'NONE', #1301, #2322, #393 ) ;
#799 = CARTESIAN_POINT ( 'NONE',  ( -0.1599999999999999756, 0.1150000000000000050, -0.05999999999999999084 ) ) ;
#800 = FACE_OUTER_BOUND ( 'NONE', #942, .T. ) ;
#801 = CARTESIAN_POINT ( 'NONE',  ( 0.07500000000000002498, 0.1150000000000000050, 0.1000000000000000056 ) ) ;
#802 = CARTESIAN_POINT ( 'NONE',  ( 0.2000000000000000111, 0.01499999999999997689, -0.1000000000000000472 ) ) ;
#803 = ORIENTED_EDGE ( 'NONE', *, *, #1463, .T. ) ;
#804 = ORIENTED_EDGE ( 'NONE', *, *, #79, .F. ) ;
#805 = VECTOR ( 'NONE', #351, 39.37007874015748143 ) ;
#806 = ORIENTED_EDGE ( 'NONE', *, *, #84, .T. ) ;
#807 = CARTESIAN_POINT ( 'NONE',  ( 0.02500000000000001527, 0.4649999999999999689, 0.08000000000000000167 ) ) ;
#808 = VERTEX_POINT ( 'NONE', #2386 ) ;
#809 = FACE_OUTER_BOUND ( 'NONE', #1007, .T. ) ;
#810 = ORIENTED_EDGE ( 'NONE', *, *, #1458, .T. ) ;
#811 = DIRECTION ( 'NONE',  ( -0.000000000000000000, -1.000000000000000000, -0.000000000000000000 ) ) ;
#812 = LINE ( 'NONE', #1052, #902 ) ;
#813 = ORIENTED_EDGE ( 'NONE', *, *, #713, .T. ) ;
#814 = CLOSED_SHELL ( 'NONE', ( #1167, #1486, #1320, #2079, #970, #1, #135, #2035, #1510, #1697 ) ) ;
#815 = EDGE_CURVE ( 'NONE', #30, #1542, #1764, .T. ) ;
#816 = DIRECTION ( 'NONE',  ( -1.000000000000000000, -0.000000000000000000, -0.000000000000000000 ) ) ;
#817 = CARTESIAN_POINT ( 'NONE',  ( -0.1525000000000000244, -2.134256245050205639E-18, 0.1000000000000000056 ) ) ;
#818 = DIRECTION ( 'NONE',  ( 0.000000000000000000, 0.000000000000000000, 1.000000000000000000 ) ) ;
#819 = ORIENTED_EDGE ( 'NONE', *, *, #1458, .F. ) ;
#820 = EDGE_CURVE ( 'NONE', #1556, #887, #170, .T. ) ;
#821 = VECTOR ( 'NONE', #279, 39.37007874015748143 ) ;
#822 = ORIENTED_EDGE ( 'NONE', *, *, #2148, .T. ) ;
#823 = DIRECTION ( 'NONE',  ( -0.000000000000000000, -0.000000000000000000, 1.000000000000000000 ) ) ;
#824 = AXIS2_PLACEMENT_3D ( 'NONE', #1187, #591, #1380 ) ;
#825 = EDGE_CURVE ( 'NONE', #30, #1722, #1005, .T. ) ;
#826 = VECTOR ( 'NONE', #676, 39.37007874015748143 ) ;
#827 = EDGE_LOOP ( 'NONE', ( #1652, #1672, #535, #1742 ) ) ;
#828 = ORIENTED_EDGE ( 'NONE', *, *, #2018, .F. ) ;
#829 = CARTESIAN_POINT ( 'NONE',  ( -0.1099999999999999867, 0.3150000000000000022, -0.05999999999999999084 ) ) ;
#830 = CARTESIAN_POINT ( 'NONE',  ( -0.004499999999999994456, -0.1300000000000000044, -0.004499999999999998793 ) ) ;
#831 = ORIENTED_EDGE ( 'NONE', *, *, #986, .T. ) ;
#832 = ORIENTED_EDGE ( 'NONE', *, *, #1097, .F. ) ;
#833 = FACE_OUTER_BOUND ( 'NONE', #2393, .T. ) ;
#834 = ORIENTED_EDGE ( 'NONE', *, *, #878, .T. ) ;
#835 = EDGE_LOOP ( 'NONE', ( #1703, #850, #36, #11 ) ) ;
#836 = VECTOR ( 'NONE', #1752, 39.37007874015748143 ) ;
#837 = ORIENTED_EDGE ( 'NONE', *, *, #820, .F. ) ;
#838 = DIRECTION ( 'NONE',  ( -0.000000000000000000, -0.000000000000000000, -1.000000000000000000 ) ) ;
#839 = VERTEX_POINT ( 'NONE', #1241 ) ;
#840 = LINE ( 'NONE', #734, #65 ) ;
#841 = ORIENTED_EDGE ( 'NONE', *, *, #1777, .T. ) ;
#842 = ORIENTED_EDGE ( 'NONE', *, *, #424, .T. ) ;
#843 = DIRECTION ( 'NONE',  ( 0.000000000000000000, -0.000000000000000000, -1.000000000000000000 ) ) ;
#844 = CARTESIAN_POINT ( 'NONE',  ( -0.2000000000000000111, 0.01499999999999997689, -0.1000000000000000056 ) ) ;
#845 = VERTEX_POINT ( 'NONE', #1693 ) ;
#846 = VECTOR ( 'NONE', #1367, 39.37007874015748854 ) ;
#847 = ORIENTED_EDGE ( 'NONE', *, *, #1972, .T. ) ;
#848 = VERTEX_POINT ( 'NONE', #2053 ) ;
#849 = VERTEX_POINT ( 'NONE', #1098 ) ;
#850 = ORIENTED_EDGE ( 'NONE', *, *, #1226, .T. ) ;
#851 = EDGE_CURVE ( 'NONE', #930, #839, #200, .T. ) ;
#852 = VECTOR ( 'NONE', #1551, 39.37007874015748143 ) ;
#853 = ORIENTED_EDGE ( 'NONE', *, *, #2100, .F. ) ;
#854 = AXIS2_PLACEMENT_3D ( 'NONE', #893, #1304, #2367 ) ;
#855 = DIRECTION ( 'NONE',  ( -0.000000000000000000, 0.000000000000000000, 1.000000000000000000 ) ) ;
#856 = EDGE_CURVE ( 'NONE', #2078, #613, #1819, .T. ) ;
#857 = DIRECTION ( 'NONE',  ( 1.000000000000000000, 0.000000000000000000, 0.000000000000000000 ) ) ;
#858 = VECTOR ( 'NONE', #2459, 39.37007874015748143 ) ;
#859 = ORIENTED_EDGE ( 'NONE', *, *, #1155, .F. ) ;
#860 = ORIENTED_EDGE ( 'NONE', *, *, #941, .T. ) ;
#861 = AXIS2_PLACEMENT_3D ( 'NONE', #147, #911, #1263 ) ;
#862 = DIRECTION ( 'NONE',  ( 0.000000000000000000, 0.000000000000000000, -1.000000000000000000 ) ) ;
#863 = ORIENTED_EDGE ( 'NONE', *, *, #228, .T. ) ;
#864 = LINE ( 'NONE', #2325, #923 ) ;
#865 = VERTEX_POINT ( 'NONE', #288 ) ;
#866 = AXIS2_PLACEMENT_3D ( 'NONE', #194, #1915, #1143 ) ;
#867 = ORIENTED_EDGE ( 'NONE', *, *, #506, .T. ) ;
#868 = LENGTH_MEASURE_WITH_UNIT ( LENGTH_MEASURE( 0.02539999999999999897 ), #2082 );
#869 = PLANE ( 'NONE',  #160 ) ;
#870 = CARTESIAN_POINT ( 'NONE',  ( 0.1099999999999999867, 0.3150000000000000022, -0.1600000000000000033 ) ) ;
#871 = EDGE_LOOP ( 'NONE', ( #95, #847, #1281, #1698 ) ) ;
#872 = DIRECTION ( 'NONE',  ( -0.000000000000000000, -0.000000000000000000, 1.000000000000000000 ) ) ;
#873 = ORIENTED_EDGE ( 'NONE', *, *, #1217, .T. ) ;
#874 = PLANE ( 'NONE',  #1259 ) ;
#875 = LINE ( 'NONE', #479, #56 ) ;
#876 = ORIENTED_EDGE ( 'NONE', *, *, #146, .F. ) ;
#877 = VERTEX_POINT ( 'NONE', #669 ) ;
#878 = EDGE_CURVE ( 'NONE', #269, #762, #112, .T. ) ;
#879 = DIRECTION ( 'NONE',  ( -0.000000000000000000, 0.7071067811865451302, 0.7071067811865499042 ) ) ;
#880 = PLANE ( 'NONE',  #1199 ) ;
#881 = FACE_OUTER_BOUND ( 'NONE', #1048, .T. ) ;
#882 = ORIENTED_EDGE ( 'NONE', *, *, #1402, .T. ) ;
#883 = EDGE_CURVE ( 'NONE', #2368, #23, #1815, .T. ) ;
#884 = LINE ( 'NONE', #325, #69 ) ;
#885 = DIRECTION ( 'NONE',  ( -0.000000000000000000, 1.000000000000000000, -0.000000000000000000 ) ) ;
#886 = VERTEX_POINT ( 'NONE', #1418 ) ;
#887 = VERTEX_POINT ( 'NONE', #1848 ) ;
#888 = ADVANCED_FACE ( 'NONE', ( #197 ), #163, .T. ) ;
#889 =( GEOMETRIC_REPRESENTATION_CONTEXT ( 3 ) GLOBAL_UNCERTAINTY_ASSIGNED_CONTEXT ( ( #1330 ) ) GLOBAL_UNIT_ASSIGNED_CONTEXT ( ( #1903, #234, #1820 ) ) REPRESENTATION_CONTEXT ( 'NONE', 'WORKASPACE' ) );
#890 = COLOUR_RGB ( '',0.7529411764705882248, 0.7529411764705882248, 0.7529411764705882248 ) ;
#891 = EDGE_CURVE ( 'NONE', #753, #1627, #142, .T. ) ;
#892 = ORIENTED_EDGE ( 'NONE', *, *, #327, .F. ) ;
#893 = CARTESIAN_POINT ( 'NONE',  ( 0.000000000000000000, 0.000000000000000000, -0.1000000000000000056 ) ) ;
#894 = PLANE ( 'NONE',  #999 ) ;
#895 = DIRECTION ( 'NONE',  ( 0.000000000000000000, 1.000000000000000000, 0.000000000000000000 ) ) ;
#896 = AXIS2_PLACEMENT_3D ( 'NONE', #2033, #2339, #2376 ) ;
#897 = VECTOR ( 'NONE', #2037, 39.37007874015748143 ) ;
#898 = ORIENTED_EDGE ( 'NONE', *, *, #424, .F. ) ;
#899 = CARTESIAN_POINT ( 'NONE',  ( -0.1599999999999999756, 0.1150000000000000050, -0.05999999999999999084 ) ) ;
#900 = ADVANCED_FACE ( 'NONE', ( #1774 ), #2321, .F. ) ;
#901 = PLANE ( 'NONE',  #764 ) ;
#902 = VECTOR ( 'NONE', #1352, 39.37007874015748143 ) ;
#903 = ORIENTED_EDGE ( 'NONE', *, *, #825, .T. ) ;
#904 =( GEOMETRIC_REPRESENTATION_CONTEXT ( 3 ) GLOBAL_UNCERTAINTY_ASSIGNED_CONTEXT ( ( #186 ) ) GLOBAL_UNIT_ASSIGNED_CONTEXT ( ( #2190, #2219, #1728 ) ) REPRESENTATION_CONTEXT ( 'NONE', 'WORKASPACE' ) );
#905 = CARTESIAN_POINT ( 'NONE',  ( -0.05699999999999962735, 0.4049999999999999711, -0.1200000000000000233 ) ) ;
#906 = DIRECTION ( 'NONE',  ( -0.000000000000000000, 1.000000000000000000, -0.000000000000000000 ) ) ;
#907 = ORIENTED_EDGE ( 'NONE', *, *, #141, .T. ) ;
#908 = ORIENTED_EDGE ( 'NONE', *, *, #772, .T. ) ;
#909 = EDGE_CURVE ( 'NONE', #2346, #1485, #1826, .T. ) ;
#910 = ORIENTED_EDGE ( 'NONE', *, *, #1247, .T. ) ;
#911 = DIRECTION ( 'NONE',  ( -0.7071067811865451302, -0.7071067811865499042, 0.000000000000000000 ) ) ;
#912 =( CONVERSION_BASED_UNIT ( 'INCH', #693 ) LENGTH_UNIT ( ) NAMED_UNIT ( #666 ) );
#913 = ADVANCED_FACE ( 'NONE', ( #107 ), #1160, .F. ) ;
#914 = ORIENTED_EDGE ( 'NONE', *, *, #1064, .F. ) ;
#915 = EDGE_CURVE ( 'NONE', #2342, #1299, #1799, .T. ) ;
#916 = VERTEX_POINT ( 'NONE', #1213 ) ;
#917 = CARTESIAN_POINT ( 'NONE',  ( 0.1100000000000000006, 0.3519999999999996465, 0.1176972864800942681 ) ) ;
#918 = ORIENTED_EDGE ( 'NONE', *, *, #1921, .T. ) ;
#919 = EDGE_CURVE ( 'NONE', #1419, #1429, #988, .T. ) ;
#920 = LINE ( 'NONE', #2331, #1745 ) ;
#921 = CARTESIAN_POINT ( 'NONE',  ( 0.01250000000000000590, -0.1300000000000000044, -0.01250000000000000069 ) ) ;
#922 = ORIENTED_EDGE ( 'NONE', *, *, #2154, .T. ) ;
#923 = VECTOR ( 'NONE', #816, 39.37007874015748143 ) ;
#924 = DIRECTION ( 'NONE',  ( -0.000000000000000000, -1.000000000000000000, -0.000000000000000000 ) ) ;
#925 = VERTEX_POINT ( 'NONE', #1923 ) ;
#926 = PLANE ( 'NONE',  #1033 ) ;
#927 = DIRECTION ( 'NONE',  ( 0.000000000000000000, -0.000000000000000000, 1.000000000000000000 ) ) ;
#928 = CARTESIAN_POINT ( 'NONE',  ( -0.06000000000000003247, -0.01149110640673522282, -0.1000000000000000056 ) ) ;
#929 = DIRECTION ( 'NONE',  ( 0.000000000000000000, 1.000000000000000000, 0.000000000000000000 ) ) ;
#930 = VERTEX_POINT ( 'NONE', #1937 ) ;
#931 = LINE ( 'NONE', #1017, #1737 ) ;
#932 = ORIENTED_EDGE ( 'NONE', *, *, #949, .T. ) ;
#933 = ADVANCED_FACE ( 'NONE', ( #101 ), #1335, .F. ) ;
#934 = VERTEX_POINT ( 'NONE', #1898 ) ;
#935 = PLANE ( 'NONE',  #1253 ) ;
#936 = LINE ( 'NONE', #1006, #971 ) ;
#937 = ORIENTED_EDGE ( 'NONE', *, *, #455, .F. ) ;
#938 = CARTESIAN_POINT ( 'NONE',  ( -0.1599999999999999756, 0.2949999999999999289, -0.05999999999999999084 ) ) ;
#939 = FACE_OUTER_BOUND ( 'NONE', #1474, .T. ) ;
#940 = ORIENTED_EDGE ( 'NONE', *, *, #2276, .F. ) ;
#941 = EDGE_CURVE ( 'NONE', #1853, #691, #943, .T. ) ;
#942 = EDGE_LOOP ( 'NONE', ( #1089, #1523, #2428, #1102, #1605, #738 ) ) ;
#943 = LINE ( 'NONE', #527, #1807 ) ;
#944 = DIRECTION ( 'NONE',  ( -0.2915362068315989763, 0.9110506463487559881, 0.2915362068315989763 ) ) ;
#945 = ORIENTED_EDGE ( 'NONE', *, *, #2074, .T. ) ;
#946 = CARTESIAN_POINT ( 'NONE',  ( -0.1099999999999999867, 0.4450000000000001177, -0.1199999999999999956 ) ) ;
#947 =( NAMED_UNIT ( * ) SI_UNIT ( $, .STERADIAN. ) SOLID_ANGLE_UNIT ( ) );
#948 = VERTEX_POINT ( 'NONE', #1487 ) ;
#949 = EDGE_CURVE ( 'NONE', #120, #536, #1032, .T. ) ;
#950 = VECTOR ( 'NONE', #38, 39.37007874015748143 ) ;
#951 = EDGE_LOOP ( 'NONE', ( #1658, #2258, #1408, #727 ) ) ;
#952 = PLANE ( 'NONE',  #2451 ) ;
#953 = EDGE_LOOP ( 'NONE', ( #143, #2274, #2423, #782 ) ) ;
#954 = AXIS2_PLACEMENT_3D ( 'NONE', #12, #521, #2090 ) ;
#955 = CARTESIAN_POINT ( 'NONE',  ( -0.1599999999999999756, 0.1150000000000000050, 0.06000000000000001166 ) ) ;
#956 = CARTESIAN_POINT ( 'NONE',  ( 0.01250000000000000590, 0.3550000000000000377, 0.01250000000000000069 ) ) ;
#957 = EDGE_CURVE ( 'NONE', #1429, #1294, #936, .T. ) ;
#958 = ORIENTED_EDGE ( 'NONE', *, *, #1561, .T. ) ;
#959 = ADVANCED_FACE ( 'NONE', ( #939 ), #1197, .T. ) ;
#960 = VECTOR ( 'NONE', #448, 39.37007874015748143 ) ;
#961 =( NAMED_UNIT ( * ) SI_UNIT ( $, .STERADIAN. ) SOLID_ANGLE_UNIT ( ) );
#962 = DIRECTION ( 'NONE',  ( -0.000000000000000000, -1.000000000000000000, -0.000000000000000000 ) ) ;
#963 = VERTEX_POINT ( 'NONE', #1766 ) ;
#964 = CYLINDRICAL_SURFACE ( 'NONE', #466, 0.05300000000000000544 ) ;
#965 = CARTESIAN_POINT ( 'NONE',  ( -0.01249999999999999722, 0.3550000000000000377, -0.01250000000000000069 ) ) ;
#966 = ORIENTED_EDGE ( 'NONE', *, *, #2441, .F. ) ;
#967 = DIRECTION ( 'NONE',  ( -0.000000000000000000, 1.000000000000000000, -0.000000000000000000 ) ) ;
#968 = CARTESIAN_POINT ( 'NONE',  ( -0.01037516600265607318, -0.1116401062416995660, -0.01037516600265608012 ) ) ;
#969 = SURFACE_SIDE_STYLE ('',( #2341 ) ) ;
#970 = ADVANCED_FACE ( 'NONE', ( #119 ), #874, .T. ) ;
#971 = VECTOR ( 'NONE', #2085, 39.37007874015748143 ) ;
#972 = ORIENTED_EDGE ( 'NONE', *, *, #1496, .F. ) ;
#973 = CARTESIAN_POINT ( 'NONE',  ( 0.1525000000000000244, -2.134256245050205639E-18, -0.1380788655293195000 ) ) ;
#974 = VERTEX_POINT ( 'NONE', #2333 ) ;
#975 = DIRECTION ( 'NONE',  ( 1.000000000000000000, 0.000000000000000000, 0.000000000000000000 ) ) ;
#976 = DIRECTION ( 'NONE',  ( -0.000000000000000000, -0.000000000000000000, 1.000000000000000000 ) ) ;
#977 = FACE_OUTER_BOUND ( 'NONE', #2267, .T. ) ;
#978 = ORIENTED_EDGE ( 'NONE', *, *, #172, .T. ) ;
#979 = DIRECTION ( 'NONE',  ( -0.000000000000000000, 0.3047757271037810356, -0.9524241471993251107 ) ) ;
#980 = PLANE ( 'NONE',  #711 ) ;
#981 = ORIENTED_EDGE ( 'NONE', *, *, #781, .F. ) ;
#982 = ADVANCED_FACE ( 'NONE', ( #977 ), #435, .F. ) ;
#983 = ORIENTED_EDGE ( 'NONE', *, *, #514, .F. ) ;
#984 = ORIENTED_EDGE ( 'NONE', *, *, #2310, .F. ) ;
#985 = DIRECTION ( 'NONE',  ( 0.000000000000000000, 0.000000000000000000, -1.000000000000000000 ) ) ;
#986 = EDGE_CURVE ( 'NONE', #604, #218, #145, .T. ) ;
#987 = CARTESIAN_POINT ( 'NONE',  ( 0.000000000000000000, 0.000000000000000000, 0.000000000000000000 ) ) ;
#988 = LINE ( 'NONE', #1504, #165 ) ;
#989 = ORIENTED_EDGE ( 'NONE', *, *, #2432, .F. ) ;
#990 = STYLED_ITEM ( 'NONE', ( #1457 ), #1278 ) ;
#991 = CARTESIAN_POINT ( 'NONE',  ( 0.1099999999999999867, 0.4450000000000001177, -0.1199999999999999956 ) ) ;
#992 = EDGE_CURVE ( 'NONE', #1765, #541, #1847, .T. ) ;
#993 = DIMENSIONAL_EXPONENTS ( 1.000000000000000000, 0.000000000000000000, 0.000000000000000000, 0.000000000000000000, 0.000000000000000000, 0.000000000000000000, 0.000000000000000000 ) ;
#994 = PLANE ( 'NONE',  #2178 ) ;
#995 = ORIENTED_EDGE ( 'NONE', *, *, #308, .T. ) ;
#996 = CARTESIAN_POINT ( 'NONE',  ( -0.1299999999999999767, 0.4649999999999999689, -0.1399999999999999856 ) ) ;
#997 = VECTOR ( 'NONE', #763, 39.37007874015748143 ) ;
#998 = EDGE_LOOP ( 'NONE', ( #903, #1590, #2268, #626 ) ) ;
#999 = AXIS2_PLACEMENT_3D ( 'NONE', #688, #1472, #2015 ) ;
#1000 = CARTESIAN_POINT ( 'NONE',  ( 0.000000000000000000, 0.3150000000000000022, 0.000000000000000000 ) ) ;
#1001 = LINE ( 'NONE', #259, #138 ) ;
#1002 = DIRECTION ( 'NONE',  ( -1.000000000000000000, -0.000000000000000000, -0.000000000000000000 ) ) ;
#1003 = ORIENTED_EDGE ( 'NONE', *, *, #1353, .T. ) ;
#1004 = VERTEX_POINT ( 'NONE', #108 ) ;
#1005 = LINE ( 'NONE', #720, #130 ) ;
#1006 = CARTESIAN_POINT ( 'NONE',  ( 0.1325000000000000344, 0.01499999999999997689, -0.1380788655293195000 ) ) ;
#1007 = EDGE_LOOP ( 'NONE', ( #1455, #2284, #1045, #1452 ) ) ;
#1008 = AXIS2_PLACEMENT_3D ( 'NONE', #663, #1239, #2344 ) ;
#1009 = DIRECTION ( 'NONE',  ( 0.000000000000000000, 0.000000000000000000, -1.000000000000000000 ) ) ;
#1010 = APPLICATION_PROTOCOL_DEFINITION ( 'draft international standard', 'automotive_design', 1998, #1955 ) ;
#1011 = VECTOR ( 'NONE', #1434, 39.37007874015748143 ) ;
#1012 = ORIENTED_EDGE ( 'NONE', *, *, #797, .T. ) ;
#1013 = CARTESIAN_POINT ( 'NONE',  ( -0.1599999999999999756, 0.4450000000000001177, 0.06000000000000001166 ) ) ;
#1014 = DIRECTION ( 'NONE',  ( -0.000000000000000000, -0.000000000000000000, -1.000000000000000000 ) ) ;
#1015 = VECTOR ( 'NONE', #127, 39.37007874015748143 ) ;
#1016 = VERTEX_POINT ( 'NONE', #1021 ) ;
#1017 = CARTESIAN_POINT ( 'NONE',  ( -0.1499999999999999944, 0.3150000000000000022, -0.1600000000000000033 ) ) ;
#1018 = EDGE_CURVE ( 'NONE', #1059, #1853, #1948, .T. ) ;
#1019 = VECTOR ( 'NONE', #2425, 39.37007874015748143 ) ;
#1020 = CARTESIAN_POINT ( 'NONE',  ( -0.1599999999999999756, 0.1150000000000000050, -0.05999999999999999084 ) ) ;
#1021 = CARTESIAN_POINT ( 'NONE',  ( 0.1749999999999998501, 0.4049999999999999711, -0.1000000000000000056 ) ) ;
#1022 = VECTOR ( 'NONE', #2224, 39.37007874015748143 ) ;
#1023 = EDGE_CURVE ( 'NONE', #2384, #150, #297, .T. ) ;
#1024 = DIRECTION ( 'NONE',  ( -0.5773502691896269523, -0.5773502691896230665, -0.5773502691896269523 ) ) ;
#1025 = PRODUCT_CONTEXT ( 'NONE', #2288, 'mechanical' ) ;
#1026 = AXIS2_PLACEMENT_3D ( 'NONE', #343, #140, #1894 ) ;
#1027 = VECTOR ( 'NONE', #1359, 39.37007874015748854 ) ;
#1028 = EDGE_CURVE ( 'NONE', #113, #1689, #258, .T. ) ;
#1029 = CARTESIAN_POINT ( 'NONE',  ( 0.000000000000000000, 0.01499999999999999944, 0.000000000000000000 ) ) ;
#1030 = DIRECTION ( 'NONE',  ( 0.7071067811865474617, -0.7071067811865475727, 0.000000000000000000 ) ) ;
#1031 = CARTESIAN_POINT ( 'NONE',  ( 0.1600000000000000311, 0.4450000000000001177, 0.06000000000000001166 ) ) ;
#1032 = LINE ( 'NONE', #406, #179 ) ;
#1033 = AXIS2_PLACEMENT_3D ( 'NONE', #1115, #1135, #1470 ) ;
#1034 = DIRECTION ( 'NONE',  ( -1.000000000000000000, 0.000000000000000000, 0.000000000000000000 ) ) ;
#1035 = DIRECTION ( 'NONE',  ( 0.000000000000000000, 1.000000000000000000, 0.000000000000000000 ) ) ;
#1036 = DIRECTION ( 'NONE',  ( 0.000000000000000000, 0.000000000000000000, -1.000000000000000000 ) ) ;
#1037 = CARTESIAN_POINT ( 'NONE',  ( 0.1749999999999999889, 0.4049999999999999711, -0.1000000000000000056 ) ) ;
#1038 = CARTESIAN_POINT ( 'NONE',  ( 0.004499999999999993588, 0.3550000000000000377, 0.000000000000000000 ) ) ;
#1039 = DIRECTION ( 'NONE',  ( 1.000000000000000000, 0.000000000000000000, 0.000000000000000000 ) ) ;
#1040 = LINE ( 'NONE', #1439, #1905 ) ;
#1041 = EDGE_CURVE ( 'NONE', #1062, #549, #1117, .T. ) ;
#1042 = FACE_OUTER_BOUND ( 'NONE', #227, .T. ) ;
#1043 = EDGE_CURVE ( 'NONE', #608, #1806, #268, .T. ) ;
#1044 = LINE ( 'NONE', #928, #1138 ) ;
#1045 = ORIENTED_EDGE ( 'NONE', *, *, #786, .T. ) ;
#1046 = EDGE_CURVE ( 'NONE', #974, #126, #1911, .T. ) ;
#1047 = VECTOR ( 'NONE', #1058, 39.37007874015748854 ) ;
#1048 = EDGE_LOOP ( 'NONE', ( #1588, #787, #2343, #819 ) ) ;
#1049 = AXIS2_PLACEMENT_3D ( 'NONE', #267, #765, #1804 ) ;
#1050 = AXIS2_PLACEMENT_3D ( 'NONE', #1801, #1390, #843 ) ;
#1051 = ORIENTED_EDGE ( 'NONE', *, *, #1916, .F. ) ;
#1052 = CARTESIAN_POINT ( 'NONE',  ( 0.1749999999999999889, 0.4049999999999999711, -0.09900000000000000466 ) ) ;
#1053 =( CONVERSION_BASED_UNIT ( 'INCH', #2041 ) LENGTH_UNIT ( ) NAMED_UNIT ( #2243 ) );
#1054 = VECTOR ( 'NONE', #81, 39.37007874015748143 ) ;
#1055 = ORIENTED_EDGE ( 'NONE', *, *, #250, .T. ) ;
#1056 = ADVANCED_FACE ( 'NONE', ( #204 ), #894, .F. ) ;
#1057 = CARTESIAN_POINT ( 'NONE',  ( -0.1299999999999999767, 0.4649999999999999689, -0.000000000000000000 ) ) ;
#1058 = DIRECTION ( 'NONE',  ( -0.000000000000000000, 0.7071067811865486830, -0.7071067811865462405 ) ) ;
#1059 = VERTEX_POINT ( 'NONE', #1862 ) ;
#1060 = CARTESIAN_POINT ( 'NONE',  ( 0.01250000000000000590, 0.3299999999999997380, -0.01250000000000000069 ) ) ;
#1061 = SURFACE_STYLE_USAGE ( .BOTH. , #969 ) ;
#1062 = VERTEX_POINT ( 'NONE', #515 ) ;
#1063 = VECTOR ( 'NONE', #1893, 39.37007874015748143 ) ;
#1064 = EDGE_CURVE ( 'NONE', #159, #762, #1895, .T. ) ;
#1065 = ORIENTED_EDGE ( 'NONE', *, *, #418, .F. ) ;
#1066 = DIRECTION ( 'NONE',  ( 0.000000000000000000, -0.000000000000000000, 1.000000000000000000 ) ) ;
#1067 = STYLED_ITEM ( 'NONE', ( #401 ), #2054 ) ;
#1068 = PLANE ( 'NONE',  #1659 ) ;
#1069 = ORIENTED_EDGE ( 'NONE', *, *, #358, .T. ) ;
#1070 = VECTOR ( 'NONE', #184, 39.37007874015748143 ) ;
#1071 = PLANE ( 'NONE',  #1158 ) ;
#1072 = ORIENTED_EDGE ( 'NONE', *, *, #1287, .F. ) ;
#1073 = DIRECTION ( 'NONE',  ( -1.000000000000000000, 0.000000000000000000, 0.000000000000000000 ) ) ;
#1074 = FACE_OUTER_BOUND ( 'NONE', #998, .T. ) ;
#1075 = ORIENTED_EDGE ( 'NONE', *, *, #1972, .F. ) ;
#1076 = FACE_OUTER_BOUND ( 'NONE', #264, .T. ) ;
#1077 = ORIENTED_EDGE ( 'NONE', *, *, #1212, .T. ) ;
#1078 = VECTOR ( 'NONE', #872, 39.37007874015748143 ) ;
#1079 = DIRECTION ( 'NONE',  ( 0.000000000000000000, 0.000000000000000000, 1.000000000000000000 ) ) ;
#1080 = DIRECTION ( 'NONE',  ( 0.7071067811865474617, -0.7071067811865474617, -0.000000000000000000 ) ) ;
#1081 = CARTESIAN_POINT ( 'NONE',  ( 0.2000000000000000111, 0.01499999999999997689, 0.1000000000000000056 ) ) ;
#1082 = ORIENTED_EDGE ( 'NONE', *, *, #209, .T. ) ;
#1083 = LINE ( 'NONE', #1361, #1137 ) ;
#1084 = LINE ( 'NONE', #546, #1054 ) ;
#1085 = DIRECTION ( 'NONE',  ( 0.000000000000000000, 0.000000000000000000, -1.000000000000000000 ) ) ;
#1086 = CARTESIAN_POINT ( 'NONE',  ( 0.07500000000000002498, 0.4649999999999999689, 0.1000000000000000056 ) ) ;
#1087 = LINE ( 'NONE', #1344, #1078 ) ;
#1088 = VECTOR ( 'NONE', #1454, 39.37007874015748143 ) ;
#1089 = ORIENTED_EDGE ( 'NONE', *, *, #253, .T. ) ;
#1090 = EDGE_CURVE ( 'NONE', #1542, #925, #1934, .T. ) ;
#1091 = LINE ( 'NONE', #1376, #247 ) ;
#1092 = CARTESIAN_POINT ( 'NONE',  ( 0.004117529880478087989, 0.3561952191235060461, 0.004117529880478083652 ) ) ;
#1093 = DIRECTION ( 'NONE',  ( -1.000000000000000000, 0.000000000000000000, 0.000000000000000000 ) ) ;
#1094 = VECTOR ( 'NONE', #2370, 39.37007874015748143 ) ;
#1095 = ORIENTED_EDGE ( 'NONE', *, *, #2067, .F. ) ;
#1096 = AXIS2_PLACEMENT_3D ( 'NONE', #2209, #979, #1280 ) ;
#1097 = EDGE_CURVE ( 'NONE', #1792, #674, #285, .T. ) ;
#1098 = CARTESIAN_POINT ( 'NONE',  ( -0.1099999999999999867, 0.3519999999999999796, -0.1199999999999999956 ) ) ;
#1099 = CARTESIAN_POINT ( 'NONE',  ( 0.1499999999999999944, 0.3150000000000000022, -0.1600000000000000033 ) ) ;
#1100 = PLANE ( 'NONE',  #2000 ) ;
#1101 = VECTOR ( 'NONE', #2226, 39.37007874015748143 ) ;
#1102 = ORIENTED_EDGE ( 'NONE', *, *, #1945, .F. ) ;
#1103 = LINE ( 'NONE', #1789, #1922 ) ;
#1104 = CARTESIAN_POINT ( 'NONE',  ( -0.004499999999999984915, 0.3550000000000000377, 0.000000000000000000 ) ) ;
#1105 = CARTESIAN_POINT ( 'NONE',  ( -0.2000000000000000111, 0.4649999999999999689, -0.1000000000000000056 ) ) ;
#1106 = CARTESIAN_POINT ( 'NONE',  ( -0.1599999999999999756, 0.2949999999999999289, -0.05999999999999999084 ) ) ;
#1107 = LINE ( 'NONE', #1540, #1928 ) ;
#1108 = ADVANCED_FACE ( 'NONE', ( #1042 ), #2388, .F. ) ;
#1109 = CARTESIAN_POINT ( 'NONE',  ( -0.1099999999999999867, 0.4450000000000001177, -0.1199999999999999956 ) ) ;
#1110 = VECTOR ( 'NONE', #129, 39.37007874015748854 ) ;
#1111 = PLANE ( 'NONE',  #283 ) ;
#1112 = DIRECTION ( 'NONE',  ( 1.000000000000000000, 0.000000000000000000, 0.000000000000000000 ) ) ;
#1113 = FACE_OUTER_BOUND ( 'NONE', #835, .T. ) ;
#1114 = CARTESIAN_POINT ( 'NONE',  ( 0.1599999999999999756, 0.4649999999999999689, -0.03191796067500632383 ) ) ;
#1115 = CARTESIAN_POINT ( 'NONE',  ( 0.1474999999999999922, -1.521932845476526925E-18, -0.1380788655293195000 ) ) ;
#1116 = CARTESIAN_POINT ( 'NONE',  ( 0.01250000000000000590, 0.3299999999999997380, 0.01250000000000000069 ) ) ;
#1117 = LINE ( 'NONE', #131, #1088 ) ;
#1118 = ORIENTED_EDGE ( 'NONE', *, *, #2044, .F. ) ;
#1119 = LINE ( 'NONE', #505, #1063 ) ;
#1120 = PRODUCT_DEFINITION_CONTEXT ( 'detailed design', #1393, 'design' ) ;
#1121 = EDGE_CURVE ( 'NONE', #1792, #2346, #1040, .T. ) ;
#1122 = VECTOR ( 'NONE', #2182, 39.37007874015748854 ) ;
#1123 = CARTESIAN_POINT ( 'NONE',  ( 0.000000000000000000, 0.01499999999999999944, 0.000000000000000000 ) ) ;
#1124 = DIRECTION ( 'NONE',  ( 0.9701425001453318764, -0.2425356250363332467, 0.000000000000000000 ) ) ;
#1125 = PRODUCT_RELATED_PRODUCT_CATEGORY ( 'part', '', ( #2430 ) ) ;
#1126 = EDGE_CURVE ( 'NONE', #1757, #2394, #210, .T. ) ;
#1127 = VECTOR ( 'NONE', #1230, 39.37007874015748143 ) ;
#1128 = PLANE ( 'NONE',  #1475 ) ;
#1129 = VECTOR ( 'NONE', #1927, 39.37007874015748143 ) ;
#1130 = AXIS2_PLACEMENT_3D ( 'NONE', #2266, #1173, #208 ) ;
#1131 = VECTOR ( 'NONE', #1902, 39.37007874015748143 ) ;
#1132 = EDGE_CURVE ( 'NONE', #1618, #1556, #1044, .T. ) ;
#1133 = ORIENTED_EDGE ( 'NONE', *, *, #172, .F. ) ;
#1134 = AXIS2_PLACEMENT_3D ( 'NONE', #1104, #1580, #1662 ) ;
#1135 = DIRECTION ( 'NONE',  ( -0.7071067811865475727, -0.7071067811865475727, 0.000000000000000000 ) ) ;
#1136 = ORIENTED_EDGE ( 'NONE', *, *, #2335, .T. ) ;
#1137 = VECTOR ( 'NONE', #281, 39.37007874015748854 ) ;
#1138 = VECTOR ( 'NONE', #1676, 39.37007874015748143 ) ;
#1139 = DIRECTION ( 'NONE',  ( 0.000000000000000000, -0.7071067811865463515, -0.7071067811865487940 ) ) ;
#1140 = ORIENTED_EDGE ( 'NONE', *, *, #1292, .F. ) ;
#1141 = DIRECTION ( 'NONE',  ( -1.000000000000000000, 0.000000000000000000, 0.000000000000000000 ) ) ;
#1142 = CARTESIAN_POINT ( 'NONE',  ( 0.1299999999999999767, 0.4649999999999999689, -0.07999999999999998779 ) ) ;
#1143 = DIRECTION ( 'NONE',  ( 0.7071067811865475727, -0.7071067811865474617, 0.000000000000000000 ) ) ;
#1144 = DIRECTION ( 'NONE',  ( -1.000000000000000000, -0.000000000000000000, -0.000000000000000000 ) ) ;
#1145 = LINE ( 'NONE', #694, #370 ) ;
#1146 = VECTOR ( 'NONE', #1014, 39.37007874015748143 ) ;
#1147 = CARTESIAN_POINT ( 'NONE',  ( 0.1474999999999999922, -1.521932845476526925E-18, -0.1380788655293195000 ) ) ;
#1148 = DIRECTION ( 'NONE',  ( 0.000000000000000000, 0.000000000000000000, 1.000000000000000000 ) ) ;
#1149 = ADVANCED_FACE ( 'NONE', ( #1943 ), #1582, .F. ) ;
#1150 = EDGE_CURVE ( 'NONE', #2078, #1549, #1084, .T. ) ;
#1151 = VECTOR ( 'NONE', #2076, 39.37007874015748143 ) ;
#1152 = VECTOR ( 'NONE', #1245, 39.37007874015748143 ) ;
#1153 = DIRECTION ( 'NONE',  ( 0.000000000000000000, 0.000000000000000000, -1.000000000000000000 ) ) ;
#1154 = CARTESIAN_POINT ( 'NONE',  ( 0.1100000000000000006, 0.3519999999999996465, -0.1200000000000000233 ) ) ;
#1155 = EDGE_CURVE ( 'NONE', #1627, #2384, #1103, .T. ) ;
#1156 = DIRECTION ( 'NONE',  ( 0.000000000000000000, 0.000000000000000000, 1.000000000000000000 ) ) ;
#1157 = CARTESIAN_POINT ( 'NONE',  ( 0.01250000000000000590, -0.1049999999999997324, -0.01250000000000000069 ) ) ;
#1158 = AXIS2_PLACEMENT_3D ( 'NONE', #899, #1085, #1375 ) ;
#1159 = FACE_OUTER_BOUND ( 'NONE', #25, .T. ) ;
#1160 = PLANE ( 'NONE',  #1572 ) ;
#1161 = DIRECTION ( 'NONE',  ( -1.000000000000000000, 0.000000000000000000, 0.000000000000000000 ) ) ;
#1162 = CARTESIAN_POINT ( 'NONE',  ( -0.01249999999999999722, 0.3550000000000000377, -0.004499999999999989252 ) ) ;
#1163 =( CONVERSION_BASED_UNIT ( 'INCH', #1977 ) LENGTH_UNIT ( ) NAMED_UNIT ( #206 ) );
#1164 = APPLICATION_PROTOCOL_DEFINITION ( 'draft international standard', 'automotive_design', 1998, #2288 ) ;
#1165 = DIRECTION ( 'NONE',  ( -0.9701425001453318764, -0.2425356250363332467, 0.000000000000000000 ) ) ;
#1166 = LINE ( 'NONE', #33, #1209 ) ;
#1167 = ADVANCED_FACE ( 'NONE', ( #1936 ), #2101, .T. ) ;
#1168 = FACE_OUTER_BOUND ( 'NONE', #2212, .T. ) ;
#1169 = FACE_OUTER_BOUND ( 'NONE', #667, .T. ) ;
#1170 = CARTESIAN_POINT ( 'NONE',  ( -0.01249999999999999722, -0.1049999999999997324, 0.01250000000000000069 ) ) ;
#1171 = DIRECTION ( 'NONE',  ( -0.000000000000000000, -0.000000000000000000, -1.000000000000000000 ) ) ;
#1172 = LINE ( 'NONE', #154, #1221 ) ;
#1173 = DIRECTION ( 'NONE',  ( 0.000000000000000000, -0.7071067811865499042, 0.7071067811865451302 ) ) ;
#1174 = VECTOR ( 'NONE', #650, 39.37007874015748143 ) ;
#1175 = LINE ( 'NONE', #136, #323 ) ;
#1176 = CARTESIAN_POINT ( 'NONE',  ( 0.1525000000000000244, -2.134256245050205639E-18, -0.1000000000000000056 ) ) ;
#1177 = CARTESIAN_POINT ( 'NONE',  ( -0.2000000000000000111, 0.01499999999999997689, 0.1000000000000000056 ) ) ;
#1178 = EDGE_CURVE ( 'NONE', #1368, #572, #1107, .T. ) ;
#1179 = CARTESIAN_POINT ( 'NONE',  ( 0.1749999999999999889, 0.4049999999999999711, -0.09900000000000000466 ) ) ;
#1180 =( REPRESENTATION_RELATIONSHIP ('NONE','NONE', #1778, #495 ) REPRESENTATION_RELATIONSHIP_WITH_TRANSFORMATION ( #1383 )SHAPE_REPRESENTATION_RELATIONSHIP( ) );
#1181 = VECTOR ( 'NONE', #2377, 39.37007874015748143 ) ;
#1182 = PLANE ( 'NONE',  #1833 ) ;
#1183 = FACE_OUTER_BOUND ( 'NONE', #2031, .T. ) ;
#1184 = AXIS2_PLACEMENT_3D ( 'NONE', #2293, #2107, #55 ) ;
#1185 = VECTOR ( 'NONE', #1835, 39.37007874015748854 ) ;
#1186 = PLANE ( 'NONE',  #2072 ) ;
#1187 = CARTESIAN_POINT ( 'NONE',  ( -0.1499999999999999944, 0.3150000000000000022, -0.1600000000000000033 ) ) ;
#1188 = CARTESIAN_POINT ( 'NONE',  ( -0.1799999999999999656, 0.4649999999999999689, -0.07999999999999998779 ) ) ;
#1189 = AXIS2_PLACEMENT_3D ( 'NONE', #1827, #2001, #330 ) ;
#1190 = LINE ( 'NONE', #440, #1205 ) ;
#1191 = CARTESIAN_POINT ( 'NONE',  ( 0.004117529880478087989, 0.3561952191235060461, -0.004117529880478083652 ) ) ;
#1192 = CARTESIAN_POINT ( 'NONE',  ( 0.02500000000000001527, 0.1150000000000000050, 0.1000000000000000056 ) ) ;
#1193 = LINE ( 'NONE', #1493, #368 ) ;
#1194 = CARTESIAN_POINT ( 'NONE',  ( 0.07500000000000002498, 0.1150000000000000050, 0.06000000000000001166 ) ) ;
#1195 = LINE ( 'NONE', #634, #2010 ) ;
#1196 = VECTOR ( 'NONE', #1723, 39.37007874015748143 ) ;
#1197 = PLANE ( 'NONE',  #1787 ) ;
#1198 = CARTESIAN_POINT ( 'NONE',  ( 0.1099999999999999867, 0.3150000000000000022, -0.1199999999999999956 ) ) ;
#1199 = AXIS2_PLACEMENT_3D ( 'NONE', #1981, #2158, #1563 ) ;
#1200 = APPLICATION_CONTEXT ( 'automotive_design' ) ;
#1201 = MANIFOLD_SOLID_BREP ( 'Chamfer2', #2194 ) ;
#1202 = FACE_OUTER_BOUND ( 'NONE', #2269, .T. ) ;
#1203 = FACE_OUTER_BOUND ( 'NONE', #1743, .T. ) ;
#1204 = CARTESIAN_POINT ( 'NONE',  ( 0.1749999999999999889, 0.4049999999999999711, -0.1000000000000000056 ) ) ;
#1205 = VECTOR ( 'NONE', #1817, 39.37007874015748143 ) ;
#1206 = CARTESIAN_POINT ( 'NONE',  ( 0.1899999999999999745, 0.4649999999999999689, -0.09900000000000000466 ) ) ;
#1207 = DIRECTION ( 'NONE',  ( -1.000000000000000000, 0.000000000000000000, 0.000000000000000000 ) ) ;
#1208 = EDGE_CURVE ( 'NONE', #1485, #1757, #1218, .T. ) ;
#1209 = VECTOR ( 'NONE', #2277, 39.37007874015748854 ) ;
#1210 = LINE ( 'NONE', #1702, #314 ) ;
#1211 = LINE ( 'NONE', #2355, #313 ) ;
#1212 = EDGE_CURVE ( 'NONE', #1004, #35, #367, .T. ) ;
#1213 = CARTESIAN_POINT ( 'NONE',  ( 0.1899999999999999745, 0.4649999999999999689, -0.1000000000000000056 ) ) ;
#1214 = DIRECTION ( 'NONE',  ( 1.000000000000000000, 0.000000000000000000, -0.000000000000000000 ) ) ;
#1215 = LINE ( 'NONE', #2203, #344 ) ;
#1216 =( GEOMETRIC_REPRESENTATION_CONTEXT ( 3 ) GLOBAL_UNCERTAINTY_ASSIGNED_CONTEXT ( ( #2144 ) ) GLOBAL_UNIT_ASSIGNED_CONTEXT ( ( #47, #1303, #1489 ) ) REPRESENTATION_CONTEXT ( 'NONE', 'WORKASPACE' ) );
#1217 = EDGE_CURVE ( 'NONE', #90, #848, #1958, .T. ) ;
#1218 = LINE ( 'NONE', #844, #2014 ) ;
#1219 = LINE ( 'NONE', #369, #309 ) ;
#1220 = DIRECTION ( 'NONE',  ( 0.000000000000000000, 1.000000000000000000, 0.000000000000000000 ) ) ;
#1221 = VECTOR ( 'NONE', #1855, 39.37007874015748143 ) ;
#1222 = VECTOR ( 'NONE', #2437, 39.37007874015748143 ) ;
#1223 = PLANE ( 'NONE',  #2250 ) ;
#1224 = DIRECTION ( 'NONE',  ( 0.000000000000000000, 0.000000000000000000, 1.000000000000000000 ) ) ;
#1225 = PLANE ( 'NONE',  #1234 ) ;
#1226 = EDGE_CURVE ( 'NONE', #768, #2342, #342, .T. ) ;
#1227 = DIRECTION ( 'NONE',  ( -0.000000000000000000, -0.7071067811865496822, -0.7071067811865454633 ) ) ;
#1228 = CARTESIAN_POINT ( 'NONE',  ( -0.05700000000000000205, 0.3519999999999999796, 0.1176972864800942681 ) ) ;
#1229 = FACE_OUTER_BOUND ( 'NONE', #953, .T. ) ;
#1230 = DIRECTION ( 'NONE',  ( -0.000000000000000000, 0.000000000000000000, 1.000000000000000000 ) ) ;
#1231 = EDGE_CURVE ( 'NONE', #1816, #545, #1973, .T. ) ;
#1232 = SURFACE_STYLE_FILL_AREA ( #1269 ) ;
#1233 = ADVANCED_FACE ( 'NONE', ( #359 ), #1277, .F. ) ;
#1234 = AXIS2_PLACEMENT_3D ( 'NONE', #1569, #413, #255 ) ;
#1235 = CARTESIAN_POINT ( 'NONE',  ( 0.000000000000000000, 0.4649999999999999689, -0.1399999999999999856 ) ) ;
#1236 = PRODUCT_CONTEXT ( 'NONE', #1200, 'mechanical' ) ;
#1237 = EDGE_CURVE ( 'NONE', #1497, #2111, #1145, .T. ) ;
#1238 = FACE_OUTER_BOUND ( 'NONE', #2454, .T. ) ;
#1239 = DIRECTION ( 'NONE',  ( 1.000000000000000000, 0.000000000000000000, 0.000000000000000000 ) ) ;
#1240 = DIRECTION ( 'NONE',  ( -0.2425356250363332467, -0.9701425001453318764, -0.000000000000000000 ) ) ;
#1241 = CARTESIAN_POINT ( 'NONE',  ( 0.1099999999999999867, 0.4450000000000000067, -0.05999999999999999084 ) ) ;
#1242 = CIRCLE ( 'NONE', #2046, 0.05300000000000000544 ) ;
#1243 = CARTESIAN_POINT ( 'NONE',  ( 0.004499999999999993588, 0.3550000000000000377, -0.004499999999999989252 ) ) ;
#1244 = DIRECTION ( 'NONE',  ( 0.000000000000000000, 0.000000000000000000, -1.000000000000000000 ) ) ;
#1245 = DIRECTION ( 'NONE',  ( -1.000000000000000000, 0.000000000000000000, 0.000000000000000000 ) ) ;
#1246 = DIRECTION ( 'NONE',  ( 0.000000000000000000, 1.000000000000000000, 0.000000000000000000 ) ) ;
#1247 = EDGE_CURVE ( 'NONE', #572, #150, #1190, .T. ) ;
#1248 = VECTOR ( 'NONE', #1290, 39.37007874015748143 ) ;
#1249 = FACE_OUTER_BOUND ( 'NONE', #601, .T. ) ;
#1250 = EDGE_CURVE ( 'NONE', #574, #925, #1994, .T. ) ;
#1251 = CARTESIAN_POINT ( 'NONE',  ( 0.1600000000000000311, 0.4450000000000001177, 0.06000000000000001166 ) ) ;
#1252 = LINE ( 'NONE', #1589, #2081 ) ;
#1253 = AXIS2_PLACEMENT_3D ( 'NONE', #2215, #203, #2034 ) ;
#1254 = DIRECTION ( 'NONE',  ( -0.000000000000000000, 0.000000000000000000, -1.000000000000000000 ) ) ;
#1255 = DIRECTION ( 'NONE',  ( 0.000000000000000000, -0.000000000000000000, 1.000000000000000000 ) ) ;
#1256 = EDGE_CURVE ( 'NONE', #1059, #1435, #374, .T. ) ;
#1257 = CARTESIAN_POINT ( 'NONE',  ( 0.000000000000000000, 0.01499999999999999944, 0.000000000000000000 ) ) ;
#1258 = VECTOR ( 'NONE', #1339, 39.37007874015748854 ) ;
#1259 = AXIS2_PLACEMENT_3D ( 'NONE', #2139, #2003, #263 ) ;
#1260 = PLANE ( 'NONE',  #20 ) ;
#1261 = ORIENTED_EDGE ( 'NONE', *, *, #1713, .F. ) ;
#1262 = DIRECTION ( 'NONE',  ( -0.000000000000000000, 1.000000000000000000, -0.000000000000000000 ) ) ;
#1263 = DIRECTION ( 'NONE',  ( 0.000000000000000000, 0.000000000000000000, 1.000000000000000000 ) ) ;
#1264 = FILL_AREA_STYLE ('',( #2168 ) ) ;
#1265 = PLANE ( 'NONE',  #1134 ) ;
#1266 = DIRECTION ( 'NONE',  ( 0.000000000000000000, 1.000000000000000000, 0.000000000000000000 ) ) ;
#1267 = DIRECTION ( 'NONE',  ( -1.000000000000000000, -0.000000000000000000, -0.000000000000000000 ) ) ;
#1268 = EDGE_CURVE ( 'NONE', #117, #916, #2019, .T. ) ;
#1269 = FILL_AREA_STYLE ('',( #2025 ) ) ;
#1270 = LINE ( 'NONE', #817, #432 ) ;
#1271 = MECHANICAL_DESIGN_GEOMETRIC_PRESENTATION_REPRESENTATION (  '', ( #2275 ), #1377 ) ;
#1272 = PLANE ( 'NONE',  #151 ) ;
#1273 = CARTESIAN_POINT ( 'NONE',  ( 0.004499999999999993588, 0.3550000000000000377, -0.01250000000000000069 ) ) ;
#1274 = PLANE ( 'NONE',  #2103 ) ;
#1275 = ADVANCED_FACE ( 'NONE', ( #1966 ), #1260, .F. ) ;
#1276 = AXIS2_PLACEMENT_3D ( 'NONE', #1546, #121, #465 ) ;
#1277 = PLANE ( 'NONE',  #257 ) ;
#1278 = ADVANCED_BREP_SHAPE_REPRESENTATION ( '', ( #2054, #552, #1467 ), #362 ) ;
#1279 = ORIENTED_EDGE ( 'NONE', *, *, #1648, .T. ) ;
#1280 = DIRECTION ( 'NONE',  ( 1.000000000000000000, 0.000000000000000000, -0.000000000000000000 ) ) ;
#1281 = ORIENTED_EDGE ( 'NONE', *, *, #1097, .T. ) ;
#1282 = LINE ( 'NONE', #1690, #2167 ) ;
#1283 = DIRECTION ( 'NONE',  ( 0.000000000000000000, 0.000000000000000000, 1.000000000000000000 ) ) ;
#1284 = DIRECTION ( 'NONE',  ( -0.000000000000000000, -0.000000000000000000, 1.000000000000000000 ) ) ;
#1285 = ORIENTED_EDGE ( 'NONE', *, *, #41, .F. ) ;
#1286 = LINE ( 'NONE', #1116, #1291 ) ;
#1287 = EDGE_CURVE ( 'NONE', #691, #1630, #1210, .T. ) ;
#1288 = DIRECTION ( 'NONE',  ( 0.000000000000000000, 0.000000000000000000, 1.000000000000000000 ) ) ;
#1289 = ADVANCED_FACE ( 'NONE', ( #1203 ), #994, .T. ) ;
#1290 = DIRECTION ( 'NONE',  ( 1.000000000000000000, 0.000000000000000000, 0.000000000000000000 ) ) ;
#1291 = VECTOR ( 'NONE', #1255, 39.37007874015748143 ) ;
#1292 = EDGE_CURVE ( 'NONE', #1583, #241, #338, .T. ) ;
#1293 = CARTESIAN_POINT ( 'NONE',  ( 0.1099999999999999867, 0.2949999999999999289, -0.05999999999999999084 ) ) ;
#1294 = VERTEX_POINT ( 'NONE', #1354 ) ;
#1295 = CARTESIAN_POINT ( 'NONE',  ( -0.1599999999999999756, 0.4450000000000001177, -0.05999999999999999084 ) ) ;
#1296 = VECTOR ( 'NONE', #106, 39.37007874015748143 ) ;
#1297 = EDGE_CURVE ( 'NONE', #1062, #1618, #329, .T. ) ;
#1298 = ADVANCED_FACE ( 'NONE', ( #318 ), #238, .F. ) ;
#1299 = VERTEX_POINT ( 'NONE', #2255 ) ;
#1300 = LINE ( 'NONE', #196, #445 ) ;
#1301 = CARTESIAN_POINT ( 'NONE',  ( 0.000000000000000000, 0.000000000000000000, -0.09900000000000000466 ) ) ;
#1302 = DIRECTION ( 'NONE',  ( -0.2425356250363332467, -0.9701425001453318764, -0.000000000000000000 ) ) ;
#1303 =( NAMED_UNIT ( * ) PLANE_ANGLE_UNIT ( ) SI_UNIT ( $, .RADIAN. ) );
#1304 = DIRECTION ( 'NONE',  ( 0.000000000000000000, -0.000000000000000000, 1.000000000000000000 ) ) ;
#1305 = ORIENTED_EDGE ( 'NONE', *, *, #1828, .F. ) ;
#1306 = LINE ( 'NONE', #1406, #2130 ) ;
#1307 = FACE_OUTER_BOUND ( 'NONE', #2413, .T. ) ;
#1308 = DIRECTION ( 'NONE',  ( 0.000000000000000000, 0.000000000000000000, -1.000000000000000000 ) ) ;
#1309 = CARTESIAN_POINT ( 'NONE',  ( 0.1474999999999999922, -1.521932845476526155E-18, -0.1000000000000000056 ) ) ;
#1310 = ORIENTED_EDGE ( 'NONE', *, *, #2197, .F. ) ;
#1311 = LINE ( 'NONE', #1273, #1296 ) ;
#1312 = ADVANCED_FACE ( 'NONE', ( #1169 ), #190, .F. ) ;
#1313 = CARTESIAN_POINT ( 'NONE',  ( -0.2000000000000000111, 0.01499999999999997689, -0.1000000000000000056 ) ) ;
#1314 = ORIENTED_EDGE ( 'NONE', *, *, #506, .F. ) ;
#1315 = LINE ( 'NONE', #1716, #2141 ) ;
#1316 = VECTOR ( 'NONE', #906, 39.37007874015748143 ) ;
#1317 = VECTOR ( 'NONE', #1421, 39.37007874015748143 ) ;
#1318 = CARTESIAN_POINT ( 'NONE',  ( 0.07500000000000002498, 0.1150000000000000050, 0.06000000000000001166 ) ) ;
#1319 = APPLICATION_PROTOCOL_DEFINITION ( 'draft international standard', 'automotive_design', 1998, #1200 ) ;
#1320 = ADVANCED_FACE ( 'NONE', ( #355 ), #1186, .T. ) ;
#1321 = EDGE_CURVE ( 'NONE', #215, #768, #1982, .T. ) ;
#1322 = FACE_OUTER_BOUND ( 'NONE', #2260, .T. ) ;
#1323 = CARTESIAN_POINT ( 'NONE',  ( 0.01250000000000000590, 0.1150000000000000050, 0.01250000000000000069 ) ) ;
#1324 = ORIENTED_EDGE ( 'NONE', *, *, #891, .T. ) ;
#1325 = EDGE_CURVE ( 'NONE', #1368, #2384, #1988, .T. ) ;
#1326 = VECTOR ( 'NONE', #985, 39.37007874015748143 ) ;
#1327 = DIRECTION ( 'NONE',  ( -0.000000000000000000, 0.3047757271037809801, -0.9524241471993251107 ) ) ;
#1328 = CARTESIAN_POINT ( 'NONE',  ( -0.06000000000000003247, 0.3150000000000000022, -0.07999999999999998779 ) ) ;
#1329 = EDGE_CURVE ( 'NONE', #848, #1772, #1985, .T. ) ;
#1330 = UNCERTAINTY_MEASURE_WITH_UNIT (LENGTH_MEASURE( 1.000000000000000082E-05 ), #1903, 'distance_accuracy_value', 'NONE');
#1331 = VECTOR ( 'NONE', #567, 39.37007874015748143 ) ;
#1332 = AXIS2_PLACEMENT_3D ( 'NONE', #229, #75, #2295 ) ;
#1333 = ORIENTED_EDGE ( 'NONE', *, *, #111, .F. ) ;
#1334 = LINE ( 'NONE', #1517, #2098 ) ;
#1335 = PLANE ( 'NONE',  #2026 ) ;
#1336 = DIRECTION ( 'NONE',  ( -0.2425356250363332467, -0.9701425001453318764, -0.000000000000000000 ) ) ;
#1337 = ORIENTED_EDGE ( 'NONE', *, *, #1345, .T. ) ;
#1338 = DIRECTION ( 'NONE',  ( -1.000000000000000000, 0.000000000000000000, 0.000000000000000000 ) ) ;
#1339 = DIRECTION ( 'NONE',  ( 0.7071067811865474617, -0.7071067811865474617, 0.000000000000000000 ) ) ;
#1340 = VECTOR ( 'NONE', #1976, 39.37007874015748143 ) ;
#1341 = CARTESIAN_POINT ( 'NONE',  ( -0.2000000000000000111, 0.4649999999999999689, 0.1000000000000000056 ) ) ;
#1342 = ORIENTED_EDGE ( 'NONE', *, *, #2441, .T. ) ;
#1343 = LINE ( 'NONE', #2097, #2150 ) ;
#1344 = CARTESIAN_POINT ( 'NONE',  ( -0.1599999999999999756, 0.1150000000000000050, 0.06000000000000001166 ) ) ;
#1345 = EDGE_CURVE ( 'NONE', #2222, #696, #1195, .T. ) ;
#1346 = DIRECTION ( 'NONE',  ( 1.000000000000000000, -0.000000000000000000, 0.000000000000000000 ) ) ;
#1347 = CARTESIAN_POINT ( 'NONE',  ( 0.1674999999999999822, 0.01499999999999997169, -0.1380788655293195000 ) ) ;
#1348 = CARTESIAN_POINT ( 'NONE',  ( 0.05699999999999961348, 0.4049999999999999711, 0.1176972864800942681 ) ) ;
#1349 = EDGE_CURVE ( 'NONE', #574, #2146, #1998, .T. ) ;
#1350 = CARTESIAN_POINT ( 'NONE',  ( 0.1499999999999999944, 0.4649999999999999689, -0.1600000000000000033 ) ) ;
#1351 = AXIS2_PLACEMENT_3D ( 'NONE', #1733, #408, #441 ) ;
#1352 = DIRECTION ( 'NONE',  ( -0.2425356250363332467, 0.9701425001453318764, 0.000000000000000000 ) ) ;
#1353 = EDGE_CURVE ( 'NONE', #113, #23, #1952, .T. ) ;
#1354 = CARTESIAN_POINT ( 'NONE',  ( 0.1325000000000000344, 0.01499999999999997689, 0.1000000000000000056 ) ) ;
#1355 = DIRECTION ( 'NONE',  ( -1.000000000000000000, 0.000000000000000000, 0.000000000000000000 ) ) ;
#1356 = EDGE_LOOP ( 'NONE', ( #1378, #2401, #1534, #932 ) ) ;
#1357 = UNCERTAINTY_MEASURE_WITH_UNIT (LENGTH_MEASURE( 1.000000000000000082E-05 ), #912, 'distance_accuracy_value', 'NONE');
#1358 = ORIENTED_EDGE ( 'NONE', *, *, #1852, .F. ) ;
#1359 = DIRECTION ( 'NONE',  ( 0.2915362068315990873, 0.9110506463487559881, -0.2915362068315990873 ) ) ;
#1360 = LINE ( 'NONE', #262, #2112 ) ;
#1361 = CARTESIAN_POINT ( 'NONE',  ( -0.004117529880478079315, 0.3561952191235060461, -0.004117529880478083652 ) ) ;
#1362 = ORIENTED_EDGE ( 'NONE', *, *, #949, .F. ) ;
#1363 = CARTESIAN_POINT ( 'NONE',  ( -0.01249999999999999722, 0.1150000000000000050, -0.01250000000000000069 ) ) ;
#1364 = CARTESIAN_POINT ( 'NONE',  ( -0.05700000000000000205, 0.3519999999999999796, -0.1200000000000000233 ) ) ;
#1365 = VERTEX_POINT ( 'NONE', #2192 ) ;
#1366 = CONTEXT_DEPENDENT_SHAPE_REPRESENTATION ( #1606, #1851 ) ;
#1367 = DIRECTION ( 'NONE',  ( -0.000000000000000000, -0.7071067811865486830, 0.7071067811865462405 ) ) ;
#1368 = VERTEX_POINT ( 'NONE', #21 ) ;
#1369 = CARTESIAN_POINT ( 'NONE',  ( 0.1299999999999999767, 0.4649999999999999689, -0.1399999999999999856 ) ) ;
#1370 = EDGE_LOOP ( 'NONE', ( #62, #863, #456 ) ) ;
#1371 = CONTEXT_DEPENDENT_SHAPE_REPRESENTATION ( #2307, #439 ) ;
#1372 = ORIENTED_EDGE ( 'NONE', *, *, #1777, .F. ) ;
#1373 = EDGE_CURVE ( 'NONE', #2433, #1573, #1119, .T. ) ;
#1374 = ORIENTED_EDGE ( 'NONE', *, *, #851, .T. ) ;
#1375 = DIRECTION ( 'NONE',  ( -1.000000000000000000, 0.000000000000000000, -0.000000000000000000 ) ) ;
#1376 = CARTESIAN_POINT ( 'NONE',  ( -0.1599999999999999756, 0.4450000000000001177, 0.06000000000000001166 ) ) ;
#1377 =( GEOMETRIC_REPRESENTATION_CONTEXT ( 3 ) GLOBAL_UNCERTAINTY_ASSIGNED_CONTEXT ( ( #1543 ) ) GLOBAL_UNIT_ASSIGNED_CONTEXT ( ( #1053, #2147, #1527 ) ) REPRESENTATION_CONTEXT ( 'NONE', 'WORKASPACE' ) );
#1378 = ORIENTED_EDGE ( 'NONE', *, *, #2329, .F. ) ;
#1379 = ADVANCED_FACE ( 'NONE', ( #1913 ), #158, .T. ) ;
#1380 = DIRECTION ( 'NONE',  ( -1.000000000000000000, 0.000000000000000000, -0.000000000000000000 ) ) ;
#1381 = ORIENTED_EDGE ( 'NONE', *, *, #2013, .F. ) ;
#1382 = ORIENTED_EDGE ( 'NONE', *, *, #492, .F. ) ;
#1383 = ITEM_DEFINED_TRANSFORMATION ( 'NONE', 'NONE', #461,  #1467 ) ;
#1384 = ORIENTED_EDGE ( 'NONE', *, *, #1023, .F. ) ;
#1385 = FACE_OUTER_BOUND ( 'NONE', #2359, .T. ) ;
#1386 = ITEM_DEFINED_TRANSFORMATION ( 'NONE', 'NONE', #1681,  #1467 ) ;
#1387 = VERTEX_POINT ( 'NONE', #1369 ) ;
#1388 = LINE ( 'NONE', #1829, #1420 ) ;
#1389 = ORIENTED_EDGE ( 'NONE', *, *, #1846, .F. ) ;
#1390 = DIRECTION ( 'NONE',  ( 0.000000000000000000, -1.000000000000000000, 0.000000000000000000 ) ) ;
#1391 = ITEM_DEFINED_TRANSFORMATION ( 'NONE', 'NONE', #1351,  #1467 ) ;
#1392 = DIRECTION ( 'NONE',  ( -1.000000000000000000, 0.000000000000000000, 0.000000000000000000 ) ) ;
#1393 = APPLICATION_CONTEXT ( 'automotive_design' ) ;
#1394 = EDGE_LOOP ( 'NONE', ( #2347, #1746, #1399, #937 ) ) ;
#1395 = VECTOR ( 'NONE', #2409, 39.37007874015748143 ) ;
#1396 = ORIENTED_EDGE ( 'NONE', *, *, #1492, .F. ) ;
#1397 = CONTEXT_DEPENDENT_SHAPE_REPRESENTATION ( #2235, #1865 ) ;
#1398 = CARTESIAN_POINT ( 'NONE',  ( 0.05999999999999996309, 0.3150000000000000022, -0.1000000000000000056 ) ) ;
#1399 = ORIENTED_EDGE ( 'NONE', *, *, #675, .F. ) ;
#1400 = LENGTH_MEASURE_WITH_UNIT ( LENGTH_MEASURE( 0.02539999999999999897 ), #6 );
#1401 = ADVANCED_FACE ( 'NONE', ( #270 ), #59, .F. ) ;
#1402 = EDGE_CURVE ( 'NONE', #1016, #877, #295, .T. ) ;
#1403 = ORIENTED_EDGE ( 'NONE', *, *, #1834, .F. ) ;
#1404 = FACE_OUTER_BOUND ( 'NONE', #1550, .T. ) ;
#1405 = DIRECTION ( 'NONE',  ( 1.000000000000000000, 0.000000000000000000, -0.000000000000000000 ) ) ;
#1406 = CARTESIAN_POINT ( 'NONE',  ( -0.1099999999999999867, 0.3150000000000000022, -0.05999999999999999084 ) ) ;
#1407 = EDGE_CURVE ( 'NONE', #1453, #1660, #1087, .T. ) ;
#1408 = ORIENTED_EDGE ( 'NONE', *, *, #1046, .T. ) ;
#1409 = LINE ( 'NONE', #365, #2208 ) ;
#1410 = MECHANICAL_DESIGN_GEOMETRIC_PRESENTATION_REPRESENTATION (  '', ( #230 ), #1216 ) ;
#1411 = DIRECTION ( 'NONE',  ( -1.000000000000000000, 0.000000000000000000, 0.000000000000000000 ) ) ;
#1412 = EDGE_LOOP ( 'NONE', ( #882, #2244, #7, #1654 ) ) ;
#1413 = FACE_OUTER_BOUND ( 'NONE', #293, .T. ) ;
#1414 = CARTESIAN_POINT ( 'NONE',  ( -0.1499999999999999944, 0.3150000000000000022, -0.1600000000000000033 ) ) ;
#1415 = CARTESIAN_POINT ( 'NONE',  ( -0.1099999999999999867, 0.3150000000000000022, -0.1199999999999999956 ) ) ;
#1416 = EDGE_LOOP ( 'NONE', ( #748, #1285, #50, #1514 ) ) ;
#1417 = ORIENTED_EDGE ( 'NONE', *, *, #2044, .T. ) ;
#1418 = CARTESIAN_POINT ( 'NONE',  ( -0.01249999999999999722, 0.1150000000000000050, 0.01250000000000000069 ) ) ;
#1419 = VERTEX_POINT ( 'NONE', #261 ) ;
#1420 = VECTOR ( 'NONE', #1882, 39.37007874015748143 ) ;
#1421 = DIRECTION ( 'NONE',  ( 0.000000000000000000, 0.000000000000000000, 1.000000000000000000 ) ) ;
#1422 = CARTESIAN_POINT ( 'NONE',  ( -0.2000000000000000111, 0.01499999999999997689, -0.1000000000000000056 ) ) ;
#1423 = ORIENTED_EDGE ( 'NONE', *, *, #209, .F. ) ;
#1424 = ORIENTED_EDGE ( 'NONE', *, *, #514, .T. ) ;
#1425 = ADVANCED_FACE ( 'NONE', ( #1113 ), #1068, .F. ) ;
#1426 = PLANE ( 'NONE',  #2004 ) ;
#1427 = CARTESIAN_POINT ( 'NONE',  ( -0.1499999999999999944, 0.4649999999999999689, -0.1600000000000000033 ) ) ;
#1428 = ORIENTED_EDGE ( 'NONE', *, *, #205, .F. ) ;
#1429 = VERTEX_POINT ( 'NONE', #2299 ) ;
#1430 = EDGE_LOOP ( 'NONE', ( #2117, #2447, #1635, #1691 ) ) ;
#1431 = ORIENTED_EDGE ( 'NONE', *, *, #2202, .T. ) ;
#1432 = EDGE_CURVE ( 'NONE', #845, #2433, #287, .T. ) ;
#1433 = VERTEX_POINT ( 'NONE', #639 ) ;
#1434 = DIRECTION ( 'NONE',  ( -1.000000000000000000, 0.000000000000000000, 0.000000000000000000 ) ) ;
#1435 = VERTEX_POINT ( 'NONE', #1987 ) ;
#1436 = COLOUR_RGB ( '',0.7921568627450980005, 0.8196078431372548767, 0.9333333333333333481 ) ;
#1437 = CARTESIAN_POINT ( 'NONE',  ( 0.1525000000000000244, -2.134256245050205639E-18, -0.1380788655293195000 ) ) ;
#1438 = EDGE_CURVE ( 'NONE', #1004, #1365, #1956, .T. ) ;
#1439 = CARTESIAN_POINT ( 'NONE',  ( 0.1474999999999999922, -1.521932845476526925E-18, -0.1000000000000000056 ) ) ;
#1440 =( NAMED_UNIT ( * ) PLANE_ANGLE_UNIT ( ) SI_UNIT ( $, .RADIAN. ) );
#1441 = PRODUCT ( '705430002', '705430002', '', ( #2086 ) ) ;
#1442 = ORIENTED_EDGE ( 'NONE', *, *, #1231, .T. ) ;
#1443 = ORIENTED_EDGE ( 'NONE', *, *, #1226, .F. ) ;
#1444 = CARTESIAN_POINT ( 'NONE',  ( 0.1525000000000000244, -2.134256245050205639E-18, -0.1000000000000000056 ) ) ;
#1445 = ADVANCED_FACE ( 'NONE', ( #1867 ), #1182, .T. ) ;
#1446 = ORIENTED_EDGE ( 'NONE', *, *, #9, .T. ) ;
#1447 = ORIENTED_EDGE ( 'NONE', *, *, #2049, .F. ) ;
#1448 = AXIS2_PLACEMENT_3D ( 'NONE', #1170, #1327, #1515 ) ;
#1449 = CARTESIAN_POINT ( 'NONE',  ( 0.000000000000000000, 0.3150000000000000022, -0.07999999999999998779 ) ) ;
#1450 = SURFACE_SIDE_STYLE ('',( #1232 ) ) ;
#1451 = FACE_OUTER_BOUND ( 'NONE', #96, .T. ) ;
#1452 = ORIENTED_EDGE ( 'NONE', *, *, #1028, .T. ) ;
#1453 = VERTEX_POINT ( 'NONE', #793 ) ;
#1454 = DIRECTION ( 'NONE',  ( -0.000000000000000000, 1.000000000000000000, -0.000000000000000000 ) ) ;
#1455 = ORIENTED_EDGE ( 'NONE', *, *, #1600, .F. ) ;
#1456 = LINE ( 'NONE', #1057, #1471 ) ;
#1457 = PRESENTATION_STYLE_ASSIGNMENT (( #1840 ) ) ;
#1458 = EDGE_CURVE ( 'NONE', #613, #1912, #276, .T. ) ;
#1459 = DIRECTION ( 'NONE',  ( 0.000000000000000000, 0.000000000000000000, 1.000000000000000000 ) ) ;
#1460 = DIRECTION ( 'NONE',  ( -1.000000000000000000, 0.000000000000000000, 0.000000000000000000 ) ) ;
#1461 = LINE ( 'NONE', #1694, #710 ) ;
#1462 = ADVANCED_FACE ( 'NONE', ( #242 ), #571, .F. ) ;
#1463 = EDGE_CURVE ( 'NONE', #1453, #2228, #1959, .T. ) ;
#1464 = CARTESIAN_POINT ( 'NONE',  ( -0.2000000000000000111, -0.4322135954999580809, 0.1000000000000000056 ) ) ;
#1465 = VERTEX_POINT ( 'NONE', #223 ) ;
#1466 = ORIENTED_EDGE ( 'NONE', *, *, #84, .F. ) ;
#1467 = AXIS2_PLACEMENT_3D ( 'NONE', #333, #1617, #132 ) ;
#1468 = EDGE_CURVE ( 'NONE', #574, #974, #231, .T. ) ;
#1469 = CARTESIAN_POINT ( 'NONE',  ( 0.1499999999999999944, 0.3150000000000000022, -0.1600000000000000033 ) ) ;
#1470 = DIRECTION ( 'NONE',  ( 0.7071067811865474617, -0.7071067811865474617, 0.000000000000000000 ) ) ;
#1471 = VECTOR ( 'NONE', #2427, 39.37007874015748143 ) ;
#1472 = DIRECTION ( 'NONE',  ( -0.7071067811865451302, -0.7071067811865499042, 0.000000000000000000 ) ) ;
#1473 = CARTESIAN_POINT ( 'NONE',  ( -0.1599999999999999756, 0.1150000000000000050, -0.05999999999999999084 ) ) ;
#1474 = EDGE_LOOP ( 'NONE', ( #629, #171, #256, #602 ) ) ;
#1475 = AXIS2_PLACEMENT_3D ( 'NONE', #2024, #2399, #157 ) ;
#1476 = LINE ( 'NONE', #2315, #1479 ) ;
#1477 = DIRECTION ( 'NONE',  ( 1.000000000000000000, 0.000000000000000000, 0.000000000000000000 ) ) ;
#1478 = ORIENTED_EDGE ( 'NONE', *, *, #2271, .T. ) ;
#1479 = VECTOR ( 'NONE', #2063, 39.37007874015748143 ) ;
#1480 = ORIENTED_EDGE ( 'NONE', *, *, #1567, .F. ) ;
#1481 = CARTESIAN_POINT ( 'NONE',  ( 0.01250000000000000590, 0.1150000000000000050, -0.01250000000000000069 ) ) ;
#1482 = PLANE ( 'NONE',  #1026 ) ;
#1483 = DIRECTION ( 'NONE',  ( -1.000000000000000000, 0.000000000000000000, 0.000000000000000000 ) ) ;
#1484 = LINE ( 'NONE', #425, #1529 ) ;
#1485 = VERTEX_POINT ( 'NONE', #1734 ) ;
#1486 = ADVANCED_FACE ( 'NONE', ( #1076 ), #2087, .T. ) ;
#1487 = CARTESIAN_POINT ( 'NONE',  ( 0.1800000000000000211, 0.4649999999999999689, -0.07999999999999998779 ) ) ;
#1488 = LINE ( 'NONE', #43, #706 ) ;
#1489 =( NAMED_UNIT ( * ) SI_UNIT ( $, .STERADIAN. ) SOLID_ANGLE_UNIT ( ) );
#1490 = CLOSED_SHELL ( 'NONE', ( #2424, #1869, #2009, #982, #642, #473, #379, #1822, #1919, #503, #759, #392, #2453, #2052, #959, #526, #533, #2140, #2070, #340, #110, #2060, #361, #1312, #933, #913, #1233, #1298, #725, #2193, #661, #1891, #446, #778, #334, #2261, #2231, #1056, #189, #1802, #1108, #1275, #1684, #550, #2364, #1597, #888, #1289, #202, #1650, #489, #2157 ) ) ;
#1491 = LINE ( 'NONE', #1531, #2320 ) ;
#1492 = EDGE_CURVE ( 'NONE', #1549, #2368, #1874, .T. ) ;
#1493 = CARTESIAN_POINT ( 'NONE',  ( 0.01250000000000000590, 0.3550000000000000377, 0.01250000000000000069 ) ) ;
#1494 = PRODUCT_DEFINITION_FORMATION_WITH_SPECIFIED_SOURCE ( 'ANY', '', #443, .NOT_KNOWN. ) ;
#1495 = LINE ( 'NONE', #1726, #2313 ) ;
#1496 = EDGE_CURVE ( 'NONE', #1653, #1781, #237, .T. ) ;
#1497 = VERTEX_POINT ( 'NONE', #348 ) ;
#1498 = PLANE ( 'NONE',  #1332 ) ;
#1499 = DIRECTION ( 'NONE',  ( 1.000000000000000000, -0.000000000000000000, -0.000000000000000000 ) ) ;
#1500 = FACE_OUTER_BOUND ( 'NONE', #1646, .T. ) ;
#1501 = LENGTH_MEASURE_WITH_UNIT ( LENGTH_MEASURE( 0.02539999999999999897 ), #1507 );
#1502 = EDGE_CURVE ( 'NONE', #679, #120, #1929, .T. ) ;
#1503 = ORIENTED_EDGE ( 'NONE', *, *, #2369, .T. ) ;
#1504 = CARTESIAN_POINT ( 'NONE',  ( -0.2000000000000000111, 0.01499999999999997689, -0.1000000000000000056 ) ) ;
#1505 = LINE ( 'NONE', #2211, #1525 ) ;
#1506 =( NAMED_UNIT ( * ) PLANE_ANGLE_UNIT ( ) SI_UNIT ( $, .RADIAN. ) );
#1507 =( LENGTH_UNIT ( ) NAMED_UNIT ( * ) SI_UNIT ( $, .METRE. ) );
#1508 = DIRECTION ( 'NONE',  ( 0.2425356250363332467, -0.9701425001453318764, 0.000000000000000000 ) ) ;
#1509 = EDGE_LOOP ( 'NONE', ( #1279, #2114, #2175, #701 ) ) ;
#1510 = ADVANCED_FACE ( 'NONE', ( #1074 ), #2069, .F. ) ;
#1511 = LINE ( 'NONE', #2055, #718 ) ;
#1512 = ORIENTED_EDGE ( 'NONE', *, *, #449, .T. ) ;
#1513 = VECTOR ( 'NONE', #2305, 39.37007874015748854 ) ;
#1514 = ORIENTED_EDGE ( 'NONE', *, *, #487, .F. ) ;
#1515 = DIRECTION ( 'NONE',  ( 1.000000000000000000, 0.000000000000000000, -0.000000000000000000 ) ) ;
#1516 = ORIENTED_EDGE ( 'NONE', *, *, #1090, .T. ) ;
#1517 = CARTESIAN_POINT ( 'NONE',  ( -0.1474999999999999922, -1.521932845476526925E-18, 0.1000000000000000056 ) ) ;
#1518 = LINE ( 'NONE', #422, #677 ) ;
#1519 = ORIENTED_EDGE ( 'NONE', *, *, #739, .T. ) ;
#1520 = ORIENTED_EDGE ( 'NONE', *, *, #2221, .F. ) ;
#1521 = VECTOR ( 'NONE', #1156, 39.37007874015748143 ) ;
#1522 = CARTESIAN_POINT ( 'NONE',  ( -0.01249999999999999722, 0.3299999999999997380, 0.01250000000000000069 ) ) ;
#1523 = ORIENTED_EDGE ( 'NONE', *, *, #649, .T. ) ;
#1524 = EDGE_CURVE ( 'NONE', #1821, #1387, #252, .T. ) ;
#1525 = VECTOR ( 'NONE', #434, 39.37007874015748143 ) ;
#1526 = ORIENTED_EDGE ( 'NONE', *, *, #2362, .T. ) ;
#1527 =( NAMED_UNIT ( * ) SI_UNIT ( $, .STERADIAN. ) SOLID_ANGLE_UNIT ( ) );
#1528 = EDGE_CURVE ( 'NONE', #1294, #808, #1926, .T. ) ;
#1529 = VECTOR ( 'NONE', #2285, 39.37007874015748143 ) ;
#1530 = VERTEX_POINT ( 'NONE', #1818 ) ;
#1531 = CARTESIAN_POINT ( 'NONE',  ( -0.1325000000000000344, 0.01499999999999997689, -0.1380788655293195000 ) ) ;
#1532 = CARTESIAN_POINT ( 'NONE',  ( 0.1800000000000000211, 0.4649999999999999689, 0.08000000000000000167 ) ) ;
#1533 = AXIS2_PLACEMENT_3D ( 'NONE', #625, #636, #123 ) ;
#1534 = ORIENTED_EDGE ( 'NONE', *, *, #1502, .T. ) ;
#1535 = LINE ( 'NONE', #1347, #2361 ) ;
#1536 = ORIENTED_EDGE ( 'NONE', *, *, #919, .F. ) ;
#1537 = DIRECTION ( 'NONE',  ( 0.000000000000000000, 0.000000000000000000, -1.000000000000000000 ) ) ;
#1538 = DIRECTION ( 'NONE',  ( 0.000000000000000000, 0.000000000000000000, 1.000000000000000000 ) ) ;
#1539 = VECTOR ( 'NONE', #554, 39.37007874015748854 ) ;
#1540 = CARTESIAN_POINT ( 'NONE',  ( 0.1749999999999999889, 0.4049999999999999711, -0.09900000000000000466 ) ) ;
#1541 = CARTESIAN_POINT ( 'NONE',  ( -0.2000000000000000111, 0.01499999999999997689, 0.1000000000000000056 ) ) ;
#1542 = VERTEX_POINT ( 'NONE', #830 ) ;
#1543 = UNCERTAINTY_MEASURE_WITH_UNIT (LENGTH_MEASURE( 1.000000000000000082E-05 ), #1053, 'distance_accuracy_value', 'NONE');
#1544 = VECTOR ( 'NONE', #1700, 39.37007874015748143 ) ;
#1545 = ORIENTED_EDGE ( 'NONE', *, *, #707, .T. ) ;
#1546 = CARTESIAN_POINT ( 'NONE',  ( 0.1749999999999999889, 0.4049999999999999711, -0.09900000000000000466 ) ) ;
#1547 = ORIENTED_EDGE ( 'NONE', *, *, #1256, .F. ) ;
#1548 = LINE ( 'NONE', #590, #2379 ) ;
#1549 = VERTEX_POINT ( 'NONE', #291 ) ;
#1550 = EDGE_LOOP ( 'NONE', ( #995, #2280, #139, #656 ) ) ;
#1551 = DIRECTION ( 'NONE',  ( 0.000000000000000000, 0.000000000000000000, 1.000000000000000000 ) ) ;
#1552 = CARTESIAN_POINT ( 'NONE',  ( -0.1674999999999999822, 0.01499999999999997689, 0.1000000000000000056 ) ) ;
#1553 = LINE ( 'NONE', #1908, #740 ) ;
#1554 = EDGE_CURVE ( 'NONE', #1816, #1786, #1091, .T. ) ;
#1555 = ORIENTED_EDGE ( 'NONE', *, *, #612, .F. ) ;
#1556 = VERTEX_POINT ( 'NONE', #1992 ) ;
#1557 = DIRECTION ( 'NONE',  ( -0.000000000000000000, 0.000000000000000000, 1.000000000000000000 ) ) ;
#1558 = CARTESIAN_POINT ( 'NONE',  ( -0.1525000000000000244, -2.134256245050205639E-18, 0.1000000000000000056 ) ) ;
#1559 = VECTOR ( 'NONE', #24, 39.37007874015748143 ) ;
#1560 = DIRECTION ( 'NONE',  ( 1.000000000000000000, 0.000000000000000000, 0.000000000000000000 ) ) ;
#1561 = EDGE_CURVE ( 'NONE', #156, #1530, #1083, .T. ) ;
#1562 = EDGE_LOOP ( 'NONE', ( #1651, #2372, #1261, #467 ) ) ;
#1563 = DIRECTION ( 'NONE',  ( 0.7071067811865474617, 0.7071067811865474617, 0.000000000000000000 ) ) ;
#1564 = EDGE_LOOP ( 'NONE', ( #1751, #646, #588, #169 ) ) ;
#1565 = FACE_OUTER_BOUND ( 'NONE', #1412, .T. ) ;
#1566 = ORIENTED_EDGE ( 'NONE', *, *, #1773, .T. ) ;
#1567 = EDGE_CURVE ( 'NONE', #2111, #1004, #1897, .T. ) ;
#1568 = ORIENTED_EDGE ( 'NONE', *, *, #1567, .T. ) ;
#1569 = CARTESIAN_POINT ( 'NONE',  ( -0.1599999999999999756, 0.1150000000000000050, 0.06000000000000001166 ) ) ;
#1570 = LINE ( 'NONE', #2073, #1544 ) ;
#1571 = EDGE_LOOP ( 'NONE', ( #17, #1431, #842, #540 ) ) ;
#1572 = AXIS2_PLACEMENT_3D ( 'NONE', #788, #1967, #198 ) ;
#1573 = VERTEX_POINT ( 'NONE', #1938 ) ;
#1574 = CARTESIAN_POINT ( 'NONE',  ( -0.1474999999999999922, -1.521932845476526925E-18, -0.1000000000000000056 ) ) ;
#1575 = DIRECTION ( 'NONE',  ( 0.000000000000000000, -1.000000000000000000, 0.000000000000000000 ) ) ;
#1576 = LINE ( 'NONE', #1013, #747 ) ;
#1577 = ORIENTED_EDGE ( 'NONE', *, *, #700, .T. ) ;
#1578 = ORIENTED_EDGE ( 'NONE', *, *, #1713, .T. ) ;
#1579 = ORIENTED_EDGE ( 'NONE', *, *, #675, .T. ) ;
#1580 = DIRECTION ( 'NONE',  ( -0.9524241471993251107, 0.3047757271037810356, 0.000000000000000000 ) ) ;
#1581 = AXIS2_PLACEMENT_3D ( 'NONE', #1029, #1960, #2116 ) ;
#1582 = PLANE ( 'NONE',  #2411 ) ;
#1583 = VERTEX_POINT ( 'NONE', #235 ) ;
#1584 = ORIENTED_EDGE ( 'NONE', *, *, #1132, .F. ) ;
#1585 = VECTOR ( 'NONE', #2435, 39.37007874015748143 ) ;
#1586 = ORIENTED_EDGE ( 'NONE', *, *, #1292, .T. ) ;
#1587 = DIRECTION ( 'NONE',  ( -1.000000000000000000, 0.000000000000000000, 0.000000000000000000 ) ) ;
#1588 = ORIENTED_EDGE ( 'NONE', *, *, #1945, .T. ) ;
#1589 = CARTESIAN_POINT ( 'NONE',  ( 0.000000000000000000, 0.4649999999999999689, 0.08000000000000000167 ) ) ;
#1590 = ORIENTED_EDGE ( 'NONE', *, *, #53, .F. ) ;
#1591 = LINE ( 'NONE', #991, #2431 ) ;
#1592 = ORIENTED_EDGE ( 'NONE', *, *, #1773, .F. ) ;
#1593 = ORIENTED_EDGE ( 'NONE', *, *, #336, .F. ) ;
#1594 = CARTESIAN_POINT ( 'NONE',  ( 0.01250000000000000590, -0.1049999999999997324, 0.01250000000000000069 ) ) ;
#1595 = DIRECTION ( 'NONE',  ( 1.000000000000000000, 0.000000000000000000, 0.000000000000000000 ) ) ;
#1596 = LINE ( 'NONE', #2006, #1631 ) ;
#1597 = ADVANCED_FACE ( 'NONE', ( #278 ), #880, .T. ) ;
#1598 = ORIENTED_EDGE ( 'NONE', *, *, #883, .T. ) ;
#1599 = ORIENTED_EDGE ( 'NONE', *, *, #250, .F. ) ;
#1600 = EDGE_CURVE ( 'NONE', #1465, #1689, #1933, .T. ) ;
#1601 = ORIENTED_EDGE ( 'NONE', *, *, #781, .T. ) ;
#1602 = CARTESIAN_POINT ( 'NONE',  ( 0.05999999999999996309, -0.01149110640673522282, -0.1000000000000000056 ) ) ;
#1603 = LINE ( 'NONE', #1602, #826 ) ;
#1604 = ORIENTED_EDGE ( 'NONE', *, *, #1463, .F. ) ;
#1605 = ORIENTED_EDGE ( 'NONE', *, *, #856, .F. ) ;
#1606 =( REPRESENTATION_RELATIONSHIP ('NONE','NONE', #1778, #731 ) REPRESENTATION_RELATIONSHIP_WITH_TRANSFORMATION ( #2218 )SHAPE_REPRESENTATION_RELATIONSHIP( ) );
#1607 = AXIS2_PLACEMENT_3D ( 'NONE', #1616, #1254, #1904 ) ;
#1608 = EDGE_CURVE ( 'NONE', #576, #269, #1211, .T. ) ;
#1609 = FACE_OUTER_BOUND ( 'NONE', #63, .T. ) ;
#1610 = ORIENTED_EDGE ( 'NONE', *, *, #45, .T. ) ;
#1611 = DIRECTION ( 'NONE',  ( -0.9524241471993251107, 0.3047757271037809801, 0.000000000000000000 ) ) ;
#1612 = ORIENTED_EDGE ( 'NONE', *, *, #2013, .T. ) ;
#1613 = FACE_OUTER_BOUND ( 'NONE', #2363, .T. ) ;
#1614 = ORIENTED_EDGE ( 'NONE', *, *, #253, .F. ) ;
#1615 = PLANE ( 'NONE',  #524 ) ;
#1616 = CARTESIAN_POINT ( 'NONE',  ( 0.05700000000000000205, 0.3519999999999999796, -0.1600000000000000033 ) ) ;
#1617 = DIRECTION ( 'NONE',  ( 0.000000000000000000, 0.000000000000000000, 1.000000000000000000 ) ) ;
#1618 = VERTEX_POINT ( 'NONE', #1969 ) ;
#1619 = AXIS2_PLACEMENT_3D ( 'NONE', #2174, #1224, #284 ) ;
#1620 = EDGE_LOOP ( 'NONE', ( #1711, #784, #149, #898 ) ) ;
#1621 = LINE ( 'NONE', #1177, #2392 ) ;
#1622 = ADVANCED_FACE ( 'NONE', ( #1159 ), #1223, .T. ) ;
#1623 = PRODUCT_DEFINITION_SHAPE ( 'NONE', 'NONE',  #2439 ) ;
#1624 = ORIENTED_EDGE ( 'NONE', *, *, #232, .F. ) ;
#1625 = DIRECTION ( 'NONE',  ( -1.000000000000000000, 0.000000000000000000, 0.000000000000000000 ) ) ;
#1626 = LINE ( 'NONE', #1868, #836 ) ;
#1627 = VERTEX_POINT ( 'NONE', #1770 ) ;
#1628 = ORIENTED_EDGE ( 'NONE', *, *, #178, .F. ) ;
#1629 = CARTESIAN_POINT ( 'NONE',  ( 0.1749999999999999889, 0.4049999999999999711, -0.09900000000000000466 ) ) ;
#1630 = VERTEX_POINT ( 'NONE', #1957 ) ;
#1631 = VECTOR ( 'NONE', #862, 39.37007874015748143 ) ;
#1632 = ADVANCED_FACE ( 'NONE', ( #1989 ), #2170, .F. ) ;
#1633 = EDGE_CURVE ( 'NONE', #925, #1765, #1978, .T. ) ;
#1634 = ORIENTED_EDGE ( 'NONE', *, *, #137, .T. ) ;
#1635 = ORIENTED_EDGE ( 'NONE', *, *, #1608, .T. ) ;
#1636 = DIRECTION ( 'NONE',  ( 0.000000000000000000, 0.000000000000000000, -1.000000000000000000 ) ) ;
#1637 = CARTESIAN_POINT ( 'NONE',  ( -0.1599999999999999756, 0.1150000000000000050, 0.06000000000000001166 ) ) ;
#1638 = DIRECTION ( 'NONE',  ( -1.000000000000000000, 0.000000000000000000, -0.000000000000000000 ) ) ;
#1639 = VECTOR ( 'NONE', #152, 39.37007874015748143 ) ;
#1640 = ORIENTED_EDGE ( 'NONE', *, *, #1041, .T. ) ;
#1641 = EDGE_CURVE ( 'NONE', #126, #30, #1172, .T. ) ;
#1642 = ORIENTED_EDGE ( 'NONE', *, *, #2329, .T. ) ;
#1643 = VERTEX_POINT ( 'NONE', #2021 ) ;
#1644 = LINE ( 'NONE', #1318, #2449 ) ;
#1645 = CARTESIAN_POINT ( 'NONE',  ( 0.02500000000000001527, 0.000000000000000000, 0.000000000000000000 ) ) ;
#1646 = EDGE_LOOP ( 'NONE', ( #2440, #698, #2422, #1140 ) ) ;
#1647 = ORIENTED_EDGE ( 'NONE', *, *, #1502, .F. ) ;
#1648 = EDGE_CURVE ( 'NONE', #1797, #2078, #381, .T. ) ;
#1649 = LINE ( 'NONE', #1328, #846 ) ;
#1650 = ADVANCED_FACE ( 'NONE', ( #1983 ), #2062, .F. ) ;
#1651 = ORIENTED_EDGE ( 'NONE', *, *, #410, .T. ) ;
#1652 = ORIENTED_EDGE ( 'NONE', *, *, #332, .F. ) ;
#1653 = VERTEX_POINT ( 'NONE', #1427 ) ;
#1654 = ORIENTED_EDGE ( 'NONE', *, *, #205, .T. ) ;
#1655 = CARTESIAN_POINT ( 'NONE',  ( -0.1599999999999999756, 0.4450000000000001177, -0.05999999999999999084 ) ) ;
#1656 = CARTESIAN_POINT ( 'NONE',  ( -0.1474999999999999922, -1.521932845476526925E-18, -0.1380788655293195000 ) ) ;
#1657 = LINE ( 'NONE', #2121, #852 ) ;
#1658 = ORIENTED_EDGE ( 'NONE', *, *, #815, .T. ) ;
#1659 = AXIS2_PLACEMENT_3D ( 'NONE', #1964, #1761, #275 ) ;
#1660 = VERTEX_POINT ( 'NONE', #476 ) ;
#1661 = ORIENTED_EDGE ( 'NONE', *, *, #2206, .F. ) ;
#1662 = DIRECTION ( 'NONE',  ( 0.000000000000000000, 0.000000000000000000, -1.000000000000000000 ) ) ;
#1663 = CARTESIAN_POINT ( 'NONE',  ( 0.000000000000000000, 0.4649999999999999689, 0.08000000000000000167 ) ) ;
#1664 = EDGE_LOOP ( 'NONE', ( #1446, #34, #958, #1661 ) ) ;
#1665 = DIRECTION ( 'NONE',  ( -0.000000000000000000, -0.000000000000000000, -1.000000000000000000 ) ) ;
#1666 = DIRECTION ( 'NONE',  ( 0.000000000000000000, 0.000000000000000000, 1.000000000000000000 ) ) ;
#1667 = ORIENTED_EDGE ( 'NONE', *, *, #1064, .T. ) ;
#1668 = FILL_AREA_STYLE_COLOUR ( '', #890 ) ;
#1669 = ORIENTED_EDGE ( 'NONE', *, *, #2229, .F. ) ;
#1670 = EDGE_CURVE ( 'NONE', #753, #1368, #2011, .T. ) ;
#1671 = VERTEX_POINT ( 'NONE', #1705 ) ;
#1672 = ORIENTED_EDGE ( 'NONE', *, *, #1878, .T. ) ;
#1673 = ORIENTED_EDGE ( 'NONE', *, *, #1121, .T. ) ;
#1674 = ORIENTED_EDGE ( 'NONE', *, *, #1178, .T. ) ;
#1675 = CARTESIAN_POINT ( 'NONE',  ( -0.1099999999999999867, 0.4450000000000000067, -0.1199999999999999956 ) ) ;
#1676 = DIRECTION ( 'NONE',  ( -0.000000000000000000, 1.000000000000000000, -0.000000000000000000 ) ) ;
#1677 = DIRECTION ( 'NONE',  ( 0.000000000000000000, 1.000000000000000000, 0.000000000000000000 ) ) ;
#1678 = VECTOR ( 'NONE', #341, 39.37007874015748143 ) ;
#1679 = VERTEX_POINT ( 'NONE', #1086 ) ;
#1680 = ORIENTED_EDGE ( 'NONE', *, *, #1808, .F. ) ;
#1681 = AXIS2_PLACEMENT_3D ( 'NONE', #792, #1148, #1749 ) ;
#1682 = SURFACE_STYLE_FILL_AREA ( #504 ) ;
#1683 = EDGE_CURVE ( 'NONE', #2397, #1465, #1974, .T. ) ;
#1684 = ADVANCED_FACE ( 'NONE', ( #339 ), #901, .T. ) ;
#1685 = ORIENTED_EDGE ( 'NONE', *, *, #582, .F. ) ;
#1686 = CARTESIAN_POINT ( 'NONE',  ( -0.01249999999999999722, -0.1049999999999997324, 0.01250000000000000069 ) ) ;
#1687 = ORIENTED_EDGE ( 'NONE', *, *, #1329, .T. ) ;
#1688 = ORIENTED_EDGE ( 'NONE', *, *, #1150, .F. ) ;
#1689 = VERTEX_POINT ( 'NONE', #2395 ) ;
#1690 = CARTESIAN_POINT ( 'NONE',  ( 0.1599999999999999756, 0.4649999999999999689, -0.09900000000000000466 ) ) ;
#1691 = ORIENTED_EDGE ( 'NONE', *, *, #1996, .F. ) ;
#1692 = ORIENTED_EDGE ( 'NONE', *, *, #1803, .F. ) ;
#1693 = CARTESIAN_POINT ( 'NONE',  ( 0.1099999999999999867, 0.3150000000000000022, -0.07999999999999998779 ) ) ;
#1694 = CARTESIAN_POINT ( 'NONE',  ( 0.1749999999999999889, 0.4049999999999999711, -0.09900000000000000466 ) ) ;
#1695 =( CONVERSION_BASED_UNIT ( 'INCH', #2172 ) LENGTH_UNIT ( ) NAMED_UNIT ( #478 ) );
#1696 = CYLINDRICAL_SURFACE ( 'NONE', #551, 0.05300000000000000544 ) ;
#1697 = ADVANCED_FACE ( 'NONE', ( #1962 ), #491, .F. ) ;
#1698 = ORIENTED_EDGE ( 'NONE', *, *, #2148, .F. ) ;
#1699 = ORIENTED_EDGE ( 'NONE', *, *, #1784, .T. ) ;
#1700 = DIRECTION ( 'NONE',  ( 1.000000000000000000, 0.000000000000000000, 0.000000000000000000 ) ) ;
#1701 = AXIS2_PLACEMENT_3D ( 'NONE', #697, #1266, #580 ) ;
#1702 = CARTESIAN_POINT ( 'NONE',  ( 0.02500000000000001527, 0.1150000000000000050, 0.1000000000000000056 ) ) ;
#1703 = ORIENTED_EDGE ( 'NONE', *, *, #1811, .F. ) ;
#1704 = PLANE ( 'NONE',  #518 ) ;
#1705 = CARTESIAN_POINT ( 'NONE',  ( -0.1499999999999999944, 0.3150000000000000022, -0.1000000000000000056 ) ) ;
#1706 = CARTESIAN_POINT ( 'NONE',  ( 0.05999999999999996309, 0.1150000000000000050, -0.05999999999999999084 ) ) ;
#1707 = ORIENTED_EDGE ( 'NONE', *, *, #1217, .F. ) ;
#1708 = EDGE_CURVE ( 'NONE', #2394, #553, #1175, .T. ) ;
#1709 = EDGE_LOOP ( 'NONE', ( #803, #1512, #1095, #2403 ) ) ;
#1710 = LINE ( 'NONE', #938, #73 ) ;
#1711 = ORIENTED_EDGE ( 'NONE', *, *, #1349, .F. ) ;
#1712 = AXIS2_PLACEMENT_3D ( 'NONE', #1123, #399, #191 ) ;
#1713 = EDGE_CURVE ( 'NONE', #1763, #2228, #1215, .T. ) ;
#1714 = DIRECTION ( 'NONE',  ( -1.000000000000000000, 0.000000000000000000, -0.000000000000000000 ) ) ;
#1715 = DIRECTION ( 'NONE',  ( 0.000000000000000000, 0.000000000000000000, -1.000000000000000000 ) ) ;
#1716 = CARTESIAN_POINT ( 'NONE',  ( -0.1266666666666667329, 0.4616666666666667251, -0.07666666666666673013 ) ) ;
#1717 = DIRECTION ( 'NONE',  ( 0.000000000000000000, 0.000000000000000000, 1.000000000000000000 ) ) ;
#1718 = PRESENTATION_STYLE_ASSIGNMENT (( #1857 ) ) ;
#1719 = ORIENTED_EDGE ( 'NONE', *, *, #427, .F. ) ;
#1720 = LINE ( 'NONE', #2238, #87 ) ;
#1721 = DIRECTION ( 'NONE',  ( 0.000000000000000000, 0.000000000000000000, -1.000000000000000000 ) ) ;
#1722 = VERTEX_POINT ( 'NONE', #1686 ) ;
#1723 = DIRECTION ( 'NONE',  ( 1.000000000000000000, -1.224646799147353947E-16, 0.000000000000000000 ) ) ;
#1724 = EDGE_LOOP ( 'NONE', ( #832, #1673, #922, #462 ) ) ;
#1725 = FACE_OUTER_BOUND ( 'NONE', #1768, .T. ) ;
#1726 = CARTESIAN_POINT ( 'NONE',  ( 0.000000000000000000, 0.3150000000000000022, -0.07999999999999998779 ) ) ;
#1727 = ORIENTED_EDGE ( 'NONE', *, *, #1178, .F. ) ;
#1728 =( NAMED_UNIT ( * ) SI_UNIT ( $, .STERADIAN. ) SOLID_ANGLE_UNIT ( ) );
#1729 = UNCERTAINTY_MEASURE_WITH_UNIT (LENGTH_MEASURE( 1.000000000000000082E-05 ), #1163, 'distance_accuracy_value', 'NONE');
#1730 = DIMENSIONAL_EXPONENTS ( 1.000000000000000000, 0.000000000000000000, 0.000000000000000000, 0.000000000000000000, 0.000000000000000000, 0.000000000000000000, 0.000000000000000000 ) ;
#1731 = ORIENTED_EDGE ( 'NONE', *, *, #103, .T. ) ;
#1732 = DIRECTION ( 'NONE',  ( 0.000000000000000000, 1.000000000000000000, 0.000000000000000000 ) ) ;
#1733 = CARTESIAN_POINT ( 'NONE',  ( -0.1000000000000000194, 0.000000000000000000, 0.000000000000000000 ) ) ;
#1734 = CARTESIAN_POINT ( 'NONE',  ( 0.1674999999999999545, 0.01499999999999997689, -0.1000000000000000056 ) ) ;
#1735 = FACE_OUTER_BOUND ( 'NONE', #1760, .T. ) ;
#1736 = VERTEX_POINT ( 'NONE', #1872 ) ;
#1737 = VECTOR ( 'NONE', #1220, 39.37007874015748143 ) ;
#1738 = ORIENTED_EDGE ( 'NONE', *, *, #1670, .F. ) ;
#1739 = PLANE ( 'NONE',  #581 ) ;
#1740 = EDGE_CURVE ( 'NONE', #31, #1387, #1971, .T. ) ;
#1741 = CARTESIAN_POINT ( 'NONE',  ( 0.07500000000000002498, 0.4649999999999999689, 0.1000000000000000056 ) ) ;
#1742 = ORIENTED_EDGE ( 'NONE', *, *, #2202, .F. ) ;
#1743 = EDGE_LOOP ( 'NONE', ( #507, #2123, #2133, #1692 ) ) ;
#1744 = PRESENTATION_LAYER_ASSIGNMENT (  '', '', ( #990 ) ) ;
#1745 = VECTOR ( 'NONE', #104, 39.37007874015748143 ) ;
#1746 = ORIENTED_EDGE ( 'NONE', *, *, #1641, .F. ) ;
#1747 = DIRECTION ( 'NONE',  ( -1.000000000000000000, 0.000000000000000000, 0.000000000000000000 ) ) ;
#1748 = DIRECTION ( 'NONE',  ( -1.000000000000000000, 0.000000000000000000, 0.000000000000000000 ) ) ;
#1749 = DIRECTION ( 'NONE',  ( 1.000000000000000000, 0.000000000000000000, 0.000000000000000000 ) ) ;
#1750 = FACE_OUTER_BOUND ( 'NONE', #600, .T. ) ;
#1751 = ORIENTED_EDGE ( 'NONE', *, *, #919, .T. ) ;
#1752 = DIRECTION ( 'NONE',  ( 2.134256245050204715E-16, 0.000000000000000000, 1.000000000000000000 ) ) ;
#1753 = FACE_OUTER_BOUND ( 'NONE', #1509, .T. ) ;
#1754 = VERTEX_POINT ( 'NONE', #2092 ) ;
#1755 = CARTESIAN_POINT ( 'NONE',  ( -0.1499999999999999944, 0.3150000000000000022, -0.1000000000000000056 ) ) ;
#1756 = DIRECTION ( 'NONE',  ( 0.7071067811865475727, 0.7071067811865474617, 0.000000000000000000 ) ) ;
#1757 = VERTEX_POINT ( 'NONE', #802 ) ;
#1758 = LINE ( 'NONE', #1469, #1019 ) ;
#1759 = CARTESIAN_POINT ( 'NONE',  ( -0.004499999999999994456, -0.1300000000000000044, 0.004499999999999998793 ) ) ;
#1760 = EDGE_LOOP ( 'NONE', ( #606, #652, #558, #1480, #719, #834, #2410, #2457, #822, #741, #714, #1900, #298, #804, #1949, #1072 ) ) ;
#1761 = DIRECTION ( 'NONE',  ( 0.000000000000000000, 0.000000000000000000, -1.000000000000000000 ) ) ;
#1762 = CARTESIAN_POINT ( 'NONE',  ( 0.02500000000000001527, 0.4649999999999999689, 0.1000000000000000056 ) ) ;
#1763 = VERTEX_POINT ( 'NONE', #1188 ) ;
#1764 = LINE ( 'NONE', #510, #1771 ) ;
#1765 = VERTEX_POINT ( 'NONE', #2257 ) ;
#1766 = CARTESIAN_POINT ( 'NONE',  ( 0.02500000000000001527, 0.1150000000000000050, 0.06000000000000001166 ) ) ;
#1767 = CARTESIAN_POINT ( 'NONE',  ( 0.1600000000000000311, 0.4450000000000001177, 0.06000000000000001166 ) ) ;
#1768 = EDGE_LOOP ( 'NONE', ( #1954, #749, #1568, #1077 ) ) ;
#1769 = DIRECTION ( 'NONE',  ( 0.000000000000000000, 0.000000000000000000, 1.000000000000000000 ) ) ;
#1770 = CARTESIAN_POINT ( 'NONE',  ( 0.1599999999999999756, 0.4649999999999999689, -0.1000000000000000056 ) ) ;
#1771 = VECTOR ( 'NONE', #315, 39.37007874015748143 ) ;
#1772 = VERTEX_POINT ( 'NONE', #1910 ) ;
#1773 = EDGE_CURVE ( 'NONE', #845, #555, #1166, .T. ) ;
#1774 = FACE_OUTER_BOUND ( 'NONE', #2234, .T. ) ;
#1775 = EDGE_LOOP ( 'NONE', ( #637, #2245, #1849, #1793 ) ) ;
#1776 = PRODUCT_RELATED_PRODUCT_CATEGORY ( 'part', '', ( #1441 ) ) ;
#1777 = EDGE_CURVE ( 'NONE', #1530, #1299, #371, .T. ) ;
#1778 = SHAPE_REPRESENTATION ( '705430002', ( #2309, #461, #1351, #1886, #1681 ), #889 ) ;
#1779 = EDGE_LOOP ( 'NONE', ( #10, #810, #2129, #1688 ) ) ;
#1780 = CARTESIAN_POINT ( 'NONE',  ( -0.01249999999999999722, -0.1049999999999997324, 0.01250000000000000069 ) ) ;
#1781 = VERTEX_POINT ( 'NONE', #400 ) ;
#1782 = AXIS2_PLACEMENT_3D ( 'NONE', #599, #388, #404 ) ;
#1783 = DIRECTION ( 'NONE',  ( -0.000000000000000000, -0.000000000000000000, -1.000000000000000000 ) ) ;
#1784 = EDGE_CURVE ( 'NONE', #691, #963, #1980, .T. ) ;
#1785 = LINE ( 'NONE', #468, #161 ) ;
#1786 = VERTEX_POINT ( 'NONE', #1031 ) ;
#1787 = AXIS2_PLACEMENT_3D ( 'NONE', #565, #1346, #1537 ) ;
#1788 = DIRECTION ( 'NONE',  ( 0.9524241471993251107, 0.3047757271037810356, 0.000000000000000000 ) ) ;
#1789 = CARTESIAN_POINT ( 'NONE',  ( 0.1899999999999999745, 0.4649999999999999689, -0.1000000000000000056 ) ) ;
#1790 = DIRECTION ( 'NONE',  ( -0.000000000000000000, -0.000000000000000000, -1.000000000000000000 ) ) ;
#1791 = ORIENTED_EDGE ( 'NONE', *, *, #1496, .T. ) ;
#1792 = VERTEX_POINT ( 'NONE', #1309 ) ;
#1793 = ORIENTED_EDGE ( 'NONE', *, *, #1373, .T. ) ;
#1794 = EDGE_LOOP ( 'NONE', ( #1699, #2239, #480, #2108, #860 ) ) ;
#1795 = LINE ( 'NONE', #702, #155 ) ;
#1796 = CARTESIAN_POINT ( 'NONE',  ( 0.004499999999999993588, 0.3550000000000000377, 0.004499999999999989252 ) ) ;
#1797 = VERTEX_POINT ( 'NONE', #1154 ) ;
#1798 = CARTESIAN_POINT ( 'NONE',  ( 0.1749999999999999889, 0.4049999999999999711, -0.1000000000000000056 ) ) ;
#1799 = LINE ( 'NONE', #603, #1027 ) ;
#1800 = ORIENTED_EDGE ( 'NONE', *, *, #680, .F. ) ;
#1801 = CARTESIAN_POINT ( 'NONE',  ( 0.000000000000000000, 0.3150000000000000022, 0.000000000000000000 ) ) ;
#1802 = ADVANCED_FACE ( 'NONE', ( #1168 ), #214, .F. ) ;
#1803 = EDGE_CURVE ( 'NONE', #934, #2204, #346, .T. ) ;
#1804 = DIRECTION ( 'NONE',  ( 0.000000000000000000, 0.000000000000000000, -1.000000000000000000 ) ) ;
#1805 = ORIENTED_EDGE ( 'NONE', *, *, #386, .F. ) ;
#1806 = VERTEX_POINT ( 'NONE', #384 ) ;
#1807 = VECTOR ( 'NONE', #811, 39.37007874015748143 ) ;
#1808 = EDGE_CURVE ( 'NONE', #1299, #215, #2008, .T. ) ;
#1809 = ORIENTED_EDGE ( 'NONE', *, *, #103, .F. ) ;
#1810 = ORIENTED_EDGE ( 'NONE', *, *, #1990, .F. ) ;
#1811 = EDGE_CURVE ( 'NONE', #768, #1643, #1193, .T. ) ;
#1812 = ORIENTED_EDGE ( 'NONE', *, *, #1353, .F. ) ;
#1813 = CARTESIAN_POINT ( 'NONE',  ( 0.01250000000000000590, 0.3299999999999997380, -0.01250000000000000069 ) ) ;
#1814 = CARTESIAN_POINT ( 'NONE',  ( -0.01249999999999999722, 0.01500000000000000291, 0.01250000000000000069 ) ) ;
#1815 = LINE ( 'NONE', #870, #1824 ) ;
#1816 = VERTEX_POINT ( 'NONE', #774 ) ;
#1817 = DIRECTION ( 'NONE',  ( 0.000000000000000000, 0.000000000000000000, -1.000000000000000000 ) ) ;
#1818 = CARTESIAN_POINT ( 'NONE',  ( -0.004499999999999984915, 0.3550000000000000377, -0.004499999999999989252 ) ) ;
#1819 = LINE ( 'NONE', #2448, #1011 ) ;
#1820 =( NAMED_UNIT ( * ) SI_UNIT ( $, .STERADIAN. ) SOLID_ANGLE_UNIT ( ) );
#1821 = VERTEX_POINT ( 'NONE', #996 ) ;
#1822 = ADVANCED_FACE ( 'NONE', ( #1183 ), #1739, .T. ) ;
#1823 = PLANE ( 'NONE',  #1008 ) ;
#1824 = VECTOR ( 'NONE', #924, 39.37007874015748143 ) ;
#1825 = FILL_AREA_STYLE ('',( #2326 ) ) ;
#1826 = LINE ( 'NONE', #1176, #997 ) ;
#1827 = CARTESIAN_POINT ( 'NONE',  ( 0.1474999999999999922, -1.521932845476526925E-18, -0.1380788655293195000 ) ) ;
#1828 = EDGE_CURVE ( 'NONE', #555, #2222, #385, .T. ) ;
#1829 = CARTESIAN_POINT ( 'NONE',  ( -0.01249999999999999722, 0.3550000000000000377, 0.01250000000000000069 ) ) ;
#1830 = LINE ( 'NONE', #780, #125 ) ;
#1831 = EDGE_CURVE ( 'NONE', #674, #934, #350, .T. ) ;
#1832 = DIRECTION ( 'NONE',  ( 0.000000000000000000, 0.000000000000000000, 1.000000000000000000 ) ) ;
#1833 = AXIS2_PLACEMENT_3D ( 'NONE', #2002, #1165, #1508 ) ;
#1834 = EDGE_CURVE ( 'NONE', #541, #1736, #1999, .T. ) ;
#1835 = DIRECTION ( 'NONE',  ( -0.2425356250363332467, 0.9701425001453318764, 0.000000000000000000 ) ) ;
#1836 = ADVANCED_FACE ( 'NONE', ( #1202 ), #935, .T. ) ;
#1837 = VECTOR ( 'NONE', #823, 39.37007874015748143 ) ;
#1838 = DIRECTION ( 'NONE',  ( 0.7071067811865451302, -0.7071067811865499042, 0.000000000000000000 ) ) ;
#1839 = CARTESIAN_POINT ( 'NONE',  ( -0.05699999999999962735, 0.4049999999999999711, 0.1176972864800942681 ) ) ;
#1840 = SURFACE_STYLE_USAGE ( .BOTH. , #2371 ) ;
#1841 = VECTOR ( 'NONE', #1302, 39.37007874015748854 ) ;
#1842 = DIRECTION ( 'NONE',  ( -1.000000000000000000, 0.000000000000000000, 0.000000000000000000 ) ) ;
#1843 = CARTESIAN_POINT ( 'NONE',  ( 0.05700000000000000205, 0.3519999999999999796, -0.1200000000000000233 ) ) ;
#1844 = DIRECTION ( 'NONE',  ( 0.000000000000000000, 1.000000000000000000, 0.000000000000000000 ) ) ;
#1845 = VERTEX_POINT ( 'NONE', #752 ) ;
#1846 = EDGE_CURVE ( 'NONE', #159, #1419, #2017, .T. ) ;
#1847 = LINE ( 'NONE', #1814, #1127 ) ;
#1848 = CARTESIAN_POINT ( 'NONE',  ( -0.06000000000000003247, 0.3150000000000000022, -0.07999999999999998779 ) ) ;
#1849 = ORIENTED_EDGE ( 'NONE', *, *, #1432, .T. ) ;
#1850 = DIRECTION ( 'NONE',  ( 0.000000000000000000, -0.000000000000000000, 1.000000000000000000 ) ) ;
#1851 = PRODUCT_DEFINITION_SHAPE ( 'NONE', 'NONE',  #2463 ) ;
#1852 = EDGE_CURVE ( 'NONE', #2342, #156, #1219, .T. ) ;
#1853 = VERTEX_POINT ( 'NONE', #2436 ) ;
#1854 = AXIS2_PLACEMENT_3D ( 'NONE', #148, #516, #1638 ) ;
#1855 = DIRECTION ( 'NONE',  ( -1.000000000000000000, 0.000000000000000000, 0.000000000000000000 ) ) ;
#1856 = ORIENTED_EDGE ( 'NONE', *, *, #1561, .F. ) ;
#1857 = SURFACE_STYLE_USAGE ( .BOTH. , #2419 ) ;
#1858 =( GEOMETRIC_REPRESENTATION_CONTEXT ( 3 ) GLOBAL_UNCERTAINTY_ASSIGNED_CONTEXT ( ( #1729 ) ) GLOBAL_UNIT_ASSIGNED_CONTEXT ( ( #1163, #1506, #1925 ) ) REPRESENTATION_CONTEXT ( 'NONE', 'WORKASPACE' ) );
#1859 = ORIENTED_EDGE ( 'NONE', *, *, #743, .T. ) ;
#1860 = DIRECTION ( 'NONE',  ( 0.000000000000000000, 0.000000000000000000, 1.000000000000000000 ) ) ;
#1861 = CARTESIAN_POINT ( 'NONE',  ( -0.2000000000000000111, 0.4649999999999999689, -0.1000000000000000056 ) ) ;
#1862 = CARTESIAN_POINT ( 'NONE',  ( 0.02500000000000001527, 0.4649999999999999689, 0.08000000000000000167 ) ) ;
#1863 = VECTOR ( 'NONE', #469, 39.37007874015748143 ) ;
#1864 = AXIS2_PLACEMENT_3D ( 'NONE', #598, #1035, #450 ) ;
#1865 = PRODUCT_DEFINITION_SHAPE ( 'NONE', 'NONE',  #2464 ) ;
#1866 = ORIENTED_EDGE ( 'NONE', *, *, #2119, .F. ) ;
#1867 = FACE_OUTER_BOUND ( 'NONE', #2458, .T. ) ;
#1868 = CARTESIAN_POINT ( 'NONE',  ( 0.05999999999999996309, 0.1150000000000000050, -0.1000000000000000056 ) ) ;
#1869 = ADVANCED_FACE ( 'NONE', ( #2020 ), #383, .F. ) ;
#1870 = DIRECTION ( 'NONE',  ( 0.7071067811865475727, 0.7071067811865474617, 0.000000000000000000 ) ) ;
#1871 = DIRECTION ( 'NONE',  ( -1.000000000000000000, 0.000000000000000000, 0.000000000000000000 ) ) ;
#1872 = CARTESIAN_POINT ( 'NONE',  ( 0.01250000000000000590, 0.01500000000000000291, 0.01250000000000000069 ) ) ;
#1873 = ORIENTED_EDGE ( 'NONE', *, *, #1043, .T. ) ;
#1874 = CIRCLE ( 'NONE', #1607, 0.05300000000000000544 ) ;
#1875 = CARTESIAN_POINT ( 'NONE',  ( -0.01249999999999999722, 0.01500000000000000291, 0.01250000000000000069 ) ) ;
#1876 = DIRECTION ( 'NONE',  ( 0.7071067811865474617, 0.7071067811865474617, 0.000000000000000000 ) ) ;
#1877 = ORIENTED_EDGE ( 'NONE', *, *, #415, .F. ) ;
#1878 = EDGE_CURVE ( 'NONE', #1754, #574, #378, .T. ) ;
#1879 = VECTOR ( 'NONE', #2138, 39.37007874015748854 ) ;
#1880 = DIRECTION ( 'NONE',  ( -0.000000000000000000, -0.000000000000000000, -1.000000000000000000 ) ) ;
#1881 = EDGE_CURVE ( 'NONE', #1797, #2368, #304, .T. ) ;
#1882 = DIRECTION ( 'NONE',  ( -0.000000000000000000, -1.000000000000000000, -0.000000000000000000 ) ) ;
#1883 = VECTOR ( 'NONE', #1392, 39.37007874015748143 ) ;
#1884 = CARTESIAN_POINT ( 'NONE',  ( 0.01250000000000000590, 0.3550000000000000377, -0.01250000000000000069 ) ) ;
#1885 = ORIENTED_EDGE ( 'NONE', *, *, #1121, .F. ) ;
#1886 = AXIS2_PLACEMENT_3D ( 'NONE', #2102, #1717, #251 ) ;
#1887 = CARTESIAN_POINT ( 'NONE',  ( 0.000000000000000000, 0.4649999999999999689, 0.000000000000000000 ) ) ;
#1888 = CARTESIAN_POINT ( 'NONE',  ( 0.1600000000000000311, 0.1150000000000000050, 0.06000000000000001166 ) ) ;
#1889 = DIRECTION ( 'NONE',  ( -1.000000000000000000, 0.000000000000000000, 0.000000000000000000 ) ) ;
#1890 = VECTOR ( 'NONE', #838, 39.37007874015748143 ) ;
#1891 = ADVANCED_FACE ( 'NONE', ( #1238 ), #1704, .F. ) ;
#1892 = CARTESIAN_POINT ( 'NONE',  ( 0.1749999999999999889, 0.4049999999999999711, -0.09900000000000000466 ) ) ;
#1893 = DIRECTION ( 'NONE',  ( -1.000000000000000000, 0.000000000000000000, 0.000000000000000000 ) ) ;
#1894 = DIRECTION ( 'NONE',  ( 0.000000000000000000, -0.000000000000000000, 1.000000000000000000 ) ) ;
#1895 = LINE ( 'NONE', #528, #273 ) ;
#1896 = ORIENTED_EDGE ( 'NONE', *, *, #427, .T. ) ;
#1897 = LINE ( 'NONE', #1541, #1907 ) ;
#1898 = CARTESIAN_POINT ( 'NONE',  ( 0.1525000000000000244, -2.134256245050205639E-18, 0.1000000000000000056 ) ) ;
#1899 = CARTESIAN_POINT ( 'NONE',  ( 0.01250000000000000590, -0.1300000000000000044, 0.01250000000000000069 ) ) ;
#1900 = ORIENTED_EDGE ( 'NONE', *, *, #308, .F. ) ;
#1901 = DIRECTION ( 'NONE',  ( 0.5773502691896269523, -0.5773502691896230665, 0.5773502691896269523 ) ) ;
#1902 = DIRECTION ( 'NONE',  ( 0.000000000000000000, 0.000000000000000000, 1.000000000000000000 ) ) ;
#1903 =( CONVERSION_BASED_UNIT ( 'INCH', #1400 ) LENGTH_UNIT ( ) NAMED_UNIT ( #2290 ) );
#1904 = DIRECTION ( 'NONE',  ( 1.000000000000000000, 0.000000000000000000, 0.000000000000000000 ) ) ;
#1905 = VECTOR ( 'NONE', #2198, 39.37007874015748143 ) ;
#1906 = ORIENTED_EDGE ( 'NONE', *, *, #2119, .T. ) ;
#1907 = VECTOR ( 'NONE', #2323, 39.37007874015748143 ) ;
#1908 = CARTESIAN_POINT ( 'NONE',  ( 0.1800000000000000211, 0.4649999999999999689, -0.000000000000000000 ) ) ;
#1909 = CARTESIAN_POINT ( 'NONE',  ( -0.06000000000000003247, -0.01149110640673522282, -0.1000000000000000056 ) ) ;
#1910 = CARTESIAN_POINT ( 'NONE',  ( 0.1599999999999999756, 0.4649999999999999689, -0.09900000000000000466 ) ) ;
#1911 = LINE ( 'NONE', #2408, #1101 ) ;
#1912 = VERTEX_POINT ( 'NONE', #13 ) ;
#1913 = FACE_OUTER_BOUND ( 'NONE', #1664, .T. ) ;
#1914 = DIRECTION ( 'NONE',  ( 1.000000000000000000, 0.000000000000000000, 0.000000000000000000 ) ) ;
#1915 = DIRECTION ( 'NONE',  ( -0.7071067811865474617, -0.7071067811865475727, 0.000000000000000000 ) ) ;
#1916 = EDGE_CURVE ( 'NONE', #2189, #1583, #2045, .T. ) ;
#1917 = DIRECTION ( 'NONE',  ( 0.000000000000000000, 1.000000000000000000, 0.000000000000000000 ) ) ;
#1918 = VECTOR ( 'NONE', #587, 39.37007874015748143 ) ;
#1919 = ADVANCED_FACE ( 'NONE', ( #420 ), #635, .T. ) ;
#1920 = PRODUCT_DEFINITION_FORMATION_WITH_SPECIFIED_SOURCE ( 'ANY', '', #1441, .NOT_KNOWN. ) ;
#1921 = EDGE_CURVE ( 'NONE', #916, #1016, #2071, .T. ) ;
#1922 = VECTOR ( 'NONE', #407, 39.37007874015748143 ) ;
#1923 = CARTESIAN_POINT ( 'NONE',  ( -0.01249999999999999722, -0.1049999999999997324, -0.01250000000000000069 ) ) ;
#1924 = CARTESIAN_POINT ( 'NONE',  ( 0.1199999999999998429, 0.4050000000000001932, -0.01999999999999982001 ) ) ;
#1925 =( NAMED_UNIT ( * ) SI_UNIT ( $, .STERADIAN. ) SOLID_ANGLE_UNIT ( ) );
#1926 = LINE ( 'NONE', #409, #1883 ) ;
#1927 = DIRECTION ( 'NONE',  ( -0.000000000000000000, -0.000000000000000000, -1.000000000000000000 ) ) ;
#1928 = VECTOR ( 'NONE', #428, 39.37007874015748143 ) ;
#1929 = LINE ( 'NONE', #1884, #244 ) ;
#1930 = DIRECTION ( 'NONE',  ( -1.000000000000000000, 0.000000000000000000, -0.000000000000000000 ) ) ;
#1931 = CARTESIAN_POINT ( 'NONE',  ( -0.06000000000000003247, 0.1150000000000000050, -0.1000000000000000056 ) ) ;
#1932 = ORIENTED_EDGE ( 'NONE', *, *, #1432, .F. ) ;
#1933 = LINE ( 'NONE', #1350, #1935 ) ;
#1934 = LINE ( 'NONE', #968, #1122 ) ;
#1935 = VECTOR ( 'NONE', #1790, 39.37007874015748143 ) ;
#1936 = FACE_OUTER_BOUND ( 'NONE', #827, .T. ) ;
#1937 = CARTESIAN_POINT ( 'NONE',  ( 0.1600000000000000311, 0.4450000000000001177, -0.05999999999999999084 ) ) ;
#1938 = CARTESIAN_POINT ( 'NONE',  ( 0.05999999999999996309, 0.3150000000000000022, -0.1000000000000000056 ) ) ;
#1939 = COLOUR_RGB ( '',1.000000000000000000, 0.8117647058823529438, 0.5019607843137254832 ) ;
#1940 = ORIENTED_EDGE ( 'NONE', *, *, #1373, .F. ) ;
#1941 = CARTESIAN_POINT ( 'NONE',  ( 0.1300000000000000877, 0.4650000000000000799, -0.08000000000000007105 ) ) ;
#1942 = CARTESIAN_POINT ( 'NONE',  ( 0.01250000000000000590, 0.3550000000000000377, 0.004499999999999989252 ) ) ;
#1943 = FACE_OUTER_BOUND ( 'NONE', #1356, .T. ) ;
#1944 = ORIENTED_EDGE ( 'NONE', *, *, #1256, .T. ) ;
#1945 = EDGE_CURVE ( 'NONE', #613, #849, #1242, .T. ) ;
#1946 = DIRECTION ( 'NONE',  ( 0.000000000000000000, 1.000000000000000000, 0.000000000000000000 ) ) ;
#1947 = CARTESIAN_POINT ( 'NONE',  ( 0.05999999999999997696, 0.3150000000000000022, -0.07999999999999998779 ) ) ;
#1948 = LINE ( 'NONE', #1762, #1837 ) ;
#1949 = ORIENTED_EDGE ( 'NONE', *, *, #2018, .T. ) ;
#1950 = AXIS2_PLACEMENT_3D ( 'NONE', #704, #927, #2153 ) ;
#1951 = EDGE_CURVE ( 'NONE', #695, #545, #1252, .T. ) ;
#1952 = LINE ( 'NONE', #737, #299 ) ;
#1953 = CARTESIAN_POINT ( 'NONE',  ( 0.1899999999999999745, 0.4649999999999999689, -0.09900000000000000466 ) ) ;
#1954 = ORIENTED_EDGE ( 'NONE', *, *, #2432, .T. ) ;
#1955 = APPLICATION_CONTEXT ( 'automotive_design' ) ;
#1956 = LINE ( 'NONE', #105, #289 ) ;
#1957 = CARTESIAN_POINT ( 'NONE',  ( 0.07500000000000002498, 0.1150000000000000050, 0.1000000000000000056 ) ) ;
#1958 = LINE ( 'NONE', #1179, #363 ) ;
#1959 = LINE ( 'NONE', #1473, #1863 ) ;
#1960 = DIRECTION ( 'NONE',  ( 0.000000000000000000, 1.000000000000000000, 0.000000000000000000 ) ) ;
#1961 = AXIS2_PLACEMENT_3D ( 'NONE', #1843, #976, #1411 ) ;
#1962 = FACE_OUTER_BOUND ( 'NONE', #659, .T. ) ;
#1963 = DIRECTION ( 'NONE',  ( 1.000000000000000000, -0.000000000000000000, -0.000000000000000000 ) ) ;
#1964 = CARTESIAN_POINT ( 'NONE',  ( -0.01249999999999999722, 0.3550000000000000377, 0.01250000000000000069 ) ) ;
#1965 = VECTOR ( 'NONE', #1665, 39.37007874015748143 ) ;
#1966 = FACE_OUTER_BOUND ( 'NONE', #1794, .T. ) ;
#1967 = DIRECTION ( 'NONE',  ( 0.000000000000000000, -1.000000000000000000, 0.000000000000000000 ) ) ;
#1968 = VECTOR ( 'NONE', #2456, 39.37007874015748143 ) ;
#1969 = CARTESIAN_POINT ( 'NONE',  ( -0.06000000000000003247, 0.1150000000000000050, -0.1000000000000000056 ) ) ;
#1970 = VECTOR ( 'NONE', #1721, 39.37007874015748143 ) ;
#1971 = LINE ( 'NONE', #2048, #1222 ) ;
#1972 = EDGE_CURVE ( 'NONE', #1429, #1792, #419, .T. ) ;
#1973 = LINE ( 'NONE', #46, #326 ) ;
#1974 = LINE ( 'NONE', #354, #1991 ) ;
#1975 =( GEOMETRIC_REPRESENTATION_CONTEXT ( 3 ) GLOBAL_UNCERTAINTY_ASSIGNED_CONTEXT ( ( #1357 ) ) GLOBAL_UNIT_ASSIGNED_CONTEXT ( ( #912, #1440, #586 ) ) REPRESENTATION_CONTEXT ( 'NONE', 'WORKASPACE' ) );
#1976 = DIRECTION ( 'NONE',  ( -1.000000000000000000, -0.000000000000000000, -0.000000000000000000 ) ) ;
#1977 = LENGTH_MEASURE_WITH_UNIT ( LENGTH_MEASURE( 0.02539999999999999897 ), #2306 );
#1978 = LINE ( 'NONE', #534, #1968 ) ;
#1979 = DIRECTION ( 'NONE',  ( 1.000000000000000000, 0.000000000000000000, -2.134256245050204715E-16 ) ) ;
#1980 = LINE ( 'NONE', #414, #1146 ) ;
#1981 = CARTESIAN_POINT ( 'NONE',  ( -0.1474999999999999922, -1.521932845476526925E-18, -0.1380788655293195000 ) ) ;
#1982 = LINE ( 'NONE', #1092, #301 ) ;
#1983 = FACE_OUTER_BOUND ( 'NONE', #124, .T. ) ;
#1984 = PLANE ( 'NONE',  #2405 ) ;
#1985 = LINE ( 'NONE', #1629, #1185 ) ;
#1986 = DIRECTION ( 'NONE',  ( 1.000000000000000000, 1.224646799147353947E-16, 0.000000000000000000 ) ) ;
#1987 = CARTESIAN_POINT ( 'NONE',  ( -0.1799999999999999656, 0.4649999999999999689, 0.08000000000000000167 ) ) ;
#1988 = LINE ( 'NONE', #271, #1174 ) ;
#1989 = FACE_OUTER_BOUND ( 'NONE', #745, .T. ) ;
#1990 = EDGE_CURVE ( 'NONE', #1583, #1786, #2058, .T. ) ;
#1991 = VECTOR ( 'NONE', #1246, 39.37007874015748143 ) ;
#1992 = CARTESIAN_POINT ( 'NONE',  ( -0.06000000000000004635, 0.3150000000000000577, -0.1000000000000000056 ) ) ;
#1993 =( LENGTH_UNIT ( ) NAMED_UNIT ( * ) SI_UNIT ( $, .METRE. ) );
#1994 = LINE ( 'NONE', #490, #1181 ) ;
#1995 = VECTOR ( 'NONE', #1889, 39.37007874015748143 ) ;
#1996 = EDGE_CURVE ( 'NONE', #2111, #269, #1270, .T. ) ;
#1997 = DIRECTION ( 'NONE',  ( -0.000000000000000000, -1.000000000000000000, -0.000000000000000000 ) ) ;
#1998 = LINE ( 'NONE', #921, #376 ) ;
#1999 = LINE ( 'NONE', #501, #356 ) ;
#2000 = AXIS2_PLACEMENT_3D ( 'NONE', #167, #895, #2057 ) ;
#2001 = DIRECTION ( 'NONE',  ( -1.224646799147353947E-16, -1.000000000000000000, 0.000000000000000000 ) ) ;
#2002 = CARTESIAN_POINT ( 'NONE',  ( 0.1749999999999999889, 0.4049999999999999711, -0.03191796067500632383 ) ) ;
#2003 = DIRECTION ( 'NONE',  ( 0.000000000000000000, -1.000000000000000000, 0.000000000000000000 ) ) ;
#2004 = AXIS2_PLACEMENT_3D ( 'NONE', #319, #1244, #488 ) ;
#2005 = PRESENTATION_STYLE_ASSIGNMENT (( #2113 ) ) ;
#2006 = CARTESIAN_POINT ( 'NONE',  ( -0.1799999999999999656, 0.4649999999999999689, -0.000000000000000000 ) ) ;
#2007 = DIRECTION ( 'NONE',  ( -1.000000000000000000, -0.000000000000000000, -0.000000000000000000 ) ) ;
#2008 = LINE ( 'NONE', #1942, #2027 ) ;
#2009 = ADVANCED_FACE ( 'NONE', ( #454 ), #1225, .F. ) ;
#2010 = VECTOR ( 'NONE', #71, 39.37007874015748854 ) ;
#2011 = LINE ( 'NONE', #2233, #316 ) ;
#2012 = CARTESIAN_POINT ( 'NONE',  ( -0.06000000000000003247, 0.3150000000000000022, -0.1000000000000000056 ) ) ;
#2013 = EDGE_CURVE ( 'NONE', #1722, #541, #2050, .T. ) ;
#2014 = VECTOR ( 'NONE', #569, 39.37007874015748143 ) ;
#2015 = DIRECTION ( 'NONE',  ( 0.000000000000000000, 0.000000000000000000, 1.000000000000000000 ) ) ;
#2016 = CARTESIAN_POINT ( 'NONE',  ( -0.2000000000000000111, 0.4649999999999999689, 0.1000000000000000056 ) ) ;
#2017 = LINE ( 'NONE', #226, #375 ) ;
#2018 = EDGE_CURVE ( 'NONE', #1679, #1630, #411, .T. ) ;
#2019 = LINE ( 'NONE', #1105, #307 ) ;
#2020 = FACE_OUTER_BOUND ( 'NONE', #1564, .T. ) ;
#2021 = CARTESIAN_POINT ( 'NONE',  ( 0.01250000000000000590, 0.1150000000000000050, 0.01250000000000000069 ) ) ;
#2022 = PRODUCT_DEFINITION_FORMATION_WITH_SPECIFIED_SOURCE ( 'ANY', '', #2430, .NOT_KNOWN. ) ;
#2023 = EDGE_CURVE ( 'NONE', #696, #1573, #426, .T. ) ;
#2024 = CARTESIAN_POINT ( 'NONE',  ( 0.000000000000000000, 0.3150000000000000022, 0.000000000000000000 ) ) ;
#2025 = FILL_AREA_STYLE_COLOUR ( '', #2036 ) ;
#2026 = AXIS2_PLACEMENT_3D ( 'NONE', #829, #1714, #1557 ) ;
#2027 = VECTOR ( 'NONE', #240, 39.37007874015748143 ) ;
#2028 = AXIS2_PLACEMENT_3D ( 'NONE', #377, #584, #1161 ) ;
#2029 = DIRECTION ( 'NONE',  ( -1.000000000000000000, -0.000000000000000000, -0.000000000000000000 ) ) ;
#2030 = DIRECTION ( 'NONE',  ( 1.000000000000000000, 0.000000000000000000, 0.000000000000000000 ) ) ;
#2031 = EDGE_LOOP ( 'NONE', ( #972, #1800, #1859, #2201 ) ) ;
#2032 = VECTOR ( 'NONE', #99, 39.37007874015748143 ) ;
#2033 = CARTESIAN_POINT ( 'NONE',  ( -0.1599999999999999756, 0.4450000000000001177, -0.05999999999999999084 ) ) ;
#2034 = DIRECTION ( 'NONE',  ( 0.2425356250363332467, 0.9701425001453318764, 0.000000000000000000 ) ) ;
#2035 = ADVANCED_FACE ( 'NONE', ( #1249 ), #1984, .F. ) ;
#2036 = COLOUR_RGB ( '',0.2509803921568627416, 0.2509803921568627416, 0.2509803921568627416 ) ;
#2037 = DIRECTION ( 'NONE',  ( -1.000000000000000000, 0.000000000000000000, 0.000000000000000000 ) ) ;
#2038 =( CONVERSION_BASED_UNIT ( 'INCH', #2106 ) LENGTH_UNIT ( ) NAMED_UNIT ( #1730 ) );
#2039 = CARTESIAN_POINT ( 'NONE',  ( -0.01249999999999999722, 0.1150000000000000050, 0.01250000000000000069 ) ) ;
#2040 = MANIFOLD_SOLID_BREP ( 'Chamfer1', #814 ) ;
#2041 = LENGTH_MEASURE_WITH_UNIT ( LENGTH_MEASURE( 0.02539999999999999897 ), #431 );
#2042 = CARTESIAN_POINT ( 'NONE',  ( 0.01250000000000000590, 0.01500000000000000291, -0.01250000000000000069 ) ) ;
#2043 = CARTESIAN_POINT ( 'NONE',  ( 0.05999999999999997696, -0.01149110640673522282, -0.05999999999999999084 ) ) ;
#2044 = EDGE_CURVE ( 'NONE', #1671, #1845, #2075, .T. ) ;
#2045 = LINE ( 'NONE', #955, #1248 ) ;
#2046 = AXIS2_PLACEMENT_3D ( 'NONE', #1364, #2360, #122 ) ;
#2047 = DIRECTION ( 'NONE',  ( 0.7071067811865474617, 0.7071067811865474617, 0.000000000000000000 ) ) ;
#2048 = CARTESIAN_POINT ( 'NONE',  ( 0.1099999999999999867, 0.4450000000000001177, -0.1199999999999999956 ) ) ;
#2049 = EDGE_CURVE ( 'NONE', #555, #839, #389, .T. ) ;
#2050 = LINE ( 'NONE', #444, #2065 ) ;
#2051 = PLANE ( 'NONE',  #866 ) ;
#2052 = ADVANCED_FACE ( 'NONE', ( #1229 ), #1111, .T. ) ;
#2053 = CARTESIAN_POINT ( 'NONE',  ( 0.1749999999999999889, 0.4049999999999999711, -0.09900000000000000466 ) ) ;
#2054 = MANIFOLD_SOLID_BREP ( 'Cut-Extrude6', #1490 ) ;
#2055 = CARTESIAN_POINT ( 'NONE',  ( -0.1499999999999999944, 0.4649999999999999689, -0.1600000000000000033 ) ) ;
#2056 = DIRECTION ( 'NONE',  ( 0.000000000000000000, 1.000000000000000000, -0.000000000000000000 ) ) ;
#2057 = DIRECTION ( 'NONE',  ( 0.000000000000000000, -0.000000000000000000, 1.000000000000000000 ) ) ;
#2058 = LINE ( 'NONE', #286, #2084 ) ;
#2059 = PLANE ( 'NONE',  #437 ) ;
#2060 = ADVANCED_FACE ( 'NONE', ( #477 ), #1482, .T. ) ;
#2061 = DIRECTION ( 'NONE',  ( 1.000000000000000000, -0.000000000000000000, -0.000000000000000000 ) ) ;
#2062 = PLANE ( 'NONE',  #2418 ) ;
#2063 = DIRECTION ( 'NONE',  ( -0.5773502691896271743, 0.5773502691896233996, -0.5773502691896267303 ) ) ;
#2064 = CARTESIAN_POINT ( 'NONE',  ( -0.1599999999999999756, 0.1150000000000000050, 0.06000000000000001166 ) ) ;
#2065 = VECTOR ( 'NONE', #54, 39.37007874015748143 ) ;
#2066 = DIRECTION ( 'NONE',  ( -1.000000000000000000, 0.000000000000000000, 0.000000000000000000 ) ) ;
#2067 = EDGE_CURVE ( 'NONE', #1660, #608, #2173, .T. ) ;
#2068 =( NAMED_UNIT ( * ) PLANE_ANGLE_UNIT ( ) SI_UNIT ( $, .RADIAN. ) );
#2069 = PLANE ( 'NONE',  #29 ) ;
#2070 = ADVANCED_FACE ( 'NONE', ( #472 ), #980, .F. ) ;
#2071 = LINE ( 'NONE', #1204, #436 ) ;
#2072 = AXIS2_PLACEMENT_3D ( 'NONE', #398, #1338, #2134 ) ;
#2073 = CARTESIAN_POINT ( 'NONE',  ( -0.01249999999999999722, -0.1049999999999997324, 0.01250000000000000069 ) ) ;
#2074 = EDGE_CURVE ( 'NONE', #102, #948, #509, .T. ) ;
#2075 = LINE ( 'NONE', #1755, #2032 ) ;
#2076 = DIRECTION ( 'NONE',  ( 0.000000000000000000, 0.000000000000000000, -1.000000000000000000 ) ) ;
#2077 = DIRECTION ( 'NONE',  ( -0.000000000000000000, -1.000000000000000000, -0.000000000000000000 ) ) ;
#2078 = VERTEX_POINT ( 'NONE', #39 ) ;
#2079 = ADVANCED_FACE ( 'NONE', ( #517 ), #2300, .T. ) ;
#2080 = CARTESIAN_POINT ( 'NONE',  ( 0.1099999999999999867, 0.3150000000000000022, -0.1600000000000000033 ) ) ;
#2081 = VECTOR ( 'NONE', #1355, 39.37007874015748143 ) ;
#2082 =( LENGTH_UNIT ( ) NAMED_UNIT ( * ) SI_UNIT ( $, .METRE. ) );
#2083 = CARTESIAN_POINT ( 'NONE',  ( 0.000000000000000000, 0.4649999999999999689, -0.07999999999999998779 ) ) ;
#2084 = VECTOR ( 'NONE', #2292, 39.37007874015748143 ) ;
#2085 = DIRECTION ( 'NONE',  ( 0.000000000000000000, 0.000000000000000000, 1.000000000000000000 ) ) ;
#2086 = PRODUCT_CONTEXT ( 'NONE', #547, 'mechanical' ) ;
#2087 = PLANE ( 'NONE',  #2232 ) ;
#2088 = COLOUR_RGB ( '',0.7921568627450980005, 0.8196078431372548767, 0.9333333333333333481 ) ;
#2089 = ORIENTED_EDGE ( 'NONE', *, *, #2362, .F. ) ;
#2090 = DIRECTION ( 'NONE',  ( -0.000000000000000000, 0.000000000000000000, -1.000000000000000000 ) ) ;
#2091 = CARTESIAN_POINT ( 'NONE',  ( 0.1474999999999999922, -1.521932845476526925E-18, 0.1000000000000000056 ) ) ;
#2092 = CARTESIAN_POINT ( 'NONE',  ( 0.01250000000000000590, -0.1049999999999997324, 0.01250000000000000069 ) ) ;
#2093 = VECTOR ( 'NONE', #421, 39.37007874015748143 ) ;
#2094 = DIRECTION ( 'NONE',  ( -0.000000000000000000, -0.000000000000000000, -1.000000000000000000 ) ) ;
#2095 = EDGE_CURVE ( 'NONE', #553, #117, #1360, .T. ) ;
#2096 = DIRECTION ( 'NONE',  ( 0.000000000000000000, 1.000000000000000000, 0.000000000000000000 ) ) ;
#2097 = CARTESIAN_POINT ( 'NONE',  ( -0.1599999999999999756, 0.1150000000000000050, 0.06000000000000001166 ) ) ;
#2098 = VECTOR ( 'NONE', #1876, 39.37007874015748854 ) ;
#2099 = DIMENSIONAL_EXPONENTS ( 1.000000000000000000, 0.000000000000000000, 0.000000000000000000, 0.000000000000000000, 0.000000000000000000, 0.000000000000000000, 0.000000000000000000 ) ;
#2100 = EDGE_CURVE ( 'NONE', #1806, #1059, #2181, .T. ) ;
#2101 = PLANE ( 'NONE',  #1049 ) ;
#2102 = CARTESIAN_POINT ( 'NONE',  ( 0.000000000000000000, 0.000000000000000000, 0.000000000000000000 ) ) ;
#2103 = AXIS2_PLACEMENT_3D ( 'NONE', #1257, #1677, #1850 ) ;
#2104 = ORIENTED_EDGE ( 'NONE', *, *, #820, .T. ) ;
#2105 = VECTOR ( 'NONE', #1483, 39.37007874015748143 ) ;
#2106 = LENGTH_MEASURE_WITH_UNIT ( LENGTH_MEASURE( 0.02539999999999999897 ), #683 );
#2107 = DIRECTION ( 'NONE',  ( -0.000000000000000000, -0.7071067811865499042, -0.7071067811865451302 ) ) ;
#2108 = ORIENTED_EDGE ( 'NONE', *, *, #1018, .T. ) ;
#2109 = VECTOR ( 'NONE', #302, 39.37007874015748143 ) ;
#2110 = CARTESIAN_POINT ( 'NONE',  ( 0.2000000000000000111, 0.4649999999999999689, -0.1000000000000000056 ) ) ;
#2111 = VERTEX_POINT ( 'NONE', #1552 ) ;
#2112 = VECTOR ( 'NONE', #1036, 39.37007874015748143 ) ;
#2113 = SURFACE_STYLE_USAGE ( .BOTH. , #2287 ) ;
#2114 = ORIENTED_EDGE ( 'NONE', *, *, #1150, .T. ) ;
#2115 = LINE ( 'NONE', #249, #483 ) ;
#2116 = DIRECTION ( 'NONE',  ( 0.000000000000000000, -0.000000000000000000, 1.000000000000000000 ) ) ;
#2117 = ORIENTED_EDGE ( 'NONE', *, *, #1237, .F. ) ;
#2118 = FACE_OUTER_BOUND ( 'NONE', #1779, .T. ) ;
#2119 = EDGE_CURVE ( 'NONE', #1062, #1453, #2131, .T. ) ;
#2120 = VECTOR ( 'NONE', #2265, 39.37007874015748143 ) ;
#2121 = CARTESIAN_POINT ( 'NONE',  ( -0.1099999999999999867, 0.4450000000000001177, -0.05999999999999999084 ) ) ;
#2122 = CARTESIAN_POINT ( 'NONE',  ( -0.1599999999999999756, 0.1150000000000000050, 0.06000000000000001166 ) ) ;
#2123 = ORIENTED_EDGE ( 'NONE', *, *, #909, .T. ) ;
#2124 = FACE_OUTER_BOUND ( 'NONE', #1416, .T. ) ;
#2125 = EDGE_CURVE ( 'NONE', #1630, #2189, #493, .T. ) ;
#2126 = VECTOR ( 'NONE', #1080, 39.37007874015748854 ) ;
#2127 = PLANE ( 'NONE',  #798 ) ;
#2128 = CARTESIAN_POINT ( 'NONE',  ( 0.01250000000000000590, 0.3550000000000000377, -0.01250000000000000069 ) ) ;
#2129 = ORIENTED_EDGE ( 'NONE', *, *, #579, .T. ) ;
#2130 = VECTOR ( 'NONE', #1284, 39.37007874015748143 ) ;
#2131 = LINE ( 'NONE', #1020, #1340 ) ;
#2132 = DIRECTION ( 'NONE',  ( 0.000000000000000000, 0.000000000000000000, -1.000000000000000000 ) ) ;
#2133 = ORIENTED_EDGE ( 'NONE', *, *, #277, .T. ) ;
#2134 = DIRECTION ( 'NONE',  ( 0.000000000000000000, 0.000000000000000000, 1.000000000000000000 ) ) ;
#2135 = CARTESIAN_POINT ( 'NONE',  ( 0.01250000000000000590, -0.1049999999999997324, 0.01250000000000000069 ) ) ;
#2136 = PLANE ( 'NONE',  #1130 ) ;
#2137 = LINE ( 'NONE', #2016, #2109 ) ;
#2138 = DIRECTION ( 'NONE',  ( -0.2425356250363332467, 0.9701425001453318764, 0.000000000000000000 ) ) ;
#2139 = CARTESIAN_POINT ( 'NONE',  ( 0.000000000000000000, -0.1300000000000000044, 0.000000000000000000 ) ) ;
#2140 = ADVANCED_FACE ( 'NONE', ( #1307 ), #451, .F. ) ;
#2141 = VECTOR ( 'NONE', #1901, 39.37007874015748854 ) ;
#2142 = DIRECTION ( 'NONE',  ( -2.134256245050204715E-16, 0.000000000000000000, -1.000000000000000000 ) ) ;
#2143 = LINE ( 'NONE', #1162, #1331 ) ;
#2144 = UNCERTAINTY_MEASURE_WITH_UNIT (LENGTH_MEASURE( 1.000000000000000082E-05 ), #47, 'distance_accuracy_value', 'NONE');
#2145 = PLANE ( 'NONE',  #1276 ) ;
#2146 = VERTEX_POINT ( 'NONE', #2042 ) ;
#2147 =( NAMED_UNIT ( * ) PLANE_ANGLE_UNIT ( ) SI_UNIT ( $, .RADIAN. ) );
#2148 = EDGE_CURVE ( 'NONE', #1294, #674, #485, .T. ) ;
#2149 = ORIENTED_EDGE ( 'NONE', *, *, #1670, .T. ) ;
#2150 = VECTOR ( 'NONE', #1112, 39.37007874015748143 ) ;
#2151 = LINE ( 'NONE', #1924, #502 ) ;
#2152 = PRESENTATION_LAYER_ASSIGNMENT (  '', '', ( #2275 ) ) ;
#2153 = DIRECTION ( 'NONE',  ( 1.000000000000000000, 0.000000000000000000, -0.000000000000000000 ) ) ;
#2154 = EDGE_CURVE ( 'NONE', #2346, #934, #464, .T. ) ;
#2155 = ORIENTED_EDGE ( 'NONE', *, *, #430, .F. ) ;
#2156 = PLANE ( 'NONE',  #896 ) ;
#2157 = ADVANCED_FACE ( 'NONE', ( #1322 ), #164, .F. ) ;
#2158 = DIRECTION ( 'NONE',  ( 0.7071067811865475727, -0.7071067811865475727, 0.000000000000000000 ) ) ;
#2159 = ORIENTED_EDGE ( 'NONE', *, *, #891, .F. ) ;
#2160 = LINE ( 'NONE', #1415, #1316 ) ;
#2161 = ADVANCED_BREP_SHAPE_REPRESENTATION ( '', ( #2040, #1201, #1467 ), #2446 ) ;
#2162 = APPLICATION_PROTOCOL_DEFINITION ( 'draft international standard', 'automotive_design', 1998, #396 ) ;
#2163 = ORIENTED_EDGE ( 'NONE', *, *, #1846, .T. ) ;
#2164 = VECTOR ( 'NONE', #423, 39.37007874015748143 ) ;
#2165 = SURFACE_STYLE_USAGE ( .BOTH. , #86 ) ;
#2166 = ORIENTED_EDGE ( 'NONE', *, *, #1345, .F. ) ;
#2167 = VECTOR ( 'NONE', #717, 39.37007874015748143 ) ;
#2168 = FILL_AREA_STYLE_COLOUR ( '', #2195 ) ;
#2169 = ORIENTED_EDGE ( 'NONE', *, *, #2298, .F. ) ;
#2170 = PLANE ( 'NONE',  #593 ) ;
#2171 = ORIENTED_EDGE ( 'NONE', *, *, #492, .T. ) ;
#2172 = LENGTH_MEASURE_WITH_UNIT ( LENGTH_MEASURE( 0.02539999999999999897 ), #722 );
#2173 = LINE ( 'NONE', #2064, #2177 ) ;
#2174 = CARTESIAN_POINT ( 'NONE',  ( -0.2000000000000000111, -0.4322135954999580809, 0.1000000000000000056 ) ) ;
#2175 = ORIENTED_EDGE ( 'NONE', *, *, #1492, .T. ) ;
#2176 = EDGE_CURVE ( 'NONE', #679, #768, #1286, .T. ) ;
#2177 = VECTOR ( 'NONE', #312, 39.37007874015748143 ) ;
#2178 = AXIS2_PLACEMENT_3D ( 'NONE', #973, #1030, #1870 ) ;
#2179 = EDGE_LOOP ( 'NONE', ( #735, #775, #730, #530 ) ) ;
#2180 = EDGE_CURVE ( 'NONE', #215, #2352, #1311, .T. ) ;
#2181 = LINE ( 'NONE', #807, #2164 ) ;
#2182 = DIRECTION ( 'NONE',  ( -0.2915362068315989763, 0.9110506463487559881, -0.2915362068315989763 ) ) ;
#2183 = CARTESIAN_POINT ( 'NONE',  ( 0.1899999999999999745, 0.4649999999999999689, -0.1000000000000000056 ) ) ;
#2184 = ORIENTED_EDGE ( 'NONE', *, *, #9, .F. ) ;
#2185 = PRESENTATION_LAYER_ASSIGNMENT (  '', '', ( #795 ) ) ;
#2186 = LINE ( 'NONE', #1060, #1639 ) ;
#2187 = CARTESIAN_POINT ( 'NONE',  ( -0.1599999999999999756, 0.4450000000000001177, -0.05999999999999999084 ) ) ;
#2188 = DIRECTION ( 'NONE',  ( 0.000000000000000000, 0.000000000000000000, 1.000000000000000000 ) ) ;
#2189 = VERTEX_POINT ( 'NONE', #657 ) ;
#2190 =( CONVERSION_BASED_UNIT ( 'INCH', #868 ) LENGTH_UNIT ( ) NAMED_UNIT ( #993 ) );
#2191 = VERTEX_POINT ( 'NONE', #1675 ) ;
#2192 = CARTESIAN_POINT ( 'NONE',  ( -0.2000000000000000111, 0.4649999999999999689, 0.1000000000000000056 ) ) ;
#2193 = ADVANCED_FACE ( 'NONE', ( #2118 ), #544, .F. ) ;
#2194 = CLOSED_SHELL ( 'NONE', ( #900, #1425, #1632, #1149, #181, #1401, #1622, #280, #372, #1379 ) ) ;
#2195 = COLOUR_RGB ( '',0.7921568627450980005, 0.8196078431372548767, 0.9333333333333333481 ) ;
#2196 = CARTESIAN_POINT ( 'NONE',  ( -0.1474999999999999922, -1.521932845476526925E-18, 0.1000000000000000056 ) ) ;
#2197 = EDGE_CURVE ( 'NONE', #2429, #168, #1315, .T. ) ;
#2198 = DIRECTION ( 'NONE',  ( 1.000000000000000000, -1.224646799147353947E-16, 0.000000000000000000 ) ) ;
#2199 = CARTESIAN_POINT ( 'NONE',  ( 0.1099999999999999728, 0.3150000000000000022, -0.1000000000000000056 ) ) ;
#2200 = EDGE_LOOP ( 'NONE', ( #1342, #1337, #438, #1593, #2402 ) ) ;
#2201 = ORIENTED_EDGE ( 'NONE', *, *, #644, .T. ) ;
#2202 = EDGE_CURVE ( 'NONE', #1736, #2146, #498, .T. ) ;
#2203 = CARTESIAN_POINT ( 'NONE',  ( -0.1599999999999999756, 0.4450000000000001177, -0.05999999999999999084 ) ) ;
#2204 = VERTEX_POINT ( 'NONE', #26 ) ;
#2205 = CONTEXT_DEPENDENT_SHAPE_REPRESENTATION ( #1180, #624 ) ;
#2206 = EDGE_CURVE ( 'NONE', #2352, #1530, #2143, .T. ) ;
#2207 = EDGE_LOOP ( 'NONE', ( #742, #233, #758, #5, #2354, #1586, #2416, #1877, #260, #708, #1906, #2390 ) ) ;
#2208 = VECTOR ( 'NONE', #929, 39.37007874015748143 ) ;
#2209 = CARTESIAN_POINT ( 'NONE',  ( 0.000000000000000000, 0.3550000000000000377, -0.004499999999999989252 ) ) ;
#2210 = ORIENTED_EDGE ( 'NONE', *, *, #915, .T. ) ;
#2211 = CARTESIAN_POINT ( 'NONE',  ( -0.1099999999999999867, 0.3150000000000000022, -0.05999999999999999084 ) ) ;
#2212 = EDGE_LOOP ( 'NONE', ( #1578, #85, #1310, #1669 ) ) ;
#2213 = ORIENTED_EDGE ( 'NONE', *, *, #1321, .F. ) ;
#2214 = DIRECTION ( 'NONE',  ( 0.000000000000000000, 0.000000000000000000, -1.000000000000000000 ) ) ;
#2215 = CARTESIAN_POINT ( 'NONE',  ( 0.1749999999999999889, 0.4049999999999999711, -0.03191796067500632383 ) ) ;
#2216 = DIRECTION ( 'NONE',  ( 1.000000000000000000, 0.000000000000000000, -0.000000000000000000 ) ) ;
#2217 = ORIENTED_EDGE ( 'NONE', *, *, #332, .T. ) ;
#2218 = ITEM_DEFINED_TRANSFORMATION ( 'NONE', 'NONE', #1886,  #1467 ) ;
#2219 =( NAMED_UNIT ( * ) PLANE_ANGLE_UNIT ( ) SI_UNIT ( $, .RADIAN. ) );
#2220 = EDGE_LOOP ( 'NONE', ( #633, #174, #1810, #1051 ) ) ;
#2221 = EDGE_CURVE ( 'NONE', #930, #948, #2151, .T. ) ;
#2222 = VERTEX_POINT ( 'NONE', #790 ) ;
#2223 = PRODUCT_DEFINITION_CONTEXT ( 'detailed design', #396, 'design' ) ;
#2224 = DIRECTION ( 'NONE',  ( -1.000000000000000000, 0.000000000000000000, 0.000000000000000000 ) ) ;
#2225 = DIRECTION ( 'NONE',  ( -1.000000000000000000, -0.000000000000000000, -0.000000000000000000 ) ) ;
#2226 = DIRECTION ( 'NONE',  ( 0.000000000000000000, 0.000000000000000000, 1.000000000000000000 ) ) ;
#2227 =( NAMED_UNIT ( * ) PLANE_ANGLE_UNIT ( ) SI_UNIT ( $, .RADIAN. ) );
#2228 = VERTEX_POINT ( 'NONE', #2187 ) ;
#2229 = EDGE_CURVE ( 'NONE', #1763, #2429, #2115, .T. ) ;
#2230 = DIRECTION ( 'NONE',  ( -1.000000000000000000, 0.000000000000000000, 0.000000000000000000 ) ) ;
#2231 = ADVANCED_FACE ( 'NONE', ( #2124 ), #266, .F. ) ;
#2232 = AXIS2_PLACEMENT_3D ( 'NONE', #670, #723, #1405 ) ;
#2233 = CARTESIAN_POINT ( 'NONE',  ( 0.1899999999999999745, 0.4649999999999999689, -0.09900000000000000466 ) ) ;
#2234 = EDGE_LOOP ( 'NONE', ( #594, #589, #1642, #1601 ) ) ;
#2235 =( REPRESENTATION_RELATIONSHIP ('NONE','NONE', #1778, #731 ) REPRESENTATION_RELATIONSHIP_WITH_TRANSFORMATION ( #1386 )SHAPE_REPRESENTATION_RELATIONSHIP( ) );
#2236 = EDGE_CURVE ( 'NONE', #849, #2191, #2160, .T. ) ;
#2237 = ORIENTED_EDGE ( 'NONE', *, *, #2276, .T. ) ;
#2238 = CARTESIAN_POINT ( 'NONE',  ( 0.05699999999999961348, 0.4049999999999999711, -0.1600000000000000033 ) ) ;
#2239 = ORIENTED_EDGE ( 'NONE', *, *, #612, .T. ) ;
#2240 = LINE ( 'NONE', #1422, #1395 ) ;
#2241 = AXIS2_PLACEMENT_3D ( 'NONE', #1000, #1575, #387 ) ;
#2242 = CARTESIAN_POINT ( 'NONE',  ( -0.01249999999999999722, 0.3299999999999997380, 0.01250000000000000069 ) ) ;
#2243 = DIMENSIONAL_EXPONENTS ( 1.000000000000000000, 0.000000000000000000, 0.000000000000000000, 0.000000000000000000, 0.000000000000000000, 0.000000000000000000, 0.000000000000000000 ) ;
#2244 = ORIENTED_EDGE ( 'NONE', *, *, #2271, .F. ) ;
#2245 = ORIENTED_EDGE ( 'NONE', *, *, #542, .T. ) ;
#2246 = CARTESIAN_POINT ( 'NONE',  ( 0.01250000000000000590, 0.01500000000000000291, 0.01250000000000000069 ) ) ;
#2247 = FILL_AREA_STYLE ('',( #627 ) ) ;
#2248 = FILL_AREA_STYLE_COLOUR ( '', #1436 ) ;
#2249 = CARTESIAN_POINT ( 'NONE',  ( -0.1499999999999999944, 0.4649999999999999689, -0.1000000000000000056 ) ) ;
#2250 = AXIS2_PLACEMENT_3D ( 'NONE', #459, #115, #1073 ) ;
#2251 = ORIENTED_EDGE ( 'NONE', *, *, #1468, .T. ) ;
#2252 = EDGE_LOOP ( 'NONE', ( #2414, #726, #837, #2171 ) ) ;
#2253 = EDGE_LOOP ( 'NONE', ( #630, #1396, #185, #82, #1466, #1424, #134, #1423, #2259, #1003 ) ) ;
#2254 = PLANE ( 'NONE',  #755 ) ;
#2255 = CARTESIAN_POINT ( 'NONE',  ( -0.004499999999999984915, 0.3550000000000000377, 0.004499999999999989252 ) ) ;
#2256 = DIRECTION ( 'NONE',  ( 1.000000000000000000, -0.000000000000000000, 0.000000000000000000 ) ) ;
#2257 = CARTESIAN_POINT ( 'NONE',  ( -0.01249999999999999722, 0.01500000000000000291, -0.01250000000000000069 ) ) ;
#2258 = ORIENTED_EDGE ( 'NONE', *, *, #582, .T. ) ;
#2259 = ORIENTED_EDGE ( 'NONE', *, *, #1028, .F. ) ;
#2260 = EDGE_LOOP ( 'NONE', ( #873, #1687, #1731 ) ) ;
#2261 = ADVANCED_FACE ( 'NONE', ( #508 ), #2136, .F. ) ;
#2262 = CARTESIAN_POINT ( 'NONE',  ( -0.06000000000000003247, 0.2949999999999999289, -0.05999999999999999084 ) ) ;
#2263 = ORIENTED_EDGE ( 'NONE', *, *, #53, .T. ) ;
#2264 = ORIENTED_EDGE ( 'NONE', *, *, #79, .T. ) ;
#2265 = DIRECTION ( 'NONE',  ( 1.000000000000000000, 0.000000000000000000, 0.000000000000000000 ) ) ;
#2266 = CARTESIAN_POINT ( 'NONE',  ( -0.1599999999999999756, 0.4450000000000001177, 0.06000000000000001166 ) ) ;
#2267 = EDGE_LOOP ( 'NONE', ( #617, #1442, #2314, #1055 ) ) ;
#2268 = ORIENTED_EDGE ( 'NONE', *, *, #1090, .F. ) ;
#2269 = EDGE_LOOP ( 'NONE', ( #621, #1674, #910, #1384 ) ) ;
#2270 = CARTESIAN_POINT ( 'NONE',  ( 0.1600000000000000311, 0.1150000000000000050, -0.05999999999999999084 ) ) ;
#2271 = EDGE_CURVE ( 'NONE', #1772, #877, #1282, .T. ) ;
#2272 = APPLICATION_PROTOCOL_DEFINITION ( 'draft international standard', 'automotive_design', 1998, #1393 ) ;
#2273 = FACE_OUTER_BOUND ( 'NONE', #109, .T. ) ;
#2274 = ORIENTED_EDGE ( 'NONE', *, *, #1438, .T. ) ;
#2275 = STYLED_ITEM ( 'NONE', ( #429 ), #2040 ) ;
#2276 = EDGE_CURVE ( 'NONE', #1781, #100, #497, .T. ) ;
#2277 = DIRECTION ( 'NONE',  ( 0.000000000000000000, -0.7071067811865486830, 0.7071067811865462405 ) ) ;
#2278 = LINE ( 'NONE', #1767, #643 ) ;
#2279 = ORIENTED_EDGE ( 'NONE', *, *, #1921, .F. ) ;
#2280 = ORIENTED_EDGE ( 'NONE', *, *, #277, .F. ) ;
#2281 = FACE_OUTER_BOUND ( 'NONE', #1394, .T. ) ;
#2282 = DIRECTION ( 'NONE',  ( -1.000000000000000000, 0.000000000000000000, -0.000000000000000000 ) ) ;
#2283 = ORIENTED_EDGE ( 'NONE', *, *, #539, .F. ) ;
#2284 = ORIENTED_EDGE ( 'NONE', *, *, #1683, .F. ) ;
#2285 = DIRECTION ( 'NONE',  ( -0.000000000000000000, -0.000000000000000000, -1.000000000000000000 ) ) ;
#2286 = AXIS2_PLACEMENT_3D ( 'NONE', #2378, #192, #1460 ) ;
#2287 = SURFACE_SIDE_STYLE ('',( #290 ) ) ;
#2288 = APPLICATION_CONTEXT ( 'automotive_design' ) ;
#2289 = LINE ( 'NONE', #1953, #756 ) ;
#2290 = DIMENSIONAL_EXPONENTS ( 1.000000000000000000, 0.000000000000000000, 0.000000000000000000, 0.000000000000000000, 0.000000000000000000, 0.000000000000000000, 0.000000000000000000 ) ;
#2291 = DIRECTION ( 'NONE',  ( -1.000000000000000000, 0.000000000000000000, 0.000000000000000000 ) ) ;
#2292 = DIRECTION ( 'NONE',  ( -0.000000000000000000, 1.000000000000000000, -0.000000000000000000 ) ) ;
#2293 = CARTESIAN_POINT ( 'NONE',  ( -0.1599999999999999756, 0.4450000000000001177, -0.05999999999999999084 ) ) ;
#2294 = VECTOR ( 'NONE', #1963, 39.37007874015748143 ) ;
#2295 = DIRECTION ( 'NONE',  ( 0.000000000000000000, 0.000000000000000000, -1.000000000000000000 ) ) ;
#2296 = CARTESIAN_POINT ( 'NONE',  ( -0.2000000000000000111, 0.4649999999999999689, 0.1000000000000000056 ) ) ;
#2297 = FACE_OUTER_BOUND ( 'NONE', #871, .T. ) ;
#2298 = EDGE_CURVE ( 'NONE', #762, #808, #1334, .T. ) ;
#2299 = CARTESIAN_POINT ( 'NONE',  ( 0.1325000000000000067, 0.01499999999999999771, -0.1000000000000000056 ) ) ;
#2300 = PLANE ( 'NONE',  #1782 ) ;
#2301 = ORIENTED_EDGE ( 'NONE', *, *, #1402, .F. ) ;
#2302 = LINE ( 'NONE', #1341, #2324 ) ;
#2303 = EDGE_CURVE ( 'NONE', #1660, #963, #1343, .T. ) ;
#2304 = ORIENTED_EDGE ( 'NONE', *, *, #786, .F. ) ;
#2305 = DIRECTION ( 'NONE',  ( -0.2425356250363332467, 0.9701425001453318764, 0.000000000000000000 ) ) ;
#2306 =( LENGTH_UNIT ( ) NAMED_UNIT ( * ) SI_UNIT ( $, .METRE. ) );
#2307 =( REPRESENTATION_RELATIONSHIP ('NONE','NONE', #1778, #731 ) REPRESENTATION_RELATIONSHIP_WITH_TRANSFORMATION ( #1391 )SHAPE_REPRESENTATION_RELATIONSHIP( ) );
#2308 = LINE ( 'NONE', #1206, #2294 ) ;
#2309 = AXIS2_PLACEMENT_3D ( 'NONE', #987, #27, #645 ) ;
#2310 = EDGE_CURVE ( 'NONE', #886, #1643, #463, .T. ) ;
#2311 = ORIENTED_EDGE ( 'NONE', *, *, #1268, .F. ) ;
#2312 = CARTESIAN_POINT ( 'NONE',  ( 0.1474999999999999922, -1.521932845476526925E-18, -0.1000000000000000056 ) ) ;
#2313 = VECTOR ( 'NONE', #1914, 39.37007874015748143 ) ;
#2314 = ORIENTED_EDGE ( 'NONE', *, *, #1951, .F. ) ;
#2315 = CARTESIAN_POINT ( 'NONE',  ( -0.08999999999999989952, 0.4250000000000001554, -0.09999999999999992228 ) ) ;
#2316 = DIRECTION ( 'NONE',  ( -0.2915362068315989763, -0.9110506463487559881, -0.2915362068315989763 ) ) ;
#2317 = LINE ( 'NONE', #1198, #641 ) ;
#2318 = CARTESIAN_POINT ( 'NONE',  ( 0.1099999999999999867, 0.3150000000000000022, -0.1199999999999999956 ) ) ;
#2319 = ORIENTED_EDGE ( 'NONE', *, *, #1268, .T. ) ;
#2320 = VECTOR ( 'NONE', #596, 39.37007874015748143 ) ;
#2321 = PLANE ( 'NONE',  #335 ) ;
#2322 = DIRECTION ( 'NONE',  ( 0.000000000000000000, -0.000000000000000000, 1.000000000000000000 ) ) ;
#2323 = DIRECTION ( 'NONE',  ( -1.000000000000000000, 0.000000000000000000, 0.000000000000000000 ) ) ;
#2324 = VECTOR ( 'NONE', #243, 39.37007874015748143 ) ;
#2325 = CARTESIAN_POINT ( 'NONE',  ( -0.1499999999999999944, 0.3150000000000000022, -0.1600000000000000033 ) ) ;
#2326 = FILL_AREA_STYLE_COLOUR ( '', #2088 ) ;
#2327 = LINE ( 'NONE', #1574, #658 ) ;
#2328 = ORIENTED_EDGE ( 'NONE', *, *, #300, .F. ) ;
#2329 = EDGE_CURVE ( 'NONE', #156, #536, #1300, .T. ) ;
#2330 = DIRECTION ( 'NONE',  ( -0.000000000000000000, 1.000000000000000000, -0.000000000000000000 ) ) ;
#2331 = CARTESIAN_POINT ( 'NONE',  ( -0.1499999999999999944, 0.3150000000000000022, -0.1000000000000000056 ) ) ;
#2332 = LINE ( 'NONE', #199, #660 ) ;
#2333 = CARTESIAN_POINT ( 'NONE',  ( 0.004500000000000003129, -0.1300000000000000044, -0.004499999999999998793 ) ) ;
#2334 = ORIENTED_EDGE ( 'NONE', *, *, #2095, .T. ) ;
#2335 = EDGE_CURVE ( 'NONE', #168, #2228, #453, .T. ) ;
#2336 = LINE ( 'NONE', #265, #1513 ) ;
#2337 = SHAPE_REPRESENTATION_RELATIONSHIP ( 'NONE' , 'NONE' ,  #495, #1278 ) ;
#2338 = ORIENTED_EDGE ( 'NONE', *, *, #707, .F. ) ;
#2339 = DIRECTION ( 'NONE',  ( -0.000000000000000000, -0.7071067811865499042, -0.7071067811865451302 ) ) ;
#2340 = CIRCLE ( 'NONE', #2028, 0.05300000000000000544 ) ;
#2341 = SURFACE_STYLE_FILL_AREA ( #116 ) ;
#2342 = VERTEX_POINT ( 'NONE', #2242 ) ;
#2343 = ORIENTED_EDGE ( 'NONE', *, *, #245, .T. ) ;
#2344 = DIRECTION ( 'NONE',  ( 0.000000000000000000, 0.000000000000000000, -1.000000000000000000 ) ) ;
#2345 = FACE_OUTER_BOUND ( 'NONE', #2179, .T. ) ;
#2346 = VERTEX_POINT ( 'NONE', #1444 ) ;
#2347 = ORIENTED_EDGE ( 'NONE', *, *, #825, .F. ) ;
#2348 = DIRECTION ( 'NONE',  ( -0.000000000000000000, -0.000000000000000000, 1.000000000000000000 ) ) ;
#2349 = LINE ( 'NONE', #217, #715 ) ;
#2350 = CARTESIAN_POINT ( 'NONE',  ( -0.1099999999999999867, 0.3049999999999999933, -0.07000000000000002054 ) ) ;
#2351 = ORIENTED_EDGE ( 'NONE', *, *, #851, .F. ) ;
#2352 = VERTEX_POINT ( 'NONE', #1243 ) ;
#2353 = FACE_OUTER_BOUND ( 'NONE', #78, .T. ) ;
#2354 = ORIENTED_EDGE ( 'NONE', *, *, #1916, .T. ) ;
#2355 = CARTESIAN_POINT ( 'NONE',  ( -0.1525000000000000244, -2.134256245050205639E-18, -0.1380788655293195000 ) ) ;
#2356 =( NAMED_UNIT ( * ) SI_UNIT ( $, .STERADIAN. ) SOLID_ANGLE_UNIT ( ) );
#2357 = VECTOR ( 'NONE', #416, 39.37007874015748143 ) ;
#2358 = EDGE_CURVE ( 'NONE', #100, #1365, #2137, .T. ) ;
#2359 = EDGE_LOOP ( 'NONE', ( #42, #907, #1667, #88 ) ) ;
#2360 = DIRECTION ( 'NONE',  ( -0.000000000000000000, -0.000000000000000000, 1.000000000000000000 ) ) ;
#2361 = VECTOR ( 'NONE', #1538, 39.37007874015748143 ) ;
#2362 = EDGE_CURVE ( 'NONE', #578, #1845, #1306, .T. ) ;
#2363 = EDGE_LOOP ( 'NONE', ( #68, #716, #2155, #2351 ) ) ;
#2364 = ADVANCED_FACE ( 'NONE', ( #1385 ), #471, .T. ) ;
#2365 = LINE ( 'NONE', #709, #733 ) ;
#2366 = MECHANICAL_DESIGN_GEOMETRIC_PRESENTATION_REPRESENTATION (  '', ( #990 ), #1975 ) ;
#2367 = DIRECTION ( 'NONE',  ( 1.000000000000000000, 0.000000000000000000, -0.000000000000000000 ) ) ;
#2368 = VERTEX_POINT ( 'NONE', #499 ) ;
#2369 = EDGE_CURVE ( 'NONE', #35, #100, #1409, .T. ) ;
#2370 = DIRECTION ( 'NONE',  ( 0.000000000000000000, 1.000000000000000000, 0.000000000000000000 ) ) ;
#2371 = SURFACE_SIDE_STYLE ('',( #557 ) ) ;
#2372 = ORIENTED_EDGE ( 'NONE', *, *, #449, .F. ) ;
#2373 = FACE_OUTER_BOUND ( 'NONE', #690, .T. ) ;
#2374 = ORIENTED_EDGE ( 'NONE', *, *, #1208, .F. ) ;
#2375 = ORIENTED_EDGE ( 'NONE', *, *, #2049, .T. ) ;
#2376 = DIRECTION ( 'NONE',  ( -1.000000000000000000, 0.000000000000000000, 0.000000000000000000 ) ) ;
#2377 = DIRECTION ( 'NONE',  ( -1.000000000000000000, 0.000000000000000000, 0.000000000000000000 ) ) ;
#2378 = CARTESIAN_POINT ( 'NONE',  ( -0.01249999999999999722, -0.1049999999999997324, -0.01250000000000000069 ) ) ;
#2379 = VECTOR ( 'NONE', #1587, 39.37007874015748143 ) ;
#2380 = ORIENTED_EDGE ( 'NONE', *, *, #655, .F. ) ;
#2381 = ORIENTED_EDGE ( 'NONE', *, *, #743, .F. ) ;
#2382 = ORIENTED_EDGE ( 'NONE', *, *, #2206, .T. ) ;
#2383 = LINE ( 'NONE', #1899, #1559 ) ;
#2384 = VERTEX_POINT ( 'NONE', #2183 ) ;
#2385 = ORIENTED_EDGE ( 'NONE', *, *, #137, .F. ) ;
#2386 = CARTESIAN_POINT ( 'NONE',  ( -0.1325000000000000344, 0.01499999999999997689, 0.1000000000000000056 ) ) ;
#2387 = ORIENTED_EDGE ( 'NONE', *, *, #2229, .T. ) ;
#2388 = PLANE ( 'NONE',  #861 ) ;
#2389 = PLANE ( 'NONE',  #1854 ) ;
#2390 = ORIENTED_EDGE ( 'NONE', *, *, #1407, .T. ) ;
#2391 = ADVANCED_FACE ( 'NONE', ( #1413 ), #1100, .T. ) ;
#2392 = VECTOR ( 'NONE', #1747, 39.37007874015748143 ) ;
#2393 = EDGE_LOOP ( 'NONE', ( #1640, #2417, #1634, #1136, #1604, #1866 ) ) ;
#2394 = VERTEX_POINT ( 'NONE', #1081 ) ;
#2395 = CARTESIAN_POINT ( 'NONE',  ( 0.1499999999999999944, 0.4649999999999999689, -0.1600000000000000033 ) ) ;
#2396 = FACE_OUTER_BOUND ( 'NONE', #98, .T. ) ;
#2397 = VERTEX_POINT ( 'NONE', #317 ) ;
#2398 = ORIENTED_EDGE ( 'NONE', *, *, #410, .F. ) ;
#2399 = DIRECTION ( 'NONE',  ( 0.000000000000000000, -1.000000000000000000, 0.000000000000000000 ) ) ;
#2400 = EDGE_CURVE ( 'NONE', #2342, #886, #1388, .T. ) ;
#2401 = ORIENTED_EDGE ( 'NONE', *, *, #352, .T. ) ;
#2402 = ORIENTED_EDGE ( 'NONE', *, *, #415, .T. ) ;
#2403 = ORIENTED_EDGE ( 'NONE', *, *, #1407, .F. ) ;
#2404 = UNCERTAINTY_MEASURE_WITH_UNIT (LENGTH_MEASURE( 1.000000000000000082E-05 ), #1695, 'distance_accuracy_value', 'NONE');
#2405 = AXIS2_PLACEMENT_3D ( 'NONE', #2135, #1611, #239 ) ;
#2406 = CARTESIAN_POINT ( 'NONE',  ( 0.000000000000000000, 0.3550000000000000377, 0.000000000000000000 ) ) ;
#2407 = ORIENTED_EDGE ( 'NONE', *, *, #487, .T. ) ;
#2408 = CARTESIAN_POINT ( 'NONE',  ( 0.004500000000000003129, -0.1300000000000000044, 0.000000000000000000 ) ) ;
#2409 = DIRECTION ( 'NONE',  ( 1.000000000000000000, -0.000000000000000000, 0.000000000000000000 ) ) ;
#2410 = ORIENTED_EDGE ( 'NONE', *, *, #2298, .T. ) ;
#2411 = AXIS2_PLACEMENT_3D ( 'NONE', #2128, #605, #1214 ) ;
#2412 = VECTOR ( 'NONE', #2230, 39.37007874015748143 ) ;
#2413 = EDGE_LOOP ( 'NONE', ( #1873, #1555, #796, #282 ) ) ;
#2414 = ORIENTED_EDGE ( 'NONE', *, *, #146, .T. ) ;
#2415 = DIRECTION ( 'NONE',  ( 0.5773502691896269523, -0.5773502691896230665, 0.5773502691896269523 ) ) ;
#2416 = ORIENTED_EDGE ( 'NONE', *, *, #539, .T. ) ;
#2417 = ORIENTED_EDGE ( 'NONE', *, *, #655, .T. ) ;
#2418 = AXIS2_PLACEMENT_3D ( 'NONE', #712, #1124, #678 ) ;
#2419 = SURFACE_SIDE_STYLE ('',( #1682 ) ) ;
#2420 =( NAMED_UNIT ( * ) PLANE_ANGLE_UNIT ( ) SI_UNIT ( $, .RADIAN. ) );
#2421 = FACE_OUTER_BOUND ( 'NONE', #1775, .T. ) ;
#2422 = ORIENTED_EDGE ( 'NONE', *, *, #772, .F. ) ;
#2423 = ORIENTED_EDGE ( 'NONE', *, *, #2358, .F. ) ;
#2424 = ADVANCED_FACE ( 'NONE', ( #1404 ), #1274, .F. ) ;
#2425 = DIRECTION ( 'NONE',  ( -0.000000000000000000, -0.000000000000000000, -1.000000000000000000 ) ) ;
#2426 = LINE ( 'NONE', #94, #821 ) ;
#2427 = DIRECTION ( 'NONE',  ( 0.000000000000000000, 0.000000000000000000, -1.000000000000000000 ) ) ;
#2428 = ORIENTED_EDGE ( 'NONE', *, *, #2236, .F. ) ;
#2429 = VERTEX_POINT ( 'NONE', #347 ) ;
#2430 = PRODUCT ( '705430002_Body_3', '705430002_Body_3', '', ( #1236 ) ) ;
#2431 = VECTOR ( 'NONE', #2132, 39.37007874015748143 ) ;
#2432 = EDGE_CURVE ( 'NONE', #35, #1497, #2240, .T. ) ;
#2433 = VERTEX_POINT ( 'NONE', #2199 ) ;
#2434 = ORIENTED_EDGE ( 'NONE', *, *, #1247, .F. ) ;
#2435 = DIRECTION ( 'NONE',  ( 0.000000000000000000, 1.000000000000000000, 0.000000000000000000 ) ) ;
#2436 = CARTESIAN_POINT ( 'NONE',  ( 0.02500000000000001527, 0.4649999999999999689, 0.1000000000000000056 ) ) ;
#2437 = DIRECTION ( 'NONE',  ( 0.5773502691896271743, 0.5773502691896233996, -0.5773502691896267303 ) ) ;
#2438 = LINE ( 'NONE', #532, #2412 ) ;
#2439 = PRODUCT_DEFINITION ( 'UNKNOWN', '', #1494, #2223 ) ;
#2440 = ORIENTED_EDGE ( 'NONE', *, *, #1990, .T. ) ;
#2441 = EDGE_CURVE ( 'NONE', #133, #2222, #614, .T. ) ;
#2442 = ORIENTED_EDGE ( 'NONE', *, *, #15, .T. ) ;
#2443 = CARTESIAN_POINT ( 'NONE',  ( 0.1099999999999999867, 0.3150000000000000022, -0.05999999999999999084 ) ) ;
#2444 = DIRECTION ( 'NONE',  ( 1.000000000000000000, 0.000000000000000000, 0.000000000000000000 ) ) ;
#2445 = CLOSED_SHELL ( 'NONE', ( #296, #1462, #1445, #2391, #1836 ) ) ;
#2446 =( GEOMETRIC_REPRESENTATION_CONTEXT ( 3 ) GLOBAL_UNCERTAINTY_ASSIGNED_CONTEXT ( ( #475 ) ) GLOBAL_UNIT_ASSIGNED_CONTEXT ( ( #570, #2068, #2356 ) ) REPRESENTATION_CONTEXT ( 'NONE', 'WORKASPACE' ) );
#2447 = ORIENTED_EDGE ( 'NONE', *, *, #380, .T. ) ;
#2448 = CARTESIAN_POINT ( 'NONE',  ( 0.05699999999999961348, 0.4049999999999999711, -0.1200000000000000233 ) ) ;
#2449 = VECTOR ( 'NONE', #1732, 39.37007874015748143 ) ;
#2450 = ORIENTED_EDGE ( 'NONE', *, *, #336, .T. ) ;
#2451 = AXIS2_PLACEMENT_3D ( 'NONE', #771, #1139, #1477 ) ;
#2452 = DIRECTION ( 'NONE',  ( -0.000000000000000000, -1.000000000000000000, -0.000000000000000000 ) ) ;
#2453 = ADVANCED_FACE ( 'NONE', ( #531 ), #2389, .T. ) ;
#2454 = EDGE_LOOP ( 'NONE', ( #2166, #1305, #1592, #769 ) ) ;
#2455 = ORIENTED_EDGE ( 'NONE', *, *, #1325, .T. ) ;
#2456 = DIRECTION ( 'NONE',  ( 0.000000000000000000, 1.000000000000000000, 0.000000000000000000 ) ) ;
#2457 = ORIENTED_EDGE ( 'NONE', *, *, #1528, .F. ) ;
#2458 = EDGE_LOOP ( 'NONE', ( #2434, #867, #1324, #28 ) ) ;
#2459 = DIRECTION ( 'NONE',  ( 1.000000000000000000, 0.000000000000000000, 0.000000000000000000 ) ) ;
#2460 = ORIENTED_EDGE ( 'NONE', *, *, #2, .T. ) ;
#2461 = NEXT_ASSEMBLY_USAGE_OCCURRENCE ( 'NAUO1', ' ', ' ', #225, #511, $ ) ;
#2462 = NEXT_ASSEMBLY_USAGE_OCCURRENCE ( 'NAUO2', ' ', ' ', #225, #2439, $ ) ;
#2463 = NEXT_ASSEMBLY_USAGE_OCCURRENCE ( 'NAUO3', ' ', ' ', #225, #2439, $ ) ;
#2464 = NEXT_ASSEMBLY_USAGE_OCCURRENCE ( 'NAUO4', ' ', ' ', #225, #2439, $ ) ;
ENDSEC;
END-ISO-10303-21;
