                                                                        S0000001
,,31HOpen CASCADE IGES processor 7.7,13HFilename.iges,                  G0000001
16HOpen CASCADE 7.7,31HOpen CASCADE IGES processor 7.7,32,308,15,308,15,G0000002
,1.,2,2HMM,1,0.01,15H20260530.021857,1E-07,0.8,6HSYSTEM,,11,0,          G0000003
15H20260530.021857,;                                                    G0000004
     402       1       0       0       0       0       0       000000000D0000001
     402       0       0       1       1                DRL0006A        D0000002
     402       2       0       0       0       0       0       000020000D0000003
     402       0       0       1       1                               0D0000004
     144       3       0       0       0       0       0       000020000D0000005
     144       0   -1949       1       0                               0D0000006
     108       4       0       0       0       0       0       000010000D0000007
     108       0       0       1       0                               0D0000008
     142       5       0       0       0       0       0       000010500D0000009
     142       0       0       1       0                               0D0000010
     102       6       0       0       0       0       0       000010000D0000011
     102       0       0       1       0                               0D0000012
     110       7       0       0       0       0       0       000010000D0000013
     110       0       0       1       0                               0D0000014
     110       8       0       0       0       0       0       000010000D0000015
     110       0       0       1       0                               0D0000016
     110       9       0       0       0       0       0       000010000D0000017
     110       0       0       1       0                               0D0000018
     110      10       0       0       0       0       0       000010000D0000019
     110       0       0       1       0                               0D0000020
     144      11       0       0       0       0       0       000020000D0000021
     144       0   -1949       1       0                               0D0000022
     108      12       0       0       0       0       0       000010000D0000023
     108       0       0       1       0                               0D0000024
     142      13       0       0       0       0       0       000010500D0000025
     142       0       0       1       0                               0D0000026
     102      14       0       0       0       0       0       000010000D0000027
     102       0       0       1       0                               0D0000028
     110      15       0       0       0       0       0       000010000D0000029
     110       0       0       1       0                               0D0000030
     110      16       0       0       0       0       0       000010000D0000031
     110       0       0       1       0                               0D0000032
     110      17       0       0       0       0       0       000010000D0000033
     110       0       0       1       0                               0D0000034
     110      18       0       0       0       0       0       000010000D0000035
     110       0       0       1       0                               0D0000036
     144      19       0       0       0       0       0       000020000D0000037
     144       0   -1951       1       0                               0D0000038
     108      20       0       0       0       0       0       000010000D0000039
     108       0       0       1       0                               0D0000040
     142      21       0       0       0       0       0       000010500D0000041
     142       0       0       1       0                               0D0000042
     102      22       0       0       0       0       0       000010000D0000043
     102       0       0       1       0                               0D0000044
     110      23       0       0       0       0       0       000010000D0000045
     110       0       0       1       0                               0D0000046
     110      24       0       0       0       0       0       000010000D0000047
     110       0       0       1       0                               0D0000048
     110      25       0       0       0       0       0       000010000D0000049
     110       0       0       1       0                               0D0000050
     110      26       0       0       0       0       0       000010000D0000051
     110       0       0       1       0                               0D0000052
     144      27       0       0       0       0       0       000020000D0000053
     144       0   -1949       1       0                               0D0000054
     108      28       0       0       0       0       0       000010000D0000055
     108       0       0       1       0                               0D0000056
     142      29       0       0       0       0       0       000010500D0000057
     142       0       0       1       0                               0D0000058
     102      30       0       0       0       0       0       000010000D0000059
     102       0       0       1       0                               0D0000060
     110      31       0       0       0       0       0       000010000D0000061
     110       0       0       1       0                               0D0000062
     110      32       0       0       0       0       0       000010000D0000063
     110       0       0       1       0                               0D0000064
     110      33       0       0       0       0       0       000010000D0000065
     110       0       0       1       0                               0D0000066
     110      34       0       0       0       0       0       000010000D0000067
     110       0       0       1       0                               0D0000068
     144      35       0       0       0       0       0       000020000D0000069
     144       0   -1949       1       0                               0D0000070
     108      36       0       0       0       0       0       000010000D0000071
     108       0       0       1       0                               0D0000072
     142      37       0       0       0       0       0       000010500D0000073
     142       0       0       1       0                               0D0000074
     102      38       0       0       0       0       0       000010000D0000075
     102       0       0       1       0                               0D0000076
     110      39       0       0       0       0       0       000010000D0000077
     110       0       0       1       0                               0D0000078
     110      40       0       0       0       0       0       000010000D0000079
     110       0       0       1       0                               0D0000080
     110      41       0       0       0       0       0       000010000D0000081
     110       0       0       1       0                               0D0000082
     110      42       0       0       0       0       0       000010000D0000083
     110       0       0       1       0                               0D0000084
     144      43       0       0       0       0       0       000020000D0000085
     144       0   -1949       1       0                               0D0000086
     108      44       0       0       0       0       0       000010000D0000087
     108       0       0       1       0                               0D0000088
     142      45       0       0       0       0       0       000010500D0000089
     142       0       0       1       0                               0D0000090
     102      46       0       0       0       0       0       000010000D0000091
     102       0       0       1       0                               0D0000092
     110      47       0       0       0       0       0       000010000D0000093
     110       0       0       1       0                               0D0000094
     110      48       0       0       0       0       0       000010000D0000095
     110       0       0       1       0                               0D0000096
     110      49       0       0       0       0       0       000010000D0000097
     110       0       0       1       0                               0D0000098
     110      50       0       0       0       0       0       000010000D0000099
     110       0       0       1       0                               0D0000100
     402      51       0       0       0       0       0       000020000D0000101
     402       0       0       1       1                               0D0000102
     144      52       0       0       0       0       0       000020000D0000103
     144       0   -1949       1       0                               0D0000104
     108      53       0       0       0       0       0       000010000D0000105
     108       0       0       1       0                               0D0000106
     142      54       0       0       0       0       0       000010500D0000107
     142       0       0       1       0                               0D0000108
     102      55       0       0       0       0       0       000010000D0000109
     102       0       0       1       0                               0D0000110
     110      56       0       0       0       0       0       000010000D0000111
     110       0       0       1       0                               0D0000112
     110      57       0       0       0       0       0       000010000D0000113
     110       0       0       1       0                               0D0000114
     110      58       0       0       0       0       0       000010000D0000115
     110       0       0       1       0                               0D0000116
     110      59       0       0       0       0       0       000010000D0000117
     110       0       0       1       0                               0D0000118
     144      60       0       0       0       0       0       000020000D0000119
     144       0   -1949       1       0                               0D0000120
     108      61       0       0       0       0       0       000010000D0000121
     108       0       0       1       0                               0D0000122
     142      62       0       0       0       0       0       000010500D0000123
     142       0       0       1       0                               0D0000124
     102      63       0       0       0       0       0       000010000D0000125
     102       0       0       1       0                               0D0000126
     110      64       0       0       0       0       0       000010000D0000127
     110       0       0       1       0                               0D0000128
     110      65       0       0       0       0       0       000010000D0000129
     110       0       0       1       0                               0D0000130
     110      66       0       0       0       0       0       000010000D0000131
     110       0       0       1       0                               0D0000132
     110      67       0       0       0       0       0       000010000D0000133
     110       0       0       1       0                               0D0000134
     144      68       0       0       0       0       0       000020000D0000135
     144       0   -1951       1       0                               0D0000136
     108      69       0       0       0       0       0       000010000D0000137
     108       0       0       1       0                               0D0000138
     142      70       0       0       0       0       0       000010500D0000139
     142       0       0       1       0                               0D0000140
     102      71       0       0       0       0       0       000010000D0000141
     102       0       0       1       0                               0D0000142
     110      72       0       0       0       0       0       000010000D0000143
     110       0       0       1       0                               0D0000144
     110      73       0       0       0       0       0       000010000D0000145
     110       0       0       1       0                               0D0000146
     110      74       0       0       0       0       0       000010000D0000147
     110       0       0       1       0                               0D0000148
     110      75       0       0       0       0       0       000010000D0000149
     110       0       0       1       0                               0D0000150
     144      76       0       0       0       0       0       000020000D0000151
     144       0   -1949       1       0                               0D0000152
     108      77       0       0       0       0       0       000010000D0000153
     108       0       0       1       0                               0D0000154
     142      78       0       0       0       0       0       000010500D0000155
     142       0       0       1       0                               0D0000156
     102      79       0       0       0       0       0       000010000D0000157
     102       0       0       1       0                               0D0000158
     110      80       0       0       0       0       0       000010000D0000159
     110       0       0       1       0                               0D0000160
     110      81       0       0       0       0       0       000010000D0000161
     110       0       0       1       0                               0D0000162
     110      82       0       0       0       0       0       000010000D0000163
     110       0       0       1       0                               0D0000164
     110      83       0       0       0       0       0       000010000D0000165
     110       0       0       1       0                               0D0000166
     144      84       0       0       0       0       0       000020000D0000167
     144       0   -1949       1       0                               0D0000168
     108      85       0       0       0       0       0       000010000D0000169
     108       0       0       1       0                               0D0000170
     142      86       0       0       0       0       0       000010500D0000171
     142       0       0       1       0                               0D0000172
     102      87       0       0       0       0       0       000010000D0000173
     102       0       0       1       0                               0D0000174
     110      88       0       0       0       0       0       000010000D0000175
     110       0       0       1       0                               0D0000176
     110      89       0       0       0       0       0       000010000D0000177
     110       0       0       1       0                               0D0000178
     110      90       0       0       0       0       0       000010000D0000179
     110       0       0       1       0                               0D0000180
     110      91       0       0       0       0       0       000010000D0000181
     110       0       0       1       0                               0D0000182
     144      92       0       0       0       0       0       000020000D0000183
     144       0   -1949       1       0                               0D0000184
     108      93       0       0       0       0       0       000010000D0000185
     108       0       0       1       0                               0D0000186
     142      94       0       0       0       0       0       000010500D0000187
     142       0       0       1       0                               0D0000188
     102      95       0       0       0       0       0       000010000D0000189
     102       0       0       1       0                               0D0000190
     110      96       0       0       0       0       0       000010000D0000191
     110       0       0       1       0                               0D0000192
     110      97       0       0       0       0       0       000010000D0000193
     110       0       0       1       0                               0D0000194
     110      98       0       0       0       0       0       000010000D0000195
     110       0       0       1       0                               0D0000196
     110      99       0       0       0       0       0       000010000D0000197
     110       0       0       1       0                               0D0000198
     402     100       0       0       0       0       0       000020000D0000199
     402       0       0       1       1                               0D0000200
     144     101       0       0       0       0       0       000020000D0000201
     144       0   -1949       1       0                               0D0000202
     108     102       0       0       0       0       0       000010000D0000203
     108       0       0       1       0                               0D0000204
     142     103       0       0       0       0       0       000010500D0000205
     142       0       0       1       0                               0D0000206
     102     104       0       0       0       0       0       000010000D0000207
     102       0       0       1       0                               0D0000208
     110     105       0       0       0       0       0       000010000D0000209
     110       0       0       1       0                               0D0000210
     110     106       0       0       0       0       0       000010000D0000211
     110       0       0       1       0                               0D0000212
     110     107       0       0       0       0       0       000010000D0000213
     110       0       0       1       0                               0D0000214
     110     108       0       0       0       0       0       000010000D0000215
     110       0       0       1       0                               0D0000216
     144     109       0       0       0       0       0       000020000D0000217
     144       0   -1949       1       0                               0D0000218
     108     110       0       0       0       0       0       000010000D0000219
     108       0       0       1       0                               0D0000220
     142     111       0       0       0       0       0       000010500D0000221
     142       0       0       1       0                               0D0000222
     102     112       0       0       0       0       0       000010000D0000223
     102       0       0       1       0                               0D0000224
     110     113       0       0       0       0       0       000010000D0000225
     110       0       0       1       0                               0D0000226
     110     114       0       0       0       0       0       000010000D0000227
     110       0       0       1       0                               0D0000228
     110     115       0       0       0       0       0       000010000D0000229
     110       0       0       1       0                               0D0000230
     110     116       0       0       0       0       0       000010000D0000231
     110       0       0       1       0                               0D0000232
     144     117       0       0       0       0       0       000020000D0000233
     144       0   -1951       1       0                               0D0000234
     108     118       0       0       0       0       0       000010000D0000235
     108       0       0       1       0                               0D0000236
     142     119       0       0       0       0       0       000010500D0000237
     142       0       0       1       0                               0D0000238
     102     120       0       0       0       0       0       000010000D0000239
     102       0       0       1       0                               0D0000240
     110     121       0       0       0       0       0       000010000D0000241
     110       0       0       1       0                               0D0000242
     110     122       0       0       0       0       0       000010000D0000243
     110       0       0       1       0                               0D0000244
     110     123       0       0       0       0       0       000010000D0000245
     110       0       0       1       0                               0D0000246
     110     124       0       0       0       0       0       000010000D0000247
     110       0       0       1       0                               0D0000248
     144     125       0       0       0       0       0       000020000D0000249
     144       0   -1949       1       0                               0D0000250
     108     126       0       0       0       0       0       000010000D0000251
     108       0       0       1       0                               0D0000252
     142     127       0       0       0       0       0       000010500D0000253
     142       0       0       1       0                               0D0000254
     102     128       0       0       0       0       0       000010000D0000255
     102       0       0       1       0                               0D0000256
     110     129       0       0       0       0       0       000010000D0000257
     110       0       0       1       0                               0D0000258
     110     130       0       0       0       0       0       000010000D0000259
     110       0       0       1       0                               0D0000260
     110     131       0       0       0       0       0       000010000D0000261
     110       0       0       1       0                               0D0000262
     110     132       0       0       0       0       0       000010000D0000263
     110       0       0       1       0                               0D0000264
     144     133       0       0       0       0       0       000020000D0000265
     144       0   -1949       1       0                               0D0000266
     108     134       0       0       0       0       0       000010000D0000267
     108       0       0       1       0                               0D0000268
     142     135       0       0       0       0       0       000010500D0000269
     142       0       0       1       0                               0D0000270
     102     136       0       0       0       0       0       000010000D0000271
     102       0       0       1       0                               0D0000272
     110     137       0       0       0       0       0       000010000D0000273
     110       0       0       1       0                               0D0000274
     110     138       0       0       0       0       0       000010000D0000275
     110       0       0       1       0                               0D0000276
     110     139       0       0       0       0       0       000010000D0000277
     110       0       0       1       0                               0D0000278
     110     140       0       0       0       0       0       000010000D0000279
     110       0       0       1       0                               0D0000280
     144     141       0       0       0       0       0       000020000D0000281
     144       0   -1949       1       0                               0D0000282
     108     142       0       0       0       0       0       000010000D0000283
     108       0       0       1       0                               0D0000284
     142     143       0       0       0       0       0       000010500D0000285
     142       0       0       1       0                               0D0000286
     102     144       0       0       0       0       0       000010000D0000287
     102       0       0       1       0                               0D0000288
     110     145       0       0       0       0       0       000010000D0000289
     110       0       0       1       0                               0D0000290
     110     146       0       0       0       0       0       000010000D0000291
     110       0       0       1       0                               0D0000292
     110     147       0       0       0       0       0       000010000D0000293
     110       0       0       1       0                               0D0000294
     110     148       0       0       0       0       0       000010000D0000295
     110       0       0       1       0                               0D0000296
     402     149       0       0       0       0       0       000020000D0000297
     402       0       0       1       1                               0D0000298
     144     150       0       0       0       0       0       000020000D0000299
     144       0   -1949       1       0                               0D0000300
     108     151       0       0       0       0       0       000010000D0000301
     108       0       0       1       0                               0D0000302
     142     152       0       0       0       0       0       000010500D0000303
     142       0       0       1       0                               0D0000304
     102     153       0       0       0       0       0       000010000D0000305
     102       0       0       1       0                               0D0000306
     110     154       0       0       0       0       0       000010000D0000307
     110       0       0       1       0                               0D0000308
     110     155       0       0       0       0       0       000010000D0000309
     110       0       0       1       0                               0D0000310
     110     156       0       0       0       0       0       000010000D0000311
     110       0       0       1       0                               0D0000312
     110     157       0       0       0       0       0       000010000D0000313
     110       0       0       1       0                               0D0000314
     144     158       0       0       0       0       0       000020000D0000315
     144       0   -1949       1       0                               0D0000316
     108     159       0       0       0       0       0       000010000D0000317
     108       0       0       1       0                               0D0000318
     142     160       0       0       0       0       0       000010500D0000319
     142       0       0       1       0                               0D0000320
     102     161       0       0       0       0       0       000010000D0000321
     102       0       0       1       0                               0D0000322
     110     162       0       0       0       0       0       000010000D0000323
     110       0       0       1       0                               0D0000324
     110     163       0       0       0       0       0       000010000D0000325
     110       0       0       1       0                               0D0000326
     110     164       0       0       0       0       0       000010000D0000327
     110       0       0       1       0                               0D0000328
     110     165       0       0       0       0       0       000010000D0000329
     110       0       0       1       0                               0D0000330
     144     166       0       0       0       0       0       000020000D0000331
     144       0   -1949       1       0                               0D0000332
     108     167       0       0       0       0       0       000010000D0000333
     108       0       0       1       0                               0D0000334
     142     168       0       0       0       0       0       000010500D0000335
     142       0       0       1       0                               0D0000336
     102     169       0       0       0       0       0       000010000D0000337
     102       0       0       1       0                               0D0000338
     110     170       0       0       0       0       0       000010000D0000339
     110       0       0       1       0                               0D0000340
     110     171       0       0       0       0       0       000010000D0000341
     110       0       0       1       0                               0D0000342
     110     172       0       0       0       0       0       000010000D0000343
     110       0       0       1       0                               0D0000344
     110     173       0       0       0       0       0       000010000D0000345
     110       0       0       1       0                               0D0000346
     144     174       0       0       0       0       0       000020000D0000347
     144       0   -1949       1       0                               0D0000348
     108     175       0       0       0       0       0       000010000D0000349
     108       0       0       1       0                               0D0000350
     142     176       0       0       0       0       0       000010500D0000351
     142       0       0       1       0                               0D0000352
     102     177       0       0       0       0       0       000010000D0000353
     102       0       0       1       0                               0D0000354
     110     178       0       0       0       0       0       000010000D0000355
     110       0       0       1       0                               0D0000356
     110     179       0       0       0       0       0       000010000D0000357
     110       0       0       1       0                               0D0000358
     110     180       0       0       0       0       0       000010000D0000359
     110       0       0       1       0                               0D0000360
     110     181       0       0       0       0       0       000010000D0000361
     110       0       0       1       0                               0D0000362
     144     182       0       0       0       0       0       000020000D0000363
     144       0   -1951       1       0                               0D0000364
     108     183       0       0       0       0       0       000010000D0000365
     108       0       0       1       0                               0D0000366
     142     184       0       0       0       0       0       000010500D0000367
     142       0       0       1       0                               0D0000368
     102     185       0       0       0       0       0       000010000D0000369
     102       0       0       1       0                               0D0000370
     110     186       0       0       0       0       0       000010000D0000371
     110       0       0       1       0                               0D0000372
     110     187       0       0       0       0       0       000010000D0000373
     110       0       0       1       0                               0D0000374
     110     188       0       0       0       0       0       000010000D0000375
     110       0       0       1       0                               0D0000376
     110     189       0       0       0       0       0       000010000D0000377
     110       0       0       1       0                               0D0000378
     144     190       0       0       0       0       0       000020000D0000379
     144       0   -1949       1       0                               0D0000380
     108     191       0       0       0       0       0       000010000D0000381
     108       0       0       1       0                               0D0000382
     142     192       0       0       0       0       0       000010500D0000383
     142       0       0       1       0                               0D0000384
     102     193       0       0       0       0       0       000010000D0000385
     102       0       0       1       0                               0D0000386
     110     194       0       0       0       0       0       000010000D0000387
     110       0       0       1       0                               0D0000388
     110     195       0       0       0       0       0       000010000D0000389
     110       0       0       1       0                               0D0000390
     110     196       0       0       0       0       0       000010000D0000391
     110       0       0       1       0                               0D0000392
     110     197       0       0       0       0       0       000010000D0000393
     110       0       0       1       0                               0D0000394
     402     198       0       0       0       0       0       000020000D0000395
     402       0       0       1       1                               0D0000396
     144     199       0       0       0       0       0       000020000D0000397
     144       0   -1949       1       0                               0D0000398
     108     200       0       0       0       0       0       000010000D0000399
     108       0       0       1       0                               0D0000400
     142     201       0       0       0       0       0       000010500D0000401
     142       0       0       1       0                               0D0000402
     102     202       0       0       0       0       0       000010000D0000403
     102       0       0       1       0                               0D0000404
     110     203       0       0       0       0       0       000010000D0000405
     110       0       0       1       0                               0D0000406
     110     204       0       0       0       0       0       000010000D0000407
     110       0       0       1       0                               0D0000408
     110     205       0       0       0       0       0       000010000D0000409
     110       0       0       1       0                               0D0000410
     110     206       0       0       0       0       0       000010000D0000411
     110       0       0       1       0                               0D0000412
     144     207       0       0       0       0       0       000020000D0000413
     144       0   -1949       1       0                               0D0000414
     108     208       0       0       0       0       0       000010000D0000415
     108       0       0       1       0                               0D0000416
     142     209       0       0       0       0       0       000010500D0000417
     142       0       0       1       0                               0D0000418
     102     210       0       0       0       0       0       000010000D0000419
     102       0       0       1       0                               0D0000420
     110     211       0       0       0       0       0       000010000D0000421
     110       0       0       1       0                               0D0000422
     110     212       0       0       0       0       0       000010000D0000423
     110       0       0       1       0                               0D0000424
     110     213       0       0       0       0       0       000010000D0000425
     110       0       0       1       0                               0D0000426
     110     214       0       0       0       0       0       000010000D0000427
     110       0       0       1       0                               0D0000428
     144     215       0       0       0       0       0       000020000D0000429
     144       0   -1949       1       0                               0D0000430
     108     216       0       0       0       0       0       000010000D0000431
     108       0       0       1       0                               0D0000432
     142     217       0       0       0       0       0       000010500D0000433
     142       0       0       1       0                               0D0000434
     102     218       0       0       0       0       0       000010000D0000435
     102       0       0       1       0                               0D0000436
     110     219       0       0       0       0       0       000010000D0000437
     110       0       0       1       0                               0D0000438
     110     220       0       0       0       0       0       000010000D0000439
     110       0       0       1       0                               0D0000440
     110     221       0       0       0       0       0       000010000D0000441
     110       0       0       1       0                               0D0000442
     110     222       0       0       0       0       0       000010000D0000443
     110       0       0       1       0                               0D0000444
     144     223       0       0       0       0       0       000020000D0000445
     144       0   -1949       1       0                               0D0000446
     108     224       0       0       0       0       0       000010000D0000447
     108       0       0       1       0                               0D0000448
     142     225       0       0       0       0       0       000010500D0000449
     142       0       0       1       0                               0D0000450
     102     226       0       0       0       0       0       000010000D0000451
     102       0       0       1       0                               0D0000452
     110     227       0       0       0       0       0       000010000D0000453
     110       0       0       1       0                               0D0000454
     110     228       0       0       0       0       0       000010000D0000455
     110       0       0       1       0                               0D0000456
     110     229       0       0       0       0       0       000010000D0000457
     110       0       0       1       0                               0D0000458
     110     230       0       0       0       0       0       000010000D0000459
     110       0       0       1       0                               0D0000460
     144     231       0       0       0       0       0       000020000D0000461
     144       0   -1951       1       0                               0D0000462
     108     232       0       0       0       0       0       000010000D0000463
     108       0       0       1       0                               0D0000464
     142     233       0       0       0       0       0       000010500D0000465
     142       0       0       1       0                               0D0000466
     102     234       0       0       0       0       0       000010000D0000467
     102       0       0       1       0                               0D0000468
     110     235       0       0       0       0       0       000010000D0000469
     110       0       0       1       0                               0D0000470
     110     236       0       0       0       0       0       000010000D0000471
     110       0       0       1       0                               0D0000472
     110     237       0       0       0       0       0       000010000D0000473
     110       0       0       1       0                               0D0000474
     110     238       0       0       0       0       0       000010000D0000475
     110       0       0       1       0                               0D0000476
     144     239       0       0       0       0       0       000020000D0000477
     144       0   -1949       1       0                               0D0000478
     108     240       0       0       0       0       0       000010000D0000479
     108       0       0       1       0                               0D0000480
     142     241       0       0       0       0       0       000010500D0000481
     142       0       0       1       0                               0D0000482
     102     242       0       0       0       0       0       000010000D0000483
     102       0       0       1       0                               0D0000484
     110     243       0       0       0       0       0       000010000D0000485
     110       0       0       1       0                               0D0000486
     110     244       0       0       0       0       0       000010000D0000487
     110       0       0       1       0                               0D0000488
     110     245       0       0       0       0       0       000010000D0000489
     110       0       0       1       0                               0D0000490
     110     246       0       0       0       0       0       000010000D0000491
     110       0       0       1       0                               0D0000492
     402     247       0       0       0       0       0       000020000D0000493
     402       0       0       1       1                               0D0000494
     144     248       0       0       0       0       0       000020000D0000495
     144       0   -1949       1       0                               0D0000496
     108     249       0       0       0       0       0       000010000D0000497
     108       0       0       1       0                               0D0000498
     142     250       0       0       0       0       0       000010500D0000499
     142       0       0       1       0                               0D0000500
     102     251       0       0       0       0       0       000010000D0000501
     102       0       0       1       0                               0D0000502
     110     252       0       0       0       0       0       000010000D0000503
     110       0       0       1       0                               0D0000504
     110     253       0       0       0       0       0       000010000D0000505
     110       0       0       1       0                               0D0000506
     110     254       0       0       0       0       0       000010000D0000507
     110       0       0       1       0                               0D0000508
     110     255       0       0       0       0       0       000010000D0000509
     110       0       0       1       0                               0D0000510
     144     256       0       0       0       0       0       000020000D0000511
     144       0   -1949       1       0                               0D0000512
     108     257       0       0       0       0       0       000010000D0000513
     108       0       0       1       0                               0D0000514
     142     258       0       0       0       0       0       000010500D0000515
     142       0       0       1       0                               0D0000516
     102     259       0       0       0       0       0       000010000D0000517
     102       0       0       1       0                               0D0000518
     110     260       0       0       0       0       0       000010000D0000519
     110       0       0       1       0                               0D0000520
     110     261       0       0       0       0       0       000010000D0000521
     110       0       0       1       0                               0D0000522
     110     262       0       0       0       0       0       000010000D0000523
     110       0       0       1       0                               0D0000524
     110     263       0       0       0       0       0       000010000D0000525
     110       0       0       1       0                               0D0000526
     144     264       0       0       0       0       0       000020000D0000527
     144       0   -1949       1       0                               0D0000528
     108     265       0       0       0       0       0       000010000D0000529
     108       0       0       1       0                               0D0000530
     142     266       0       0       0       0       0       000010500D0000531
     142       0       0       1       0                               0D0000532
     102     267       0       0       0       0       0       000010000D0000533
     102       0       0       1       0                               0D0000534
     110     268       0       0       0       0       0       000010000D0000535
     110       0       0       1       0                               0D0000536
     110     269       0       0       0       0       0       000010000D0000537
     110       0       0       1       0                               0D0000538
     110     270       0       0       0       0       0       000010000D0000539
     110       0       0       1       0                               0D0000540
     110     271       0       0       0       0       0       000010000D0000541
     110       0       0       1       0                               0D0000542
     144     272       0       0       0       0       0       000020000D0000543
     144       0   -1949       1       0                               0D0000544
     108     273       0       0       0       0       0       000010000D0000545
     108       0       0       1       0                               0D0000546
     142     274       0       0       0       0       0       000010500D0000547
     142       0       0       1       0                               0D0000548
     102     275       0       0       0       0       0       000010000D0000549
     102       0       0       1       0                               0D0000550
     110     276       0       0       0       0       0       000010000D0000551
     110       0       0       1       0                               0D0000552
     110     277       0       0       0       0       0       000010000D0000553
     110       0       0       1       0                               0D0000554
     110     278       0       0       0       0       0       000010000D0000555
     110       0       0       1       0                               0D0000556
     110     279       0       0       0       0       0       000010000D0000557
     110       0       0       1       0                               0D0000558
     144     280       0       0       0       0       0       000020000D0000559
     144       0   -1951       1       0                               0D0000560
     108     281       0       0       0       0       0       000010000D0000561
     108       0       0       1       0                               0D0000562
     142     282       0       0       0       0       0       000010500D0000563
     142       0       0       1       0                               0D0000564
     102     283       0       0       0       0       0       000010000D0000565
     102       0       0       1       0                               0D0000566
     110     284       0       0       0       0       0       000010000D0000567
     110       0       0       1       0                               0D0000568
     110     285       0       0       0       0       0       000010000D0000569
     110       0       0       1       0                               0D0000570
     110     286       0       0       0       0       0       000010000D0000571
     110       0       0       1       0                               0D0000572
     110     287       0       0       0       0       0       000010000D0000573
     110       0       0       1       0                               0D0000574
     144     288       0       0       0       0       0       000020000D0000575
     144       0   -1949       1       0                               0D0000576
     108     289       0       0       0       0       0       000010000D0000577
     108       0       0       1       0                               0D0000578
     142     290       0       0       0       0       0       000010500D0000579
     142       0       0       1       0                               0D0000580
     102     291       0       0       0       0       0       000010000D0000581
     102       0       0       1       0                               0D0000582
     110     292       0       0       0       0       0       000010000D0000583
     110       0       0       1       0                               0D0000584
     110     293       0       0       0       0       0       000010000D0000585
     110       0       0       1       0                               0D0000586
     110     294       0       0       0       0       0       000010000D0000587
     110       0       0       1       0                               0D0000588
     110     295       0       0       0       0       0       000010000D0000589
     110       0       0       1       0                               0D0000590
     402     296       0       0       0       0       0       000020000D0000591
     402       0       0       5       1                BODY-SOT        D0000592
     144     301       0       0       0       0       0       000020000D0000593
     144       0   -1953       1       0                               0D0000594
     108     302       0       0       0       0       0       000010000D0000595
     108       0       0       1       0                               0D0000596
     142     303       0       0       0       0       0       000010500D0000597
     142       0       0       1       0                               0D0000598
     102     304       0       0       0       0       0       000010000D0000599
     102       0       0       1       0                               0D0000600
     110     305       0       0       0       0       0       000010000D0000601
     110       0       0       2       0                               0D0000602
     110     307       0       0       0       0       0       000010000D0000603
     110       0       0       2       0                               0D0000604
     110     309       0       0       0       0       0       000010000D0000605
     110       0       0       2       0                               0D0000606
     110     311       0       0       0       0       0       000010000D0000607
     110       0       0       2       0                               0D0000608
     144     313       0       0       0       0       0       000020000D0000609
     144       0   -1953       1       0                               0D0000610
     120     314       0       0       0       0     613       000010000D0000611
     120       0       0       1       0                               0D0000612
     124     315       0       0       0       0       0       000000000D0000613
     124       0       0       2       0                               0D0000614
     110     317       0       0       0       0       0       000010000D0000615
     110       0       0       1       0                               0D0000616
     110     318       0       0       0       0       0       000010000D0000617
     110       0       0       1       0                               0D0000618
     142     319       0       0       0       0       0       000010500D0000619
     142       0       0       1       0                               0D0000620
     102     320       0       0       0       0       0       000010000D0000621
     102       0       0       1       0                               0D0000622
     110     321       0       0       0       0       0       000010000D0000623
     110       0       0       1       0                               0D0000624
     110     322       0       0       0       0       0       000010000D0000625
     110       0       0       1       0                               0D0000626
     110     323       0       0       0       0       0       000010000D0000627
     110       0       0       1       0                               0D0000628
     110     324       0       0       0       0       0       000010000D0000629
     110       0       0       1       0                               0D0000630
     102     325       0       0       0       0       0       000010000D0000631
     102       0       0       1       0                               0D0000632
     100     326       0       0       0       0     635       000010000D0000633
     100       0       0       1       0                               0D0000634
     124     327       0       0       0       0       0       000000000D0000635
     124       0       0       2       0                               0D0000636
     110     329       0       0       0       0       0       000010000D0000637
     110       0       0       2       0                               0D0000638
     100     331       0       0       0       0     641       000010000D0000639
     100       0       0       1       0                               0D0000640
     124     332       0       0       0       0       0       000000000D0000641
     124       0       0       2       0                               0D0000642
     110     334       0       0       0       0       0       000010000D0000643
     110       0       0       2       0                               0D0000644
     144     336       0       0       0       0       0       000020000D0000645
     144       0   -1953       1       0                               0D0000646
     120     337       0       0       0       0     649       000010000D0000647
     120       0       0       1       0                               0D0000648
     124     338       0       0       0       0       0       000000000D0000649
     124       0       0       3       0                               0D0000650
     110     341       0       0       0       0       0       000010000D0000651
     110       0       0       1       0                               0D0000652
     100     342       0       0       0       0     655       000010000D0000653
     100       0       0       2       0                               0D0000654
     124     344       0       0       0       0       0       000000000D0000655
     124       0       0       1       0                               0D0000656
     142     345       0       0       0       0       0       000010500D0000657
     142       0       0       1       0                               0D0000658
     102     346       0       0       0       0       0       000010000D0000659
     102       0       0       1       0                               0D0000660
     126     347       0       0       0       0       0       000010000D0000661
     126       0       0      20       0                               0D0000662
     126     367       0       0       0       0       0       000010000D0000663
     126       0       0      20       0                               0D0000664
     110     387       0       0       0       0       0       000010000D0000665
     110       0       0       1       0                               0D0000666
     102     388       0       0       0       0       0       000010000D0000667
     102       0       0       1       0                               0D0000668
     100     389       0       0       0       0     671       000010000D0000669
     100       0       0       1       0                               0D0000670
     124     390       0       0       0       0       0       000000000D0000671
     124       0       0       2       0                               0D0000672
     100     392       0       0       0       0     675       000010000D0000673
     100       0       0       1       0                               0D0000674
     124     393       0       0       0       0       0       000000000D0000675
     124       0       0       2       0                               0D0000676
     100     395       0       0       0       0     679       000010000D0000677
     100       0       0       1       0                               0D0000678
     124     396       0       0       0       0       0       000000000D0000679
     124       0       0       3       0                               0D0000680
     144     399       0       0       0       0       0       000020000D0000681
     144       0   -1953       1       0                               0D0000682
     120     400       0       0       0       0     685       000010000D0000683
     120       0       0       1       0                               0D0000684
     124     401       0       0       0       0       0       000000000D0000685
     124       0       0       3       0                               0D0000686
     110     404       0       0       0       0       0       000010000D0000687
     110       0       0       1       0                               0D0000688
     110     405       0       0       0       0       0       000010000D0000689
     110       0       0       1       0                               0D0000690
     142     406       0       0       0       0       0       000010500D0000691
     142       0       0       1       0                               0D0000692
     102     407       0       0       0       0       0       000010000D0000693
     102       0       0       1       0                               0D0000694
     110     408       0       0       0       0       0       000010000D0000695
     110       0       0       1       0                               0D0000696
     110     409       0       0       0       0       0       000010000D0000697
     110       0       0       2       0                               0D0000698
     110     411       0       0       0       0       0       000010000D0000699
     110       0       0       1       0                               0D0000700
     110     412       0       0       0       0       0       000010000D0000701
     110       0       0       1       0                               0D0000702
     102     413       0       0       0       0       0       000010000D0000703
     102       0       0       1       0                               0D0000704
     110     414       0       0       0       0       0       000010000D0000705
     110       0       0       2       0                               0D0000706
     100     416       0       0       0       0     709       000010000D0000707
     100       0       0       1       0                               0D0000708
     124     417       0       0       0       0       0       000000000D0000709
     124       0       0       3       0                               0D0000710
     110     420       0       0       0       0       0       000010000D0000711
     110       0       0       2       0                               0D0000712
     100     422       0       0       0       0     715       000010000D0000713
     100       0       0       1       0                               0D0000714
     124     423       0       0       0       0       0       000000000D0000715
     124       0       0       3       0                               0D0000716
     144     426       0       0       0       0       0       000020000D0000717
     144       0   -1953       1       0                               0D0000718
     108     427       0       0       0       0       0       000010000D0000719
     108       0       0       2       0                               0D0000720
     142     429       0       0       0       0       0       000010500D0000721
     142       0       0       1       0                               0D0000722
     102     430       0       0       0       0       0       000010000D0000723
     102       0       0       1       0                               0D0000724
     110     431       0       0       0       0       0       000010000D0000725
     110       0       0       2       0                               0D0000726
     110     433       0       0       0       0       0       000010000D0000727
     110       0       0       2       0                               0D0000728
     110     435       0       0       0       0       0       000010000D0000729
     110       0       0       2       0                               0D0000730
     110     437       0       0       0       0       0       000010000D0000731
     110       0       0       2       0                               0D0000732
     144     439       0       0       0       0       0       000020000D0000733
     144       0   -1953       1       0                               0D0000734
     120     440       0       0       0       0     737       000010000D0000735
     120       0       0       1       0                               0D0000736
     124     441       0       0       0       0       0       000000000D0000737
     124       0       0       2       0                               0D0000738
     110     443       0       0       0       0       0       000010000D0000739
     110       0       0       1       0                               0D0000740
     110     444       0       0       0       0       0       000010000D0000741
     110       0       0       1       0                               0D0000742
     142     445       0       0       0       0       0       000010500D0000743
     142       0       0       1       0                               0D0000744
     102     446       0       0       0       0       0       000010000D0000745
     102       0       0       1       0                               0D0000746
     110     447       0       0       0       0       0       000010000D0000747
     110       0       0       1       0                               0D0000748
     110     448       0       0       0       0       0       000010000D0000749
     110       0       0       1       0                               0D0000750
     110     449       0       0       0       0       0       000010000D0000751
     110       0       0       1       0                               0D0000752
     110     450       0       0       0       0       0       000010000D0000753
     110       0       0       1       0                               0D0000754
     102     451       0       0       0       0       0       000010000D0000755
     102       0       0       1       0                               0D0000756
     100     452       0       0       0       0     759       000010000D0000757
     100       0       0       1       0                               0D0000758
     124     453       0       0       0       0       0       000000000D0000759
     124       0       0       2       0                               0D0000760
     110     455       0       0       0       0       0       000010000D0000761
     110       0       0       2       0                               0D0000762
     100     457       0       0       0       0     765       000010000D0000763
     100       0       0       1       0                               0D0000764
     124     458       0       0       0       0       0       000000000D0000765
     124       0       0       2       0                               0D0000766
     110     460       0       0       0       0       0       000010000D0000767
     110       0       0       2       0                               0D0000768
     142     462       0       0       0       0       0       000010500D0000769
     142       0       0       1       0                               0D0000770
     102     463       0       0       0       0       0       000010000D0000771
     102       0       0       1       0                               0D0000772
     110     464       0       0       0       0       0       000010000D0000773
     110       0       0       1       0                               0D0000774
     110     465       0       0       0       0       0       000010000D0000775
     110       0       0       1       0                               0D0000776
     110     466       0       0       0       0       0       000010000D0000777
     110       0       0       1       0                               0D0000778
     110     467       0       0       0       0       0       000010000D0000779
     110       0       0       1       0                               0D0000780
     102     468       0       0       0       0       0       000010000D0000781
     102       0       0       1       0                               0D0000782
     110     469       0       0       0       0       0       000010000D0000783
     110       0       0       1       0                               0D0000784
     100     470       0       0       0       0     787       000010000D0000785
     100       0       0       1       0                               0D0000786
     124     471       0       0       0       0       0       000000000D0000787
     124       0       0       2       0                               0D0000788
     110     473       0       0       0       0       0       000010000D0000789
     110       0       0       1       0                               0D0000790
     100     474       0       0       0       0     793       000010000D0000791
     100       0       0       2       0                               0D0000792
     124     476       0       0       0       0       0       000000000D0000793
     124       0       0       2       0                               0D0000794
     142     478       0       0       0       0       0       000010500D0000795
     142       0       0       1       0                               0D0000796
     102     479       0       0       0       0       0       000010000D0000797
     102       0       0       1       0                               0D0000798
     110     480       0       0       0       0       0       000010000D0000799
     110       0       0       1       0                               0D0000800
     110     481       0       0       0       0       0       000010000D0000801
     110       0       0       1       0                               0D0000802
     110     482       0       0       0       0       0       000010000D0000803
     110       0       0       1       0                               0D0000804
     110     483       0       0       0       0       0       000010000D0000805
     110       0       0       1       0                               0D0000806
     102     484       0       0       0       0       0       000010000D0000807
     102       0       0       1       0                               0D0000808
     110     485       0       0       0       0       0       000010000D0000809
     110       0       0       1       0                               0D0000810
     100     486       0       0       0       0     813       000010000D0000811
     100       0       0       1       0                               0D0000812
     124     487       0       0       0       0       0       000000000D0000813
     124       0       0       2       0                               0D0000814
     110     489       0       0       0       0       0       000010000D0000815
     110       0       0       1       0                               0D0000816
     100     490       0       0       0       0     819       000010000D0000817
     100       0       0       2       0                               0D0000818
     124     492       0       0       0       0       0       000000000D0000819
     124       0       0       2       0                               0D0000820
     142     494       0       0       0       0       0       000010500D0000821
     142       0       0       1       0                               0D0000822
     102     495       0       0       0       0       0       000010000D0000823
     102       0       0       1       0                               0D0000824
     110     496       0       0       0       0       0       000010000D0000825
     110       0       0       1       0                               0D0000826
     110     497       0       0       0       0       0       000010000D0000827
     110       0       0       1       0                               0D0000828
     110     498       0       0       0       0       0       000010000D0000829
     110       0       0       1       0                               0D0000830
     110     499       0       0       0       0       0       000010000D0000831
     110       0       0       2       0                               0D0000832
     102     501       0       0       0       0       0       000010000D0000833
     102       0       0       1       0                               0D0000834
     110     502       0       0       0       0       0       000010000D0000835
     110       0       0       1       0                               0D0000836
     100     503       0       0       0       0     839       000010000D0000837
     100       0       0       1       0                               0D0000838
     124     504       0       0       0       0       0       000000000D0000839
     124       0       0       2       0                               0D0000840
     110     506       0       0       0       0       0       000010000D0000841
     110       0       0       1       0                               0D0000842
     100     507       0       0       0       0     845       000010000D0000843
     100       0       0       2       0                               0D0000844
     124     509       0       0       0       0       0       000000000D0000845
     124       0       0       2       0                               0D0000846
     144     511       0       0       0       0       0       000020000D0000847
     144       0   -1953       1       0                               0D0000848
     120     512       0       0       0       0     851       000010000D0000849
     120       0       0       1       0                               0D0000850
     124     513       0       0       0       0       0       000000000D0000851
     124       0       0       3       0                               0D0000852
     110     516       0       0       0       0       0       000010000D0000853
     110       0       0       1       0                               0D0000854
     100     517       0       0       0       0     857       000010000D0000855
     100       0       0       2       0                               0D0000856
     124     519       0       0       0       0       0       000000000D0000857
     124       0       0       1       0                               0D0000858
     142     520       0       0       0       0       0       000010500D0000859
     142       0       0       1       0                               0D0000860
     102     521       0       0       0       0       0       000010000D0000861
     102       0       0       1       0                               0D0000862
     126     522       0       0       0       0       0       000010000D0000863
     126       0       0      20       0                               0D0000864
     126     542       0       0       0       0       0       000010000D0000865
     126       0       0      20       0                               0D0000866
     110     562       0       0       0       0       0       000010000D0000867
     110       0       0       1       0                               0D0000868
     102     563       0       0       0       0       0       000010000D0000869
     102       0       0       1       0                               0D0000870
     100     564       0       0       0       0     873       000010000D0000871
     100       0       0       1       0                               0D0000872
     124     565       0       0       0       0       0       000000000D0000873
     124       0       0       2       0                               0D0000874
     100     567       0       0       0       0     877       000010000D0000875
     100       0       0       1       0                               0D0000876
     124     568       0       0       0       0       0       000000000D0000877
     124       0       0       1       0                               0D0000878
     100     569       0       0       0       0     881       000010000D0000879
     100       0       0       2       0                               0D0000880
     124     571       0       0       0       0       0       000000000D0000881
     124       0       0       3       0                               0D0000882
     144     574       0       0       0       0       0       000020000D0000883
     144       0   -1953       1       0                               0D0000884
     120     575       0       0       0       0     887       000010000D0000885
     120       0       0       1       0                               0D0000886
     124     576       0       0       0       0       0       000000000D0000887
     124       0       0       3       0                               0D0000888
     110     579       0       0       0       0       0       000010000D0000889
     110       0       0       1       0                               0D0000890
     110     580       0       0       0       0       0       000010000D0000891
     110       0       0       1       0                               0D0000892
     142     581       0       0       0       0       0       000010500D0000893
     142       0       0       1       0                               0D0000894
     102     582       0       0       0       0       0       000010000D0000895
     102       0       0       1       0                               0D0000896
     110     583       0       0       0       0       0       000010000D0000897
     110       0       0       1       0                               0D0000898
     110     584       0       0       0       0       0       000010000D0000899
     110       0       0       2       0                               0D0000900
     110     586       0       0       0       0       0       000010000D0000901
     110       0       0       1       0                               0D0000902
     110     587       0       0       0       0       0       000010000D0000903
     110       0       0       1       0                               0D0000904
     102     588       0       0       0       0       0       000010000D0000905
     102       0       0       1       0                               0D0000906
     110     589       0       0       0       0       0       000010000D0000907
     110       0       0       2       0                               0D0000908
     100     591       0       0       0       0     911       000010000D0000909
     100       0       0       2       0                               0D0000910
     124     593       0       0       0       0       0       000000000D0000911
     124       0       0       3       0                               0D0000912
     110     596       0       0       0       0       0       000010000D0000913
     110       0       0       2       0                               0D0000914
     100     598       0       0       0       0     917       000010000D0000915
     100       0       0       1       0                               0D0000916
     124     599       0       0       0       0       0       000000000D0000917
     124       0       0       3       0                               0D0000918
     144     602       0       0       0       0       0       000020000D0000919
     144       0   -1953       1       0                               0D0000920
     108     603       0       0       0       0       0       000010000D0000921
     108       0       0       2       0                               0D0000922
     142     605       0       0       0       0       0       000010500D0000923
     142       0       0       1       0                               0D0000924
     102     606       0       0       0       0       0       000010000D0000925
     102       0       0       1       0                               0D0000926
     110     607       0       0       0       0       0       000010000D0000927
     110       0       0       2       0                               0D0000928
     110     609       0       0       0       0       0       000010000D0000929
     110       0       0       2       0                               0D0000930
     110     611       0       0       0       0       0       000010000D0000931
     110       0       0       2       0                               0D0000932
     110     613       0       0       0       0       0       000010000D0000933
     110       0       0       2       0                               0D0000934
     144     615       0       0       0       0       0       000020000D0000935
     144       0   -1953       1       0                               0D0000936
     120     616       0       0       0       0     939       000010000D0000937
     120       0       0       1       0                               0D0000938
     124     617       0       0       0       0       0       000000000D0000939
     124       0       0       1       0                               0D0000940
     110     618       0       0       0       0       0       000010000D0000941
     110       0       0       1       0                               0D0000942
     110     619       0       0       0       0       0       000010000D0000943
     110       0       0       1       0                               0D0000944
     142     620       0       0       0       0       0       000010500D0000945
     142       0       0       1       0                               0D0000946
     102     621       0       0       0       0       0       000010000D0000947
     102       0       0       1       0                               0D0000948
     110     622       0       0       0       0       0       000010000D0000949
     110       0       0       1       0                               0D0000950
     110     623       0       0       0       0       0       000010000D0000951
     110       0       0       1       0                               0D0000952
     110     624       0       0       0       0       0       000010000D0000953
     110       0       0       1       0                               0D0000954
     110     625       0       0       0       0       0       000010000D0000955
     110       0       0       1       0                               0D0000956
     102     626       0       0       0       0       0       000010000D0000957
     102       0       0       1       0                               0D0000958
     100     627       0       0       0       0     961       000010000D0000959
     100       0       0       1       0                               0D0000960
     124     628       0       0       0       0       0       000000000D0000961
     124       0       0       1       0                               0D0000962
     110     629       0       0       0       0       0       000010000D0000963
     110       0       0       2       0                               0D0000964
     100     631       0       0       0       0     967       000010000D0000965
     100       0       0       1       0                               0D0000966
     124     632       0       0       0       0       0       000000000D0000967
     124       0       0       1       0                               0D0000968
     110     633       0       0       0       0       0       000010000D0000969
     110       0       0       2       0                               0D0000970
     144     635       0       0       0       0       0       000020000D0000971
     144       0   -1953       1       0                               0D0000972
     120     636       0       0       0       0     975       000010000D0000973
     120       0       0       1       0                               0D0000974
     124     637       0       0       0       0       0       000000000D0000975
     124       0       0       3       0                               0D0000976
     110     640       0       0       0       0       0       000010000D0000977
     110       0       0       1       0                               0D0000978
     100     641       0       0       0       0     981       000010000D0000979
     100       0       0       2       0                               0D0000980
     124     643       0       0       0       0       0       000000000D0000981
     124       0       0       1       0                               0D0000982
     142     644       0       0       0       0       0       000010500D0000983
     142       0       0       1       0                               0D0000984
     102     645       0       0       0       0       0       000010000D0000985
     102       0       0       1       0                               0D0000986
     126     646       0       0       0       0       0       000010000D0000987
     126       0       0      20       0                               0D0000988
     126     666       0       0       0       0       0       000010000D0000989
     126       0       0      20       0                               0D0000990
     110     686       0       0       0       0       0       000010000D0000991
     110       0       0       1       0                               0D0000992
     102     687       0       0       0       0       0       000010000D0000993
     102       0       0       1       0                               0D0000994
     100     688       0       0       0       0     997       000010000D0000995
     100       0       0       1       0                               0D0000996
     124     689       0       0       0       0       0       000000000D0000997
     124       0       0       1       0                               0D0000998
     100     690       0       0       0       0    1001       000010000D0000999
     100       0       0       1       0                               0D0001000
     124     691       0       0       0       0       0       000000000D0001001
     124       0       0       1       0                               0D0001002
     100     692       0       0       0       0    1005       000010000D0001003
     100       0       0       1       0                               0D0001004
     124     693       0       0       0       0       0       000000000D0001005
     124       0       0       3       0                               0D0001006
     144     696       0       0       0       0       0       000020000D0001007
     144       0   -1953       1       0                               0D0001008
     120     697       0       0       0       0    1011       000010000D0001009
     120       0       0       1       0                               0D0001010
     124     698       0       0       0       0       0       000000000D0001011
     124       0       0       3       0                               0D0001012
     110     701       0       0       0       0       0       000010000D0001013
     110       0       0       1       0                               0D0001014
     110     702       0       0       0       0       0       000010000D0001015
     110       0       0       1       0                               0D0001016
     142     703       0       0       0       0       0       000010500D0001017
     142       0       0       1       0                               0D0001018
     102     704       0       0       0       0       0       000010000D0001019
     102       0       0       1       0                               0D0001020
     110     705       0       0       0       0       0       000010000D0001021
     110       0       0       1       0                               0D0001022
     110     706       0       0       0       0       0       000010000D0001023
     110       0       0       2       0                               0D0001024
     110     708       0       0       0       0       0       000010000D0001025
     110       0       0       1       0                               0D0001026
     110     709       0       0       0       0       0       000010000D0001027
     110       0       0       1       0                               0D0001028
     102     710       0       0       0       0       0       000010000D0001029
     102       0       0       1       0                               0D0001030
     110     711       0       0       0       0       0       000010000D0001031
     110       0       0       2       0                               0D0001032
     100     713       0       0       0       0    1035       000010000D0001033
     100       0       0       1       0                               0D0001034
     124     714       0       0       0       0       0       000000000D0001035
     124       0       0       3       0                               0D0001036
     110     717       0       0       0       0       0       000010000D0001037
     110       0       0       2       0                               0D0001038
     100     719       0       0       0       0    1041       000010000D0001039
     100       0       0       1       0                               0D0001040
     124     720       0       0       0       0       0       000000000D0001041
     124       0       0       3       0                               0D0001042
     144     723       0       0       0       0       0       000020000D0001043
     144       0   -1953       1       0                               0D0001044
     108     724       0       0       0       0       0       000010000D0001045
     108       0       0       2       0                               0D0001046
     142     726       0       0       0       0       0       000010500D0001047
     142       0       0       1       0                               0D0001048
     102     727       0       0       0       0       0       000010000D0001049
     102       0       0       1       0                               0D0001050
     110     728       0       0       0       0       0       000010000D0001051
     110       0       0       2       0                               0D0001052
     110     730       0       0       0       0       0       000010000D0001053
     110       0       0       2       0                               0D0001054
     110     732       0       0       0       0       0       000010000D0001055
     110       0       0       2       0                               0D0001056
     110     734       0       0       0       0       0       000010000D0001057
     110       0       0       2       0                               0D0001058
     144     736       0       0       0       0       0       000020000D0001059
     144       0   -1953       1       0                               0D0001060
     120     737       0       0       0       0    1063       000010000D0001061
     120       0       0       1       0                               0D0001062
     124     738       0       0       0       0       0       000000000D0001063
     124       0       0       1       0                               0D0001064
     110     739       0       0       0       0       0       000010000D0001065
     110       0       0       1       0                               0D0001066
     110     740       0       0       0       0       0       000010000D0001067
     110       0       0       1       0                               0D0001068
     142     741       0       0       0       0       0       000010500D0001069
     142       0       0       1       0                               0D0001070
     102     742       0       0       0       0       0       000010000D0001071
     102       0       0       1       0                               0D0001072
     110     743       0       0       0       0       0       000010000D0001073
     110       0       0       1       0                               0D0001074
     110     744       0       0       0       0       0       000010000D0001075
     110       0       0       1       0                               0D0001076
     110     745       0       0       0       0       0       000010000D0001077
     110       0       0       1       0                               0D0001078
     110     746       0       0       0       0       0       000010000D0001079
     110       0       0       1       0                               0D0001080
     102     747       0       0       0       0       0       000010000D0001081
     102       0       0       1       0                               0D0001082
     100     748       0       0       0       0    1085       000010000D0001083
     100       0       0       1       0                               0D0001084
     124     749       0       0       0       0       0       000000000D0001085
     124       0       0       1       0                               0D0001086
     110     750       0       0       0       0       0       000010000D0001087
     110       0       0       2       0                               0D0001088
     100     752       0       0       0       0    1091       000010000D0001089
     100       0       0       1       0                               0D0001090
     124     753       0       0       0       0       0       000000000D0001091
     124       0       0       2       0                               0D0001092
     110     755       0       0       0       0       0       000010000D0001093
     110       0       0       2       0                               0D0001094
     142     757       0       0       0       0       0       000010500D0001095
     142       0       0       1       0                               0D0001096
     102     758       0       0       0       0       0       000010000D0001097
     102       0       0       1       0                               0D0001098
     110     759       0       0       0       0       0       000010000D0001099
     110       0       0       1       0                               0D0001100
     110     760       0       0       0       0       0       000010000D0001101
     110       0       0       2       0                               0D0001102
     110     762       0       0       0       0       0       000010000D0001103
     110       0       0       1       0                               0D0001104
     110     763       0       0       0       0       0       000010000D0001105
     110       0       0       1       0                               0D0001106
     102     764       0       0       0       0       0       000010000D0001107
     102       0       0       1       0                               0D0001108
     110     765       0       0       0       0       0       000010000D0001109
     110       0       0       1       0                               0D0001110
     100     766       0       0       0       0    1113       000010000D0001111
     100       0       0       2       0                               0D0001112
     124     768       0       0       0       0       0       000000000D0001113
     124       0       0       2       0                               0D0001114
     110     770       0       0       0       0       0       000010000D0001115
     110       0       0       1       0                               0D0001116
     100     771       0       0       0       0    1119       000010000D0001117
     100       0       0       1       0                               0D0001118
     124     772       0       0       0       0       0       000000000D0001119
     124       0       0       2       0                               0D0001120
     142     774       0       0       0       0       0       000010500D0001121
     142       0       0       1       0                               0D0001122
     102     775       0       0       0       0       0       000010000D0001123
     102       0       0       1       0                               0D0001124
     110     776       0       0       0       0       0       000010000D0001125
     110       0       0       1       0                               0D0001126
     110     777       0       0       0       0       0       000010000D0001127
     110       0       0       1       0                               0D0001128
     110     778       0       0       0       0       0       000010000D0001129
     110       0       0       1       0                               0D0001130
     110     779       0       0       0       0       0       000010000D0001131
     110       0       0       1       0                               0D0001132
     102     780       0       0       0       0       0       000010000D0001133
     102       0       0       1       0                               0D0001134
     110     781       0       0       0       0       0       000010000D0001135
     110       0       0       1       0                               0D0001136
     100     782       0       0       0       0    1139       000010000D0001137
     100       0       0       2       0                               0D0001138
     124     784       0       0       0       0       0       000000000D0001139
     124       0       0       2       0                               0D0001140
     110     786       0       0       0       0       0       000010000D0001141
     110       0       0       1       0                               0D0001142
     100     787       0       0       0       0    1145       000010000D0001143
     100       0       0       1       0                               0D0001144
     124     788       0       0       0       0       0       000000000D0001145
     124       0       0       2       0                               0D0001146
     142     790       0       0       0       0       0       000010500D0001147
     142       0       0       1       0                               0D0001148
     102     791       0       0       0       0       0       000010000D0001149
     102       0       0       1       0                               0D0001150
     110     792       0       0       0       0       0       000010000D0001151
     110       0       0       1       0                               0D0001152
     110     793       0       0       0       0       0       000010000D0001153
     110       0       0       1       0                               0D0001154
     110     794       0       0       0       0       0       000010000D0001155
     110       0       0       1       0                               0D0001156
     110     795       0       0       0       0       0       000010000D0001157
     110       0       0       1       0                               0D0001158
     102     796       0       0       0       0       0       000010000D0001159
     102       0       0       1       0                               0D0001160
     110     797       0       0       0       0       0       000010000D0001161
     110       0       0       1       0                               0D0001162
     100     798       0       0       0       0    1165       000010000D0001163
     100       0       0       2       0                               0D0001164
     124     800       0       0       0       0       0       000000000D0001165
     124       0       0       2       0                               0D0001166
     110     802       0       0       0       0       0       000010000D0001167
     110       0       0       1       0                               0D0001168
     100     803       0       0       0       0    1171       000010000D0001169
     100       0       0       1       0                               0D0001170
     124     804       0       0       0       0       0       000000000D0001171
     124       0       0       2       0                               0D0001172
     144     806       0       0       0       0       0       000020000D0001173
     144       0   -1953       1       0                               0D0001174
     120     807       0       0       0       0    1177       000010000D0001175
     120       0       0       1       0                               0D0001176
     124     808       0       0       0       0       0       000000000D0001177
     124       0       0       3       0                               0D0001178
     110     811       0       0       0       0       0       000010000D0001179
     110       0       0       1       0                               0D0001180
     100     812       0       0       0       0    1183       000010000D0001181
     100       0       0       2       0                               0D0001182
     124     814       0       0       0       0       0       000000000D0001183
     124       0       0       1       0                               0D0001184
     142     815       0       0       0       0       0       000010500D0001185
     142       0       0       1       0                               0D0001186
     102     816       0       0       0       0       0       000010000D0001187
     102       0       0       1       0                               0D0001188
     126     817       0       0       0       0       0       000010000D0001189
     126       0       0      20       0                               0D0001190
     126     837       0       0       0       0       0       000010000D0001191
     126       0       0      20       0                               0D0001192
     110     857       0       0       0       0       0       000010000D0001193
     110       0       0       1       0                               0D0001194
     102     858       0       0       0       0       0       000010000D0001195
     102       0       0       1       0                               0D0001196
     100     859       0       0       0       0    1199       000010000D0001197
     100       0       0       1       0                               0D0001198
     124     860       0       0       0       0       0       000000000D0001199
     124       0       0       1       0                               0D0001200
     100     861       0       0       0       0    1203       000010000D0001201
     100       0       0       1       0                               0D0001202
     124     862       0       0       0       0       0       000000000D0001203
     124       0       0       1       0                               0D0001204
     100     863       0       0       0       0    1207       000010000D0001205
     100       0       0       2       0                               0D0001206
     124     865       0       0       0       0       0       000000000D0001207
     124       0       0       3       0                               0D0001208
     144     868       0       0       0       0       0       000020000D0001209
     144       0   -1953       1       0                               0D0001210
     120     869       0       0       0       0    1213       000010000D0001211
     120       0       0       1       0                               0D0001212
     124     870       0       0       0       0       0       000000000D0001213
     124       0       0       3       0                               0D0001214
     110     873       0       0       0       0       0       000010000D0001215
     110       0       0       1       0                               0D0001216
     110     874       0       0       0       0       0       000010000D0001217
     110       0       0       1       0                               0D0001218
     142     875       0       0       0       0       0       000010500D0001219
     142       0       0       1       0                               0D0001220
     102     876       0       0       0       0       0       000010000D0001221
     102       0       0       1       0                               0D0001222
     110     877       0       0       0       0       0       000010000D0001223
     110       0       0       1       0                               0D0001224
     110     878       0       0       0       0       0       000010000D0001225
     110       0       0       2       0                               0D0001226
     110     880       0       0       0       0       0       000010000D0001227
     110       0       0       1       0                               0D0001228
     110     881       0       0       0       0       0       000010000D0001229
     110       0       0       1       0                               0D0001230
     102     882       0       0       0       0       0       000010000D0001231
     102       0       0       1       0                               0D0001232
     110     883       0       0       0       0       0       000010000D0001233
     110       0       0       2       0                               0D0001234
     100     885       0       0       0       0    1237       000010000D0001235
     100       0       0       2       0                               0D0001236
     124     887       0       0       0       0       0       000000000D0001237
     124       0       0       3       0                               0D0001238
     110     890       0       0       0       0       0       000010000D0001239
     110       0       0       2       0                               0D0001240
     100     892       0       0       0       0    1243       000010000D0001241
     100       0       0       1       0                               0D0001242
     124     893       0       0       0       0       0       000000000D0001243
     124       0       0       3       0                               0D0001244
     144     896       0       0       0       0       0       000020000D0001245
     144       0   -1953       1       0                               0D0001246
     108     897       0       0       0       0       0       000010000D0001247
     108       0       0       2       0                               0D0001248
     142     899       0       0       0       0       0       000010500D0001249
     142       0       0       1       0                               0D0001250
     102     900       0       0       0       0       0       000010000D0001251
     102       0       0       1       0                               0D0001252
     110     901       0       0       0       0       0       000010000D0001253
     110       0       0       2       0                               0D0001254
     110     903       0       0       0       0       0       000010000D0001255
     110       0       0       2       0                               0D0001256
     110     905       0       0       0       0       0       000010000D0001257
     110       0       0       2       0                               0D0001258
     110     907       0       0       0       0       0       000010000D0001259
     110       0       0       2       0                               0D0001260
     144     909       0       0       0       0       0       000020000D0001261
     144       0   -1953       1       0                               0D0001262
     120     910       0       0       0       0    1265       000010000D0001263
     120       0       0       1       0                               0D0001264
     124     911       0       0       0       0       0       000000000D0001265
     124       0       0       1       0                               0D0001266
     110     912       0       0       0       0       0       000010000D0001267
     110       0       0       1       0                               0D0001268
     110     913       0       0       0       0       0       000010000D0001269
     110       0       0       1       0                               0D0001270
     142     914       0       0       0       0       0       000010500D0001271
     142       0       0       1       0                               0D0001272
     102     915       0       0       0       0       0       000010000D0001273
     102       0       0       1       0                               0D0001274
     110     916       0       0       0       0       0       000010000D0001275
     110       0       0       1       0                               0D0001276
     110     917       0       0       0       0       0       000010000D0001277
     110       0       0       1       0                               0D0001278
     110     918       0       0       0       0       0       000010000D0001279
     110       0       0       2       0                               0D0001280
     110     920       0       0       0       0       0       000010000D0001281
     110       0       0       1       0                               0D0001282
     102     921       0       0       0       0       0       000010000D0001283
     102       0       0       1       0                               0D0001284
     100     922       0       0       0       0    1287       000010000D0001285
     100       0       0       1       0                               0D0001286
     124     923       0       0       0       0       0       000000000D0001287
     124       0       0       1       0                               0D0001288
     110     924       0       0       0       0       0       000010000D0001289
     110       0       0       1       0                               0D0001290
     100     925       0       0       0       0    1293       000010000D0001291
     100       0       0       2       0                               0D0001292
     124     927       0       0       0       0       0       000000000D0001293
     124       0       0       2       0                               0D0001294
     110     929       0       0       0       0       0       000010000D0001295
     110       0       0       2       0                               0D0001296
     144     931       0       0       0       0       0       000020000D0001297
     144       0   -1953       1       0                               0D0001298
     120     932       0       0       0       0    1301       000010000D0001299
     120       0       0       1       0                               0D0001300
     124     933       0       0       0       0       0       000000000D0001301
     124       0       0       3       0                               0D0001302
     110     936       0       0       0       0       0       000010000D0001303
     110       0       0       1       0                               0D0001304
     100     937       0       0       0       0    1307       000010000D0001305
     100       0       0       2       0                               0D0001306
     124     939       0       0       0       0       0       000000000D0001307
     124       0       0       1       0                               0D0001308
     142     940       0       0       0       0       0       000010500D0001309
     142       0       0       1       0                               0D0001310
     102     941       0       0       0       0       0       000010000D0001311
     102       0       0       1       0                               0D0001312
     126     942       0       0       0       0       0       000010000D0001313
     126       0       0      20       0                               0D0001314
     110     962       0       0       0       0       0       000010000D0001315
     110       0       0       1       0                               0D0001316
     126     963       0       0       0       0       0       000010000D0001317
     126       0       0      20       0                               0D0001318
     102     983       0       0       0       0       0       000010000D0001319
     102       0       0       1       0                               0D0001320
     100     984       0       0       0       0    1323       000010000D0001321
     100       0       0       1       0                               0D0001322
     124     985       0       0       0       0       0       000000000D0001323
     124       0       0       1       0                               0D0001324
     100     986       0       0       0       0    1327       000010000D0001325
     100       0       0       2       0                               0D0001326
     124     988       0       0       0       0       0       000000000D0001327
     124       0       0       3       0                               0D0001328
     100     991       0       0       0       0    1331       000010000D0001329
     100       0       0       2       0                               0D0001330
     124     993       0       0       0       0       0       000000000D0001331
     124       0       0       2       0                               0D0001332
     144     995       0       0       0       0       0       000020000D0001333
     144       0   -1953       1       0                               0D0001334
     120     996       0       0       0       0    1337       000010000D0001335
     120       0       0       1       0                               0D0001336
     124     997       0       0       0       0       0       000000000D0001337
     124       0       0       1       0                               0D0001338
     110     998       0       0       0       0       0       000010000D0001339
     110       0       0       1       0                               0D0001340
     110     999       0       0       0       0       0       000010000D0001341
     110       0       0       1       0                               0D0001342
     142    1000       0       0       0       0       0       000010500D0001343
     142       0       0       1       0                               0D0001344
     102    1001       0       0       0       0       0       000010000D0001345
     102       0       0       1       0                               0D0001346
     110    1002       0       0       0       0       0       000010000D0001347
     110       0       0       2       0                               0D0001348
     110    1004       0       0       0       0       0       000010000D0001349
     110       0       0       1       0                               0D0001350
     110    1005       0       0       0       0       0       000010000D0001351
     110       0       0       1       0                               0D0001352
     110    1006       0       0       0       0       0       000010000D0001353
     110       0       0       1       0                               0D0001354
     102    1007       0       0       0       0       0       000010000D0001355
     102       0       0       1       0                               0D0001356
     100    1008       0       0       0       0    1359       000010000D0001357
     100       0       0       2       0                               0D0001358
     124    1010       0       0       0       0       0       000000000D0001359
     124       0       0       2       0                               0D0001360
     110    1012       0       0       0       0       0       000010000D0001361
     110       0       0       2       0                               0D0001362
     100    1014       0       0       0       0    1365       000010000D0001363
     100       0       0       1       0                               0D0001364
     124    1015       0       0       0       0       0       000000000D0001365
     124       0       0       1       0                               0D0001366
     110    1016       0       0       0       0       0       000010000D0001367
     110       0       0       1       0                               0D0001368
     144    1017       0       0       0       0       0       000020000D0001369
     144       0   -1953       1       0                               0D0001370
     108    1018       0       0       0       0       0       000010000D0001371
     108       0       0       1       0                               0D0001372
     142    1019       0       0       0       0       0       000010500D0001373
     142       0       0       1       0                               0D0001374
     102    1020       0       0       0       0       0       000010000D0001375
     102       0       0       1       0                               0D0001376
     110    1021       0       0       0       0       0       000010000D0001377
     110       0       0       1       0                               0D0001378
     110    1022       0       0       0       0       0       000010000D0001379
     110       0       0       1       0                               0D0001380
     110    1023       0       0       0       0       0       000010000D0001381
     110       0       0       1       0                               0D0001382
     110    1024       0       0       0       0       0       000010000D0001383
     110       0       0       1       0                               0D0001384
     144    1025       0       0       0       0       0       000020000D0001385
     144       0   -1953       1       0                               0D0001386
     120    1026       0       0       0       0    1389       000010000D0001387
     120       0       0       1       0                               0D0001388
     124    1027       0       0       0       0       0       000000000D0001389
     124       0       0       1       0                               0D0001390
     110    1028       0       0       0       0       0       000010000D0001391
     110       0       0       1       0                               0D0001392
     110    1029       0       0       0       0       0       000010000D0001393
     110       0       0       1       0                               0D0001394
     142    1030       0       0       0       0       0       000010500D0001395
     142       0       0       1       0                               0D0001396
     102    1031       0       0       0       0       0       000010000D0001397
     102       0       0       1       0                               0D0001398
     110    1032       0       0       0       0       0       000010000D0001399
     110       0       0       1       0                               0D0001400
     110    1033       0       0       0       0       0       000010000D0001401
     110       0       0       1       0                               0D0001402
     110    1034       0       0       0       0       0       000010000D0001403
     110       0       0       2       0                               0D0001404
     110    1036       0       0       0       0       0       000010000D0001405
     110       0       0       1       0                               0D0001406
     102    1037       0       0       0       0       0       000010000D0001407
     102       0       0       1       0                               0D0001408
     100    1038       0       0       0       0    1411       000010000D0001409
     100       0       0       1       0                               0D0001410
     124    1039       0       0       0       0       0       000000000D0001411
     124       0       0       1       0                               0D0001412
     110    1040       0       0       0       0       0       000010000D0001413
     110       0       0       1       0                               0D0001414
     100    1041       0       0       0       0    1417       000010000D0001415
     100       0       0       2       0                               0D0001416
     124    1043       0       0       0       0       0       000000000D0001417
     124       0       0       2       0                               0D0001418
     110    1045       0       0       0       0       0       000010000D0001419
     110       0       0       2       0                               0D0001420
     144    1047       0       0       0       0       0       000020000D0001421
     144       0   -1953       1       0                               0D0001422
     120    1048       0       0       0       0    1425       000010000D0001423
     120       0       0       1       0                               0D0001424
     124    1049       0       0       0       0       0       000000000D0001425
     124       0       0       2       0                               0D0001426
     110    1051       0       0       0       0       0       000010000D0001427
     110       0       0       1       0                               0D0001428
     100    1052       0       0       0       0    1431       000010000D0001429
     100       0       0       2       0                               0D0001430
     124    1054       0       0       0       0       0       000000000D0001431
     124       0       0       1       0                               0D0001432
     142    1055       0       0       0       0       0       000010500D0001433
     142       0       0       1       0                               0D0001434
     102    1056       0       0       0       0       0       000010000D0001435
     102       0       0       1       0                               0D0001436
     126    1057       0       0       0       0       0       000010000D0001437
     126       0       0      20       0                               0D0001438
     126    1077       0       0       0       0       0       000010000D0001439
     126       0       0      20       0                               0D0001440
     110    1097       0       0       0       0       0       000010000D0001441
     110       0       0       1       0                               0D0001442
     102    1098       0       0       0       0       0       000010000D0001443
     102       0       0       1       0                               0D0001444
     100    1099       0       0       0       0    1447       000010000D0001445
     100       0       0       1       0                               0D0001446
     124    1100       0       0       0       0       0       000000000D0001447
     124       0       0       1       0                               0D0001448
     100    1101       0       0       0       0    1451       000010000D0001449
     100       0       0       2       0                               0D0001450
     124    1103       0       0       0       0       0       000000000D0001451
     124       0       0       3       0                               0D0001452
     100    1106       0       0       0       0    1455       000010000D0001453
     100       0       0       2       0                               0D0001454
     124    1108       0       0       0       0       0       000000000D0001455
     124       0       0       2       0                               0D0001456
     144    1110       0       0       0       0       0       000020000D0001457
     144       0   -1953       1       0                               0D0001458
     120    1111       0       0       0       0    1461       000010000D0001459
     120       0       0       1       0                               0D0001460
     124    1112       0       0       0       0       0       000000000D0001461
     124       0       0       1       0                               0D0001462
     110    1113       0       0       0       0       0       000010000D0001463
     110       0       0       1       0                               0D0001464
     110    1114       0       0       0       0       0       000010000D0001465
     110       0       0       1       0                               0D0001466
     142    1115       0       0       0       0       0       000010500D0001467
     142       0       0       1       0                               0D0001468
     102    1116       0       0       0       0       0       000010000D0001469
     102       0       0       1       0                               0D0001470
     110    1117       0       0       0       0       0       000010000D0001471
     110       0       0       1       0                               0D0001472
     110    1118       0       0       0       0       0       000010000D0001473
     110       0       0       1       0                               0D0001474
     110    1119       0       0       0       0       0       000010000D0001475
     110       0       0       2       0                               0D0001476
     110    1121       0       0       0       0       0       000010000D0001477
     110       0       0       1       0                               0D0001478
     102    1122       0       0       0       0       0       000010000D0001479
     102       0       0       1       0                               0D0001480
     100    1123       0       0       0       0    1483       000010000D0001481
     100       0       0       1       0                               0D0001482
     124    1124       0       0       0       0       0       000000000D0001483
     124       0       0       1       0                               0D0001484
     110    1125       0       0       0       0       0       000010000D0001485
     110       0       0       1       0                               0D0001486
     100    1126       0       0       0       0    1489       000010000D0001487
     100       0       0       2       0                               0D0001488
     124    1128       0       0       0       0       0       000000000D0001489
     124       0       0       2       0                               0D0001490
     110    1130       0       0       0       0       0       000010000D0001491
     110       0       0       2       0                               0D0001492
     144    1132       0       0       0       0       0       000020000D0001493
     144       0   -1953       1       0                               0D0001494
     120    1133       0       0       0       0    1497       000010000D0001495
     120       0       0       1       0                               0D0001496
     124    1134       0       0       0       0       0       000000000D0001497
     124       0       0       2       0                               0D0001498
     110    1136       0       0       0       0       0       000010000D0001499
     110       0       0       1       0                               0D0001500
     100    1137       0       0       0       0    1503       000010000D0001501
     100       0       0       2       0                               0D0001502
     124    1139       0       0       0       0       0       000000000D0001503
     124       0       0       1       0                               0D0001504
     142    1140       0       0       0       0       0       000010500D0001505
     142       0       0       1       0                               0D0001506
     102    1141       0       0       0       0       0       000010000D0001507
     102       0       0       1       0                               0D0001508
     126    1142       0       0       0       0       0       000010000D0001509
     126       0       0      20       0                               0D0001510
     126    1162       0       0       0       0       0       000010000D0001511
     126       0       0      20       0                               0D0001512
     110    1182       0       0       0       0       0       000010000D0001513
     110       0       0       1       0                               0D0001514
     102    1183       0       0       0       0       0       000010000D0001515
     102       0       0       1       0                               0D0001516
     100    1184       0       0       0       0    1519       000010000D0001517
     100       0       0       1       0                               0D0001518
     124    1185       0       0       0       0       0       000000000D0001519
     124       0       0       1       0                               0D0001520
     100    1186       0       0       0       0    1523       000010000D0001521
     100       0       0       2       0                               0D0001522
     124    1188       0       0       0       0       0       000000000D0001523
     124       0       0       3       0                               0D0001524
     100    1191       0       0       0       0    1527       000010000D0001525
     100       0       0       2       0                               0D0001526
     124    1193       0       0       0       0       0       000000000D0001527
     124       0       0       2       0                               0D0001528
     144    1195       0       0       0       0       0       000020000D0001529
     144       0   -1953       1       0                               0D0001530
     120    1196       0       0       0       0    1533       000010000D0001531
     120       0       0       1       0                               0D0001532
     124    1197       0       0       0       0       0       000000000D0001533
     124       0       0       2       0                               0D0001534
     110    1199       0       0       0       0       0       000010000D0001535
     110       0       0       1       0                               0D0001536
     100    1200       0       0       0       0    1539       000010000D0001537
     100       0       0       2       0                               0D0001538
     124    1202       0       0       0       0       0       000000000D0001539
     124       0       0       1       0                               0D0001540
     142    1203       0       0       0       0       0       000010500D0001541
     142       0       0       1       0                               0D0001542
     102    1204       0       0       0       0       0       000010000D0001543
     102       0       0       1       0                               0D0001544
     126    1205       0       0       0       0       0       000010000D0001545
     126       0       0      20       0                               0D0001546
     110    1225       0       0       0       0       0       000010000D0001547
     110       0       0       1       0                               0D0001548
     126    1226       0       0       0       0       0       000010000D0001549
     126       0       0      20       0                               0D0001550
     102    1246       0       0       0       0       0       000010000D0001551
     102       0       0       1       0                               0D0001552
     100    1247       0       0       0       0    1555       000010000D0001553
     100       0       0       2       0                               0D0001554
     124    1249       0       0       0       0       0       000000000D0001555
     124       0       0       3       0                               0D0001556
     100    1252       0       0       0       0    1559       000010000D0001557
     100       0       0       2       0                               0D0001558
     124    1254       0       0       0       0       0       000000000D0001559
     124       0       0       2       0                               0D0001560
     100    1256       0       0       0       0    1563       000010000D0001561
     100       0       0       1       0                               0D0001562
     124    1257       0       0       0       0       0       000000000D0001563
     124       0       0       1       0                               0D0001564
     144    1258       0       0       0       0       0       000020000D0001565
     144       0   -1953       1       0                               0D0001566
     108    1259       0       0       0       0       0       000010000D0001567
     108       0       0       1       0                               0D0001568
     142    1260       0       0       0       0       0       000010500D0001569
     142       0       0       1       0                               0D0001570
     102    1261       0       0       0       0       0       000010000D0001571
     102       0       0       1       0                               0D0001572
     110    1262       0       0       0       0       0       000010000D0001573
     110       0       0       1       0                               0D0001574
     110    1263       0       0       0       0       0       000010000D0001575
     110       0       0       1       0                               0D0001576
     100    1264       0       0       0       0    1579       000010000D0001577
     100       0       0       2       0                               0D0001578
     124    1266       0       0       0       0       0       000000000D0001579
     124       0       0       2       0                               0D0001580
     144    1268       0       0       0       0       0       000020000D0001581
     144       0   -1953       1       0                               0D0001582
     108    1269       0       0       0       0       0       000010000D0001583
     108       0       0       1       0                               0D0001584
     142    1270       0       0       0       0       0       000010500D0001585
     142       0       0       1       0                               0D0001586
     102    1271       0       0       0       0       0       000010000D0001587
     102       0       0       1       0                               0D0001588
     110    1272       0       0       0       0       0       000010000D0001589
     110       0       0       1       0                               0D0001590
     110    1273       0       0       0       0       0       000010000D0001591
     110       0       0       1       0                               0D0001592
     110    1274       0       0       0       0       0       000010000D0001593
     110       0       0       1       0                               0D0001594
     110    1275       0       0       0       0       0       000010000D0001595
     110       0       0       1       0                               0D0001596
     144    1276       0       0       0       0       0       000020000D0001597
     144       0   -1953       1       0                               0D0001598
     108    1277       0       0       0       0       0       000010000D0001599
     108       0       0       1       0                               0D0001600
     142    1278       0       0       0       0       0       000010500D0001601
     142       0       0       1       0                               0D0001602
     102    1279       0       0       0       0       0       000010000D0001603
     102       0       0       1       0                               0D0001604
     110    1280       0       0       0       0       0       000010000D0001605
     110       0       0       1       0                               0D0001606
     110    1281       0       0       0       0       0       000010000D0001607
     110       0       0       1       0                               0D0001608
     100    1282       0       0       0       0    1611       000010000D0001609
     100       0       0       1       0                               0D0001610
     124    1283       0       0       0       0       0       000000000D0001611
     124       0       0       2       0                               0D0001612
     144    1285       0       0       0       0       0       000020000D0001613
     144       0   -1953       1       0                               0D0001614
     108    1286       0       0       0       0       0       000010000D0001615
     108       0       0       1       0                               0D0001616
     142    1287       0       0       0       0       0       000010500D0001617
     142       0       0       1       0                               0D0001618
     102    1288       0       0       0       0       0       000010000D0001619
     102       0       0       1       0                               0D0001620
     110    1289       0       0       0       0       0       000010000D0001621
     110       0       0       1       0                               0D0001622
     110    1290       0       0       0       0       0       000010000D0001623
     110       0       0       1       0                               0D0001624
     110    1291       0       0       0       0       0       000010000D0001625
     110       0       0       1       0                               0D0001626
     110    1292       0       0       0       0       0       000010000D0001627
     110       0       0       1       0                               0D0001628
     144    1293       0       0       0       0       0       000020000D0001629
     144       0   -1953       1       0                               0D0001630
     108    1294       0       0       0       0       0       000010000D0001631
     108       0       0       1       0                               0D0001632
     142    1295       0       0       0       0       0       000010500D0001633
     142       0       0       1       0                               0D0001634
     102    1296       0       0       0       0       0       000010000D0001635
     102       0       0       1       0                               0D0001636
     110    1297       0       0       0       0       0       000010000D0001637
     110       0       0       1       0                               0D0001638
     110    1298       0       0       0       0       0       000010000D0001639
     110       0       0       1       0                               0D0001640
     100    1299       0       0       0       0    1643       000010000D0001641
     100       0       0       2       0                               0D0001642
     124    1301       0       0       0       0       0       000000000D0001643
     124       0       0       2       0                               0D0001644
     144    1303       0       0       0       0       0       000020000D0001645
     144       0   -1953       1       0                               0D0001646
     108    1304       0       0       0       0       0       000010000D0001647
     108       0       0       1       0                               0D0001648
     142    1305       0       0       0       0       0       000010500D0001649
     142       0       0       1       0                               0D0001650
     102    1306       0       0       0       0       0       000010000D0001651
     102       0       0       1       0                               0D0001652
     110    1307       0       0       0       0       0       000010000D0001653
     110       0       0       1       0                               0D0001654
     110    1308       0       0       0       0       0       000010000D0001655
     110       0       0       1       0                               0D0001656
     110    1309       0       0       0       0       0       000010000D0001657
     110       0       0       1       0                               0D0001658
     110    1310       0       0       0       0       0       000010000D0001659
     110       0       0       1       0                               0D0001660
     144    1311       0       0       0       0       0       000020000D0001661
     144       0   -1953       1       0                               0D0001662
     108    1312       0       0       0       0       0       000010000D0001663
     108       0       0       1       0                               0D0001664
     142    1313       0       0       0       0       0       000010500D0001665
     142       0       0       1       0                               0D0001666
     102    1314       0       0       0       0       0       000010000D0001667
     102       0       0       1       0                               0D0001668
     110    1315       0       0       0       0       0       000010000D0001669
     110       0       0       1       0                               0D0001670
     110    1316       0       0       0       0       0       000010000D0001671
     110       0       0       1       0                               0D0001672
     100    1317       0       0       0       0    1675       000010000D0001673
     100       0       0       1       0                               0D0001674
     124    1318       0       0       0       0       0       000000000D0001675
     124       0       0       2       0                               0D0001676
     144    1320       0       0       0       0       0       000020000D0001677
     144       0   -1953       1       0                               0D0001678
     108    1321       0       0       0       0       0       000010000D0001679
     108       0       0       1       0                               0D0001680
     142    1322       0       0       0       0       0       000010500D0001681
     142       0       0       1       0                               0D0001682
     102    1323       0       0       0       0       0       000010000D0001683
     102       0       0       1       0                               0D0001684
     110    1324       0       0       0       0       0       000010000D0001685
     110       0       0       1       0                               0D0001686
     110    1325       0       0       0       0       0       000010000D0001687
     110       0       0       1       0                               0D0001688
     110    1326       0       0       0       0       0       000010000D0001689
     110       0       0       1       0                               0D0001690
     110    1327       0       0       0       0       0       000010000D0001691
     110       0       0       1       0                               0D0001692
     144    1328       0       0       0       0       0       000020000D0001693
     144       0   -1953       1       0                               0D0001694
     108    1329       0       0       0       0       0       000010000D0001695
     108       0       0       1       0                               0D0001696
     142    1330       0       0       0       0       0       000010500D0001697
     142       0       0       1       0                               0D0001698
     102    1331       0       0       0       0       0       000010000D0001699
     102       0       0       1       0                               0D0001700
     110    1332       0       0       0       0       0       000010000D0001701
     110       0       0       1       0                               0D0001702
     110    1333       0       0       0       0       0       000010000D0001703
     110       0       0       1       0                               0D0001704
     100    1334       0       0       0       0    1707       000010000D0001705
     100       0       0       2       0                               0D0001706
     124    1336       0       0       0       0       0       000000000D0001707
     124       0       0       2       0                               0D0001708
     144    1338       0       0       0       0       0       000020000D0001709
     144       0   -1953       1       0                               0D0001710
     108    1339       0       0       0       0       0       000010000D0001711
     108       0       0       1       0                               0D0001712
     142    1340       0       0       0       0       0       000010500D0001713
     142       0       0       1       0                               0D0001714
     102    1341       0       0       0       0       0       000010000D0001715
     102       0       0       1       0                               0D0001716
     110    1342       0       0       0       0       0       000010000D0001717
     110       0       0       1       0                               0D0001718
     110    1343       0       0       0       0       0       000010000D0001719
     110       0       0       1       0                               0D0001720
     110    1344       0       0       0       0       0       000010000D0001721
     110       0       0       1       0                               0D0001722
     110    1345       0       0       0       0       0       000010000D0001723
     110       0       0       1       0                               0D0001724
     144    1346       0       0       0       0       0       000020000D0001725
     144       0   -1953       1       0                               0D0001726
     108    1347       0       0       0       0       0       000010000D0001727
     108       0       0       1       0                               0D0001728
     142    1348       0       0       0       0       0       000010500D0001729
     142       0       0       1       0                               0D0001730
     102    1349       0       0       0       0       0       000010000D0001731
     102       0       0       1       0                               0D0001732
     110    1350       0       0       0       0       0       000010000D0001733
     110       0       0       1       0                               0D0001734
     110    1351       0       0       0       0       0       000010000D0001735
     110       0       0       1       0                               0D0001736
     100    1352       0       0       0       0    1739       000010000D0001737
     100       0       0       1       0                               0D0001738
     124    1353       0       0       0       0       0       000000000D0001739
     124       0       0       2       0                               0D0001740
     144    1355       0       0       0       0       0       000020000D0001741
     144       0   -1953       1       0                               0D0001742
     108    1356       0       0       0       0       0       000010000D0001743
     108       0       0       1       0                               0D0001744
     142    1357       0       0       0       0       0       000010500D0001745
     142       0       0       1       0                               0D0001746
     102    1358       0       0       0       0       0       000010000D0001747
     102       0       0       1       0                               0D0001748
     110    1359       0       0       0       0       0       000010000D0001749
     110       0       0       1       0                               0D0001750
     110    1360       0       0       0       0       0       000010000D0001751
     110       0       0       1       0                               0D0001752
     110    1361       0       0       0       0       0       000010000D0001753
     110       0       0       1       0                               0D0001754
     110    1362       0       0       0       0       0       000010000D0001755
     110       0       0       1       0                               0D0001756
     144    1363       0       0       0       0       0       000020000D0001757
     144       0   -1953       1       0                               0D0001758
     108    1364       0       0       0       0       0       000010000D0001759
     108       0       0       1       0                               0D0001760
     142    1365       0       0       0       0       0       000010500D0001761
     142       0       0       1       0                               0D0001762
     102    1366       0       0       0       0       0       000010000D0001763
     102       0       0       1       0                               0D0001764
     110    1367       0       0       0       0       0       000010000D0001765
     110       0       0       1       0                               0D0001766
     110    1368       0       0       0       0       0       000010000D0001767
     110       0       0       1       0                               0D0001768
     100    1369       0       0       0       0    1771       000010000D0001769
     100       0       0       1       0                               0D0001770
     124    1370       0       0       0       0       0       000000000D0001771
     124       0       0       2       0                               0D0001772
     144    1372       0       0       0       0       0       000020000D0001773
     144       0   -1953       1       0                               0D0001774
     108    1373       0       0       0       0       0       000010000D0001775
     108       0       0       1       0                               0D0001776
     142    1374       0       0       0       0       0       000010500D0001777
     142       0       0       1       0                               0D0001778
     102    1375       0       0       0       0       0       000010000D0001779
     102       0       0       1       0                               0D0001780
     110    1376       0       0       0       0       0       000010000D0001781
     110       0       0       1       0                               0D0001782
     110    1377       0       0       0       0       0       000010000D0001783
     110       0       0       1       0                               0D0001784
     110    1378       0       0       0       0       0       000010000D0001785
     110       0       0       1       0                               0D0001786
     110    1379       0       0       0       0       0       000010000D0001787
     110       0       0       1       0                               0D0001788
     144    1380       0       0       0       0       0       000020000D0001789
     144       0   -1953       1       0                               0D0001790
     108    1381       0       0       0       0       0       000010000D0001791
     108       0       0       1       0                               0D0001792
     142    1382       0       0       0       0       0       000010500D0001793
     142       0       0       1       0                               0D0001794
     102    1383       0       0       0       0       0       000010000D0001795
     102       0       0       1       0                               0D0001796
     110    1384       0       0       0       0       0       000010000D0001797
     110       0       0       1       0                               0D0001798
     110    1385       0       0       0       0       0       000010000D0001799
     110       0       0       1       0                               0D0001800
     100    1386       0       0       0       0    1803       000010000D0001801
     100       0       0       2       0                               0D0001802
     124    1388       0       0       0       0       0       000000000D0001803
     124       0       0       2       0                               0D0001804
     144    1390       0       0       0       0       0       000020000D0001805
     144       0   -1953       1       0                               0D0001806
     108    1391       0       0       0       0       0       000010000D0001807
     108       0       0       1       0                               0D0001808
     142    1392       0       0       0       0       0       000010500D0001809
     142       0       0       1       0                               0D0001810
     102    1393       0       0       0       0       0       000010000D0001811
     102       0       0       1       0                               0D0001812
     110    1394       0       0       0       0       0       000010000D0001813
     110       0       0       1       0                               0D0001814
     110    1395       0       0       0       0       0       000010000D0001815
     110       0       0       1       0                               0D0001816
     110    1396       0       0       0       0       0       000010000D0001817
     110       0       0       1       0                               0D0001818
     110    1397       0       0       0       0       0       000010000D0001819
     110       0       0       1       0                               0D0001820
     144    1398       0       0       0       0       0       000020000D0001821
     144       0   -1953       1       0                               0D0001822
     108    1399       0       0       0       0       0       000010000D0001823
     108       0       0       1       0                               0D0001824
     142    1400       0       0       0       0       0       000010500D0001825
     142       0       0       1       0                               0D0001826
     102    1401       0       0       0       0       0       000010000D0001827
     102       0       0       1       0                               0D0001828
     110    1402       0       0       0       0       0       000010000D0001829
     110       0       0       1       0                               0D0001830
     110    1403       0       0       0       0       0       000010000D0001831
     110       0       0       1       0                               0D0001832
     100    1404       0       0       0       0    1835       000010000D0001833
     100       0       0       1       0                               0D0001834
     124    1405       0       0       0       0       0       000000000D0001835
     124       0       0       2       0                               0D0001836
     144    1407       0       0       0       0       0       000020000D0001837
     144       0   -1953       1       0                               0D0001838
     108    1408       0       0       0       0       0       000010000D0001839
     108       0       0       1       0                               0D0001840
     142    1409       0       0       0       0       0       000010500D0001841
     142       0       0       1       0                               0D0001842
     102    1410       0       0       0       0       0       000010000D0001843
     102       0       0       1       0                               0D0001844
     110    1411       0       0       0       0       0       000010000D0001845
     110       0       0       1       0                               0D0001846
     110    1412       0       0       0       0       0       000010000D0001847
     110       0       0       1       0                               0D0001848
     110    1413       0       0       0       0       0       000010000D0001849
     110       0       0       1       0                               0D0001850
     110    1414       0       0       0       0       0       000010000D0001851
     110       0       0       1       0                               0D0001852
     144    1415       0       0       0       0       0       000020000D0001853
     144       0   -1953       1       0                               0D0001854
     108    1416       0       0       0       0       0       000010000D0001855
     108       0       0       1       0                               0D0001856
     142    1417       0       0       0       0       0       000010500D0001857
     142       0       0       1       0                               0D0001858
     102    1418       0       0       0       0       0       000010000D0001859
     102       0       0       1       0                               0D0001860
     110    1419       0       0       0       0       0       000010000D0001861
     110       0       0       1       0                               0D0001862
     110    1420       0       0       0       0       0       000010000D0001863
     110       0       0       1       0                               0D0001864
     100    1421       0       0       0       0    1867       000010000D0001865
     100       0       0       2       0                               0D0001866
     124    1423       0       0       0       0       0       000000000D0001867
     124       0       0       2       0                               0D0001868
     144    1425       0       0       0       0       0       000020000D0001869
     144       0   -1953       1       0                               0D0001870
     108    1426       0       0       0       0       0       000010000D0001871
     108       0       0       1       0                               0D0001872
     142    1427       0       0       0       0       0       000010500D0001873
     142       0       0       1       0                               0D0001874
     102    1428       0       0       0       0       0       000010000D0001875
     102       0       0       1       0                               0D0001876
     110    1429       0       0       0       0       0       000010000D0001877
     110       0       0       1       0                               0D0001878
     110    1430       0       0       0       0       0       000010000D0001879
     110       0       0       1       0                               0D0001880
     110    1431       0       0       0       0       0       000010000D0001881
     110       0       0       1       0                               0D0001882
     110    1432       0       0       0       0       0       000010000D0001883
     110       0       0       1       0                               0D0001884
     144    1433       0       0       0       0       0       000020000D0001885
     144       0   -1953       1       0                               0D0001886
     108    1434       0       0       0       0       0       000010000D0001887
     108       0       0       1       0                               0D0001888
     142    1435       0       0       0       0       0       000010500D0001889
     142       0       0       1       0                               0D0001890
     102    1436       0       0       0       0       0       000010000D0001891
     102       0       0       1       0                               0D0001892
     110    1437       0       0       0       0       0       000010000D0001893
     110       0       0       1       0                               0D0001894
     110    1438       0       0       0       0       0       000010000D0001895
     110       0       0       1       0                               0D0001896
     100    1439       0       0       0       0    1899       000010000D0001897
     100       0       0       1       0                               0D0001898
     124    1440       0       0       0       0       0       000000000D0001899
     124       0       0       2       0                               0D0001900
     144    1442       0       0       0       0       0       000020000D0001901
     144       0   -1953       1       0                               0D0001902
     108    1443       0       0       0       0       0       000010000D0001903
     108       0       0       1       0                               0D0001904
     142    1444       0       0       0       0       0       000010500D0001905
     142       0       0       1       0                               0D0001906
     102    1445       0       0       0       0       0       000010000D0001907
     102       0       0       1       0                               0D0001908
     110    1446       0       0       0       0       0       000010000D0001909
     110       0       0       1       0                               0D0001910
     110    1447       0       0       0       0       0       000010000D0001911
     110       0       0       1       0                               0D0001912
     110    1448       0       0       0       0       0       000010000D0001913
     110       0       0       1       0                               0D0001914
     110    1449       0       0       0       0       0       000010000D0001915
     110       0       0       1       0                               0D0001916
     144    1450       0       0       0       0       0       000020000D0001917
     144       0   -1953       1       0                               0D0001918
     108    1451       0       0       0       0       0       000010000D0001919
     108       0       0       1       0                               0D0001920
     142    1452       0       0       0       0       0       000010500D0001921
     142       0       0       1       0                               0D0001922
     102    1453       0       0       0       0       0       000010000D0001923
     102       0       0       1       0                               0D0001924
     110    1454       0       0       0       0       0       000010000D0001925
     110       0       0       1       0                               0D0001926
     110    1455       0       0       0       0       0       000010000D0001927
     110       0       0       1       0                               0D0001928
     100    1456       0       0       0       0    1931       000010000D0001929
     100       0       0       2       0                               0D0001930
     124    1458       0       0       0       0       0       000000000D0001931
     124       0       0       2       0                               0D0001932
     144    1460       0       0       0       0       0       000020000D0001933
     144       0   -1953       1       0                               0D0001934
     108    1461       0       0       0       0       0       000010000D0001935
     108       0       0       1       0                               0D0001936
     142    1462       0       0       0       0       0       000010500D0001937
     142       0       0       1       0                               0D0001938
     102    1463       0       0       0       0       0       000010000D0001939
     102       0       0       1       0                               0D0001940
     110    1464       0       0       0       0       0       000010000D0001941
     110       0       0       1       0                               0D0001942
     110    1465       0       0       0       0       0       000010000D0001943
     110       0       0       1       0                               0D0001944
     110    1466       0       0       0       0       0       000010000D0001945
     110       0       0       1       0                               0D0001946
     110    1467       0       0       0       0       0       000010000D0001947
     110       0       0       1       0                               0D0001948
     314    1468       0       0       0       0       0       000000200D0001949
     314       0       0       1       0                               0D0001950
     314    1469       0       0       0       0       0       000000200D0001951
     314       0       0       1       0                               0D0001952
     314    1470       0       0       0       0       0       000000200D0001953
     314       0       0       1       0                               0D0001954
     406    1471       0       0       0       0       0       000000000D0001955
     406       0       0       1      15                               0D0001956
     406    1472       0       0       0       0       0       000000000D0001957
     406       0       0       1      15                               0D0001958
402,7,3,101,199,297,395,493,591,0,1,1955;                        0000001P0000001
402,6,5,21,37,53,69,85;                                          0000003P0000002
144,7,1,0,9;                                                     0000005P0000003
108,-0.,-0.,-1.,-0.,0,0.,0.,0.,0.;                               0000007P0000004
142,0,7,0,11,2;                                                  0000009P0000005
102,4,13,15,17,19;                                               0000011P0000006
110,-0.8,0.4,0.,-0.8,0.6,0.;                                     0000013P0000007
110,-0.8,0.6,0.,-0.5,0.6,0.;                                     0000015P0000008
110,-0.5,0.6,0.,-0.5,0.4,0.;                                     0000017P0000009
110,-0.5,0.4,0.,-0.8,0.4,0.;                                     0000019P0000010
144,23,1,0,25;                                                   0000021P0000011
108,0.,-1.,0.,-0.4,0,-0.8,0.4,0.,0.;                             0000023P0000012
142,0,23,0,27,2;                                                 0000025P0000013
102,4,29,31,33,35;                                               0000027P0000014
110,-0.5,0.4,0.,-0.5,0.4,0.13;                                   0000029P0000015
110,-0.5,0.4,0.13,-0.8,0.4,0.13;                                 0000031P0000016
110,-0.8,0.4,0.13,-0.8,0.4,0.;                                   0000033P0000017
110,-0.8,0.4,0.,-0.5,0.4,0.;                                     0000035P0000018
144,39,1,0,41;                                                   0000037P0000019
108,-1.,0.,0.,0.8,0,-0.8,0.6,0.,0.;                              0000039P0000020
142,0,39,0,43,2;                                                 0000041P0000021
102,4,45,47,49,51;                                               0000043P0000022
110,-0.8,0.4,0.,-0.8,0.4,0.13;                                   0000045P0000023
110,-0.8,0.4,0.13,-0.8,0.6,0.13;                                 0000047P0000024
110,-0.8,0.6,0.13,-0.8,0.6,0.;                                   0000049P0000025
110,-0.8,0.6,0.,-0.8,0.4,0.;                                     0000051P0000026
144,55,1,0,57;                                                   0000053P0000027
108,0.,1.,0.,0.6,0,-0.5,0.6,0.,0.;                               0000055P0000028
142,0,55,0,59,2;                                                 0000057P0000029
102,4,61,63,65,67;                                               0000059P0000030
110,-0.8,0.6,0.,-0.8,0.6,0.13;                                   0000061P0000031
110,-0.8,0.6,0.13,-0.5,0.6,0.13;                                 0000063P0000032
110,-0.5,0.6,0.13,-0.5,0.6,0.;                                   0000065P0000033
110,-0.5,0.6,0.,-0.8,0.6,0.;                                     0000067P0000034
144,71,1,0,73;                                                   0000069P0000035
108,1.,0.,0.,-0.5,0,-0.5,0.4,0.,0.;                              0000071P0000036
142,0,71,0,75,2;                                                 0000073P0000037
102,4,77,79,81,83;                                               0000075P0000038
110,-0.5,0.6,0.,-0.5,0.6,0.13;                                   0000077P0000039
110,-0.5,0.6,0.13,-0.5,0.4,0.13;                                 0000079P0000040
110,-0.5,0.4,0.13,-0.5,0.4,0.;                                   0000081P0000041
110,-0.5,0.4,0.,-0.5,0.6,0.;                                     0000083P0000042
144,87,1,0,89;                                                   0000085P0000043
108,0.,0.,1.,0.13,0,0.,0.,0.13,0.;                               0000087P0000044
142,0,87,0,91,2;                                                 0000089P0000045
102,4,93,95,97,99;                                               0000091P0000046
110,-0.5,0.4,0.13,-0.5,0.6,0.13;                                 0000093P0000047
110,-0.5,0.6,0.13,-0.8,0.6,0.13;                                 0000095P0000048
110,-0.8,0.6,0.13,-0.8,0.4,0.13;                                 0000097P0000049
110,-0.8,0.4,0.13,-0.5,0.4,0.13;                                 0000099P0000050
402,6,103,119,135,151,167,183;                                   0000101P0000051
144,105,1,0,107;                                                 0000103P0000052
108,-0.,-0.,-1.,-0.,0,0.,0.,0.,0.;                               0000105P0000053
142,0,105,0,109,2;                                               0000107P0000054
102,4,111,113,115,117;                                           0000109P0000055
110,-0.8,-0.1,0.,-0.8,0.1,0.;                                    0000111P0000056
110,-0.8,0.1,0.,-0.5,0.1,0.;                                     0000113P0000057
110,-0.5,0.1,0.,-0.5,-0.1,0.;                                    0000115P0000058
110,-0.5,-0.1,0.,-0.8,-0.1,0.;                                   0000117P0000059
144,121,1,0,123;                                                 0000119P0000060
108,0.,-1.,0.,0.1,0,-0.8,-0.1,0.,0.;                             0000121P0000061
142,0,121,0,125,2;                                               0000123P0000062
102,4,127,129,131,133;                                           0000125P0000063
110,-0.5,-0.1,0.,-0.5,-0.1,0.13;                                 0000127P0000064
110,-0.5,-0.1,0.13,-0.8,-0.1,0.13;                               0000129P0000065
110,-0.8,-0.1,0.13,-0.8,-0.1,0.;                                 0000131P0000066
110,-0.8,-0.1,0.,-0.5,-0.1,0.;                                   0000133P0000067
144,137,1,0,139;                                                 0000135P0000068
108,-1.,0.,0.,0.8,0,-0.8,0.1,0.,0.;                              0000137P0000069
142,0,137,0,141,2;                                               0000139P0000070
102,4,143,145,147,149;                                           0000141P0000071
110,-0.8,-0.1,0.,-0.8,-0.1,0.13;                                 0000143P0000072
110,-0.8,-0.1,0.13,-0.8,0.1,0.13;                                0000145P0000073
110,-0.8,0.1,0.13,-0.8,0.1,0.;                                   0000147P0000074
110,-0.8,0.1,0.,-0.8,-0.1,0.;                                    0000149P0000075
144,153,1,0,155;                                                 0000151P0000076
108,0.,1.,0.,0.1,0,-0.5,0.1,0.,0.;                               0000153P0000077
142,0,153,0,157,2;                                               0000155P0000078
102,4,159,161,163,165;                                           0000157P0000079
110,-0.8,0.1,0.,-0.8,0.1,0.13;                                   0000159P0000080
110,-0.8,0.1,0.13,-0.5,0.1,0.13;                                 0000161P0000081
110,-0.5,0.1,0.13,-0.5,0.1,0.;                                   0000163P0000082
110,-0.5,0.1,0.,-0.8,0.1,0.;                                     0000165P0000083
144,169,1,0,171;                                                 0000167P0000084
108,1.,0.,0.,-0.5,0,-0.5,-0.1,0.,0.;                             0000169P0000085
142,0,169,0,173,2;                                               0000171P0000086
102,4,175,177,179,181;                                           0000173P0000087
110,-0.5,0.1,0.,-0.5,0.1,0.13;                                   0000175P0000088
110,-0.5,0.1,0.13,-0.5,-0.1,0.13;                                0000177P0000089
110,-0.5,-0.1,0.13,-0.5,-0.1,0.;                                 0000179P0000090
110,-0.5,-0.1,0.,-0.5,0.1,0.;                                    0000181P0000091
144,185,1,0,187;                                                 0000183P0000092
108,0.,0.,1.,0.13,0,0.,0.,0.13,0.;                               0000185P0000093
142,0,185,0,189,2;                                               0000187P0000094
102,4,191,193,195,197;                                           0000189P0000095
110,-0.5,-0.1,0.13,-0.5,0.1,0.13;                                0000191P0000096
110,-0.5,0.1,0.13,-0.8,0.1,0.13;                                 0000193P0000097
110,-0.8,0.1,0.13,-0.8,-0.1,0.13;                                0000195P0000098
110,-0.8,-0.1,0.13,-0.5,-0.1,0.13;                               0000197P0000099
402,6,201,217,233,249,265,281;                                   0000199P0000100
144,203,1,0,205;                                                 0000201P0000101
108,-0.,-0.,-1.,-0.,0,0.,0.,0.,0.;                               0000203P0000102
142,0,203,0,207,2;                                               0000205P0000103
102,4,209,211,213,215;                                           0000207P0000104
110,-0.8,-0.6,0.,-0.8,-0.4,0.;                                   0000209P0000105
110,-0.8,-0.4,0.,-0.5,-0.4,0.;                                   0000211P0000106
110,-0.5,-0.4,0.,-0.5,-0.6,0.;                                   0000213P0000107
110,-0.5,-0.6,0.,-0.8,-0.6,0.;                                   0000215P0000108
144,219,1,0,221;                                                 0000217P0000109
108,0.,-1.,0.,0.6,0,-0.8,-0.6,0.,0.;                             0000219P0000110
142,0,219,0,223,2;                                               0000221P0000111
102,4,225,227,229,231;                                           0000223P0000112
110,-0.5,-0.6,0.,-0.5,-0.6,0.13;                                 0000225P0000113
110,-0.5,-0.6,0.13,-0.8,-0.6,0.13;                               0000227P0000114
110,-0.8,-0.6,0.13,-0.8,-0.6,0.;                                 0000229P0000115
110,-0.8,-0.6,0.,-0.5,-0.6,0.;                                   0000231P0000116
144,235,1,0,237;                                                 0000233P0000117
108,-1.,0.,0.,0.8,0,-0.8,-0.4,0.,0.;                             0000235P0000118
142,0,235,0,239,2;                                               0000237P0000119
102,4,241,243,245,247;                                           0000239P0000120
110,-0.8,-0.6,0.,-0.8,-0.6,0.13;                                 0000241P0000121
110,-0.8,-0.6,0.13,-0.8,-0.4,0.13;                               0000243P0000122
110,-0.8,-0.4,0.13,-0.8,-0.4,0.;                                 0000245P0000123
110,-0.8,-0.4,0.,-0.8,-0.6,0.;                                   0000247P0000124
144,251,1,0,253;                                                 0000249P0000125
108,0.,1.,0.,-0.4,0,-0.5,-0.4,0.,0.;                             0000251P0000126
142,0,251,0,255,2;                                               0000253P0000127
102,4,257,259,261,263;                                           0000255P0000128
110,-0.8,-0.4,0.,-0.8,-0.4,0.13;                                 0000257P0000129
110,-0.8,-0.4,0.13,-0.5,-0.4,0.13;                               0000259P0000130
110,-0.5,-0.4,0.13,-0.5,-0.4,0.;                                 0000261P0000131
110,-0.5,-0.4,0.,-0.8,-0.4,0.;                                   0000263P0000132
144,267,1,0,269;                                                 0000265P0000133
108,1.,0.,0.,-0.5,0,-0.5,-0.6,0.,0.;                             0000267P0000134
142,0,267,0,271,2;                                               0000269P0000135
102,4,273,275,277,279;                                           0000271P0000136
110,-0.5,-0.4,0.,-0.5,-0.4,0.13;                                 0000273P0000137
110,-0.5,-0.4,0.13,-0.5,-0.6,0.13;                               0000275P0000138
110,-0.5,-0.6,0.13,-0.5,-0.6,0.;                                 0000277P0000139
110,-0.5,-0.6,0.,-0.5,-0.4,0.;                                   0000279P0000140
144,283,1,0,285;                                                 0000281P0000141
108,0.,0.,1.,0.13,0,0.,0.,0.13,0.;                               0000283P0000142
142,0,283,0,287,2;                                               0000285P0000143
102,4,289,291,293,295;                                           0000287P0000144
110,-0.5,-0.6,0.13,-0.5,-0.4,0.13;                               0000289P0000145
110,-0.5,-0.4,0.13,-0.8,-0.4,0.13;                               0000291P0000146
110,-0.8,-0.4,0.13,-0.8,-0.6,0.13;                               0000293P0000147
110,-0.8,-0.6,0.13,-0.5,-0.6,0.13;                               0000295P0000148
402,6,299,315,331,347,363,379;                                   0000297P0000149
144,301,1,0,303;                                                 0000299P0000150
108,0.,0.,-1.,0.,0,0.,0.,0.,0.;                                  0000301P0000151
142,0,301,0,305,2;                                               0000303P0000152
102,4,307,309,311,313;                                           0000305P0000153
110,0.5,0.4,0.,0.5,0.6,0.;                                       0000307P0000154
110,0.5,0.6,0.,0.8,0.6,0.;                                       0000309P0000155
110,0.8,0.6,0.,0.8,0.4,0.;                                       0000311P0000156
110,0.8,0.4,0.,0.5,0.4,0.;                                       0000313P0000157
144,317,1,0,319;                                                 0000315P0000158
108,-0.,-1.,-0.,-0.4,0,0.8,0.4,0.,0.;                            0000317P0000159
142,0,317,0,321,2;                                               0000319P0000160
102,4,323,325,327,329;                                           0000321P0000161
110,0.8,0.4,0.,0.8,0.4,0.13;                                     0000323P0000162
110,0.8,0.4,0.13,0.5,0.4,0.13;                                   0000325P0000163
110,0.5,0.4,0.13,0.5,0.4,0.;                                     0000327P0000164
110,0.5,0.4,0.,0.8,0.4,0.;                                       0000329P0000165
144,333,1,0,335;                                                 0000331P0000166
108,-1.,-0.,-0.,-0.5,0,0.5,0.4,0.,0.;                            0000333P0000167
142,0,333,0,337,2;                                               0000335P0000168
102,4,339,341,343,345;                                           0000337P0000169
110,0.5,0.4,0.,0.5,0.4,0.13;                                     0000339P0000170
110,0.5,0.4,0.13,0.5,0.6,0.13;                                   0000341P0000171
110,0.5,0.6,0.13,0.5,0.6,0.;                                     0000343P0000172
110,0.5,0.6,0.,0.5,0.4,0.;                                       0000345P0000173
144,349,1,0,351;                                                 0000347P0000174
108,-0.,1.,-0.,0.6,0,0.5,0.6,0.,0.;                              0000349P0000175
142,0,349,0,353,2;                                               0000351P0000176
102,4,355,357,359,361;                                           0000353P0000177
110,0.5,0.6,0.,0.5,0.6,0.13;                                     0000355P0000178
110,0.5,0.6,0.13,0.8,0.6,0.13;                                   0000357P0000179
110,0.8,0.6,0.13,0.8,0.6,0.;                                     0000359P0000180
110,0.8,0.6,0.,0.5,0.6,0.;                                       0000361P0000181
144,365,1,0,367;                                                 0000363P0000182
108,1.,-0.,-0.,0.8,0,0.8,0.6,0.,0.;                              0000365P0000183
142,0,365,0,369,2;                                               0000367P0000184
102,4,371,373,375,377;                                           0000369P0000185
110,0.8,0.6,0.,0.8,0.6,0.13;                                     0000371P0000186
110,0.8,0.6,0.13,0.8,0.4,0.13;                                   0000373P0000187
110,0.8,0.4,0.13,0.8,0.4,0.;                                     0000375P0000188
110,0.8,0.4,0.,0.8,0.6,0.;                                       0000377P0000189
144,381,1,0,383;                                                 0000379P0000190
108,-0.,-0.,1.,0.13,0,0.,0.,0.13,0.;                             0000381P0000191
142,0,381,0,385,2;                                               0000383P0000192
102,4,387,389,391,393;                                           0000385P0000193
110,0.8,0.4,0.13,0.8,0.6,0.13;                                   0000387P0000194
110,0.8,0.6,0.13,0.5,0.6,0.13;                                   0000389P0000195
110,0.5,0.6,0.13,0.5,0.4,0.13;                                   0000391P0000196
110,0.5,0.4,0.13,0.8,0.4,0.13;                                   0000393P0000197
402,6,397,413,429,445,461,477;                                   0000395P0000198
144,399,1,0,401;                                                 0000397P0000199
108,0.,0.,-1.,0.,0,0.,0.,0.,0.;                                  0000399P0000200
142,0,399,0,403,2;                                               0000401P0000201
102,4,405,407,409,411;                                           0000403P0000202
110,0.5,-0.1,0.,0.5,0.1,0.;                                      0000405P0000203
110,0.5,0.1,0.,0.8,0.1,0.;                                       0000407P0000204
110,0.8,0.1,0.,0.8,-0.1,0.;                                      0000409P0000205
110,0.8,-0.1,0.,0.5,-0.1,0.;                                     0000411P0000206
144,415,1,0,417;                                                 0000413P0000207
108,-0.,-1.,-0.,0.1,0,0.8,-0.1,0.,0.;                            0000415P0000208
142,0,415,0,419,2;                                               0000417P0000209
102,4,421,423,425,427;                                           0000419P0000210
110,0.8,-0.1,0.,0.8,-0.1,0.13;                                   0000421P0000211
110,0.8,-0.1,0.13,0.5,-0.1,0.13;                                 0000423P0000212
110,0.5,-0.1,0.13,0.5,-0.1,0.;                                   0000425P0000213
110,0.5,-0.1,0.,0.8,-0.1,0.;                                     0000427P0000214
144,431,1,0,433;                                                 0000429P0000215
108,-1.,-0.,-0.,-0.5,0,0.5,-0.1,0.,0.;                           0000431P0000216
142,0,431,0,435,2;                                               0000433P0000217
102,4,437,439,441,443;                                           0000435P0000218
110,0.5,-0.1,0.,0.5,-0.1,0.13;                                   0000437P0000219
110,0.5,-0.1,0.13,0.5,0.1,0.13;                                  0000439P0000220
110,0.5,0.1,0.13,0.5,0.1,0.;                                     0000441P0000221
110,0.5,0.1,0.,0.5,-0.1,0.;                                      0000443P0000222
144,447,1,0,449;                                                 0000445P0000223
108,-0.,1.,-0.,0.1,0,0.5,0.1,0.,0.;                              0000447P0000224
142,0,447,0,451,2;                                               0000449P0000225
102,4,453,455,457,459;                                           0000451P0000226
110,0.5,0.1,0.,0.5,0.1,0.13;                                     0000453P0000227
110,0.5,0.1,0.13,0.8,0.1,0.13;                                   0000455P0000228
110,0.8,0.1,0.13,0.8,0.1,0.;                                     0000457P0000229
110,0.8,0.1,0.,0.5,0.1,0.;                                       0000459P0000230
144,463,1,0,465;                                                 0000461P0000231
108,1.,-0.,-0.,0.8,0,0.8,0.1,0.,0.;                              0000463P0000232
142,0,463,0,467,2;                                               0000465P0000233
102,4,469,471,473,475;                                           0000467P0000234
110,0.8,0.1,0.,0.8,0.1,0.13;                                     0000469P0000235
110,0.8,0.1,0.13,0.8,-0.1,0.13;                                  0000471P0000236
110,0.8,-0.1,0.13,0.8,-0.1,0.;                                   0000473P0000237
110,0.8,-0.1,0.,0.8,0.1,0.;                                      0000475P0000238
144,479,1,0,481;                                                 0000477P0000239
108,-0.,-0.,1.,0.13,0,0.,0.,0.13,0.;                             0000479P0000240
142,0,479,0,483,2;                                               0000481P0000241
102,4,485,487,489,491;                                           0000483P0000242
110,0.8,-0.1,0.13,0.8,0.1,0.13;                                  0000485P0000243
110,0.8,0.1,0.13,0.5,0.1,0.13;                                   0000487P0000244
110,0.5,0.1,0.13,0.5,-0.1,0.13;                                  0000489P0000245
110,0.5,-0.1,0.13,0.8,-0.1,0.13;                                 0000491P0000246
402,6,495,511,527,543,559,575;                                   0000493P0000247
144,497,1,0,499;                                                 0000495P0000248
108,0.,0.,-1.,0.,0,0.,0.,0.,0.;                                  0000497P0000249
142,0,497,0,501,2;                                               0000499P0000250
102,4,503,505,507,509;                                           0000501P0000251
110,0.5,-0.6,0.,0.5,-0.4,0.;                                     0000503P0000252
110,0.5,-0.4,0.,0.8,-0.4,0.;                                     0000505P0000253
110,0.8,-0.4,0.,0.8,-0.6,0.;                                     0000507P0000254
110,0.8,-0.6,0.,0.5,-0.6,0.;                                     0000509P0000255
144,513,1,0,515;                                                 0000511P0000256
108,-0.,-1.,-0.,0.6,0,0.8,-0.6,0.,0.;                            0000513P0000257
142,0,513,0,517,2;                                               0000515P0000258
102,4,519,521,523,525;                                           0000517P0000259
110,0.8,-0.6,0.,0.8,-0.6,0.13;                                   0000519P0000260
110,0.8,-0.6,0.13,0.5,-0.6,0.13;                                 0000521P0000261
110,0.5,-0.6,0.13,0.5,-0.6,0.;                                   0000523P0000262
110,0.5,-0.6,0.,0.8,-0.6,0.;                                     0000525P0000263
144,529,1,0,531;                                                 0000527P0000264
108,-1.,-0.,-0.,-0.5,0,0.5,-0.6,0.,0.;                           0000529P0000265
142,0,529,0,533,2;                                               0000531P0000266
102,4,535,537,539,541;                                           0000533P0000267
110,0.5,-0.6,0.,0.5,-0.6,0.13;                                   0000535P0000268
110,0.5,-0.6,0.13,0.5,-0.4,0.13;                                 0000537P0000269
110,0.5,-0.4,0.13,0.5,-0.4,0.;                                   0000539P0000270
110,0.5,-0.4,0.,0.5,-0.6,0.;                                     0000541P0000271
144,545,1,0,547;                                                 0000543P0000272
108,-0.,1.,-0.,-0.4,0,0.5,-0.4,0.,0.;                            0000545P0000273
142,0,545,0,549,2;                                               0000547P0000274
102,4,551,553,555,557;                                           0000549P0000275
110,0.5,-0.4,0.,0.5,-0.4,0.13;                                   0000551P0000276
110,0.5,-0.4,0.13,0.8,-0.4,0.13;                                 0000553P0000277
110,0.8,-0.4,0.13,0.8,-0.4,0.;                                   0000555P0000278
110,0.8,-0.4,0.,0.5,-0.4,0.;                                     0000557P0000279
144,561,1,0,563;                                                 0000559P0000280
108,1.,-0.,-0.,0.8,0,0.8,-0.4,0.,0.;                             0000561P0000281
142,0,561,0,565,2;                                               0000563P0000282
102,4,567,569,571,573;                                           0000565P0000283
110,0.8,-0.4,0.,0.8,-0.4,0.13;                                   0000567P0000284
110,0.8,-0.4,0.13,0.8,-0.6,0.13;                                 0000569P0000285
110,0.8,-0.6,0.13,0.8,-0.6,0.;                                   0000571P0000286
110,0.8,-0.6,0.,0.8,-0.4,0.;                                     0000573P0000287
144,577,1,0,579;                                                 0000575P0000288
108,-0.,-0.,1.,0.13,0,0.,0.,0.13,0.;                             0000577P0000289
142,0,577,0,581,2;                                               0000579P0000290
102,4,583,585,587,589;                                           0000581P0000291
110,0.8,-0.6,0.13,0.8,-0.4,0.13;                                 0000583P0000292
110,0.8,-0.4,0.13,0.5,-0.4,0.13;                                 0000585P0000293
110,0.5,-0.4,0.13,0.5,-0.6,0.13;                                 0000587P0000294
110,0.5,-0.6,0.13,0.8,-0.6,0.13;                                 0000589P0000295
402,50,593,609,645,681,717,733,847,883,919,935,971,1007,1043,    0000591P0000296
1059,1173,1209,1245,1261,1297,1333,1369,1385,1421,1457,1493,     0000591P0000297
1529,1565,1581,1597,1613,1629,1645,1661,1677,1693,1709,1725,     0000591P0000298
1741,1757,1773,1789,1805,1821,1837,1853,1869,1885,1901,1917,     0000591P0000299
1933,0,1,1957;                                                   0000591P0000300
144,595,1,0,597;                                                 0000593P0000301
108,-0.,-0.,-1.,-2.5E-02,0,0.,0.,2.5E-02,0.;                     0000595P0000302
142,0,595,0,599,2;                                               0000597P0000303
102,4,601,603,605,607;                                           0000599P0000304
110,-0.482915043,-0.682915043,2.5E-02,-0.482915043,0.682915043,  0000601P0000305
2.5E-02;                                                         0000601P0000306
110,-0.482915043,0.682915043,2.5E-02,0.482915043,0.682915043,    0000603P0000307
2.5E-02;                                                         0000603P0000308
110,0.482915043,0.682915043,2.5E-02,0.482915043,-0.682915043,    0000605P0000309
2.5E-02;                                                         0000605P0000310
110,0.482915043,-0.682915043,2.5E-02,-0.482915043,-0.682915043,  0000607P0000311
2.5E-02;                                                         0000607P0000312
144,611,1,0,619;                                                 0000609P0000313
120,615,617,4.555309348,6.283185307;                             0000611P0000314
124,0.,0.,-1.,0.504613927,0.,-1.,0.,-0.682915043,-1.,-0.,0.,     0000613P0000315
0.125;                                                           0000613P0000316
110,0.,0.,1.,0.,0.,0.;                                           0000615P0000317
110,0.1,0.,2.169888324E-02,0.1,0.,0.98752897;                    0000617P0000318
142,0,611,621,631,3;                                             0000619P0000319
102,4,623,625,627,629;                                           0000621P0000320
110,0.,6.283185307,0.,-3.972391625E-16,4.555309348,0.;           0000623P0000321
110,-3.972391625E-16,4.555309348,0.,1.,4.555309348,0.;           0000625P0000322
110,1.,4.555309348,0.,1.,6.283185307,0.;                         0000627P0000323
110,1.,6.283185307,0.,0.,6.283185307,0.;                         0000629P0000324
102,4,633,637,639,643;                                           0000631P0000325
100,0.,0.,0.,0.1,0.,-1.56434465E-02,9.876883406E-02;             0000633P0000326
124,0.,0.,-1.,0.482915043,0.,-1.,0.,-0.682915043,-1.,-0.,0.,     0000635P0000327
0.125;                                                           0000635P0000328
110,0.482915043,-0.781683877,0.140643447,-0.482915043,           0000637P0000329
-0.781683877,0.140643447;                                        0000637P0000330
100,0.,0.,0.,-1.56434465E-02,-9.876883406E-02,0.1,0.;            0000639P0000331
124,0.,0.,1.,-0.482915043,0.,1.,-0.,-0.682915043,-1.,0.,0.,      0000641P0000332
0.125;                                                           0000641P0000333
110,-0.482915043,-0.682915043,2.5E-02,0.482915043,-0.682915043,  0000643P0000334
2.5E-02;                                                         0000643P0000335
144,647,1,0,657;                                                 0000645P0000336
120,651,653,4.492036627,6.283185307;                             0000647P0000337
124,-0.690009289,-0.154554783,0.707106781,-0.482915043,          0000649P0000338
-0.690009289,-0.154554783,-0.707106781,-0.682915043,0.21857347,  0000649P0000339
-0.975820495,-1.968003856E-12,0.125;                             0000649P0000340
110,0.,0.,1.,0.,0.,0.;                                           0000651P0000341
100,0.,0.,0.,7.06376874E-02,-7.078359357E-02,7.063768739E-02,    0000653P0000342
7.078359358E-02;                                                 0000653P0000343
124,1.,0.,0.,0.,0.,0.,-1.,0.,0.,1.,-0.,0.;                       0000655P0000344
142,0,647,659,667,3;                                             0000657P0000345
102,3,661,663,665;                                               0000659P0000346
126,24,3,1,0,1,0,0.,0.,0.,0.,7.853981634E-02,0.157079633,        0000661P0000347
0.235619449,0.314159265,0.392699082,0.471238898,0.549778714,     0000661P0000348
0.628318531,0.706858347,0.785398163,0.86393798,0.942477796,      0000661P0000349
1.021017612,1.099557429,1.178097245,1.256637061,1.335176878,     0000661P0000350
1.413716694,1.49225651,1.570796327,1.649336143,1.727875959,      0000661P0000351
1.727875959,1.727875959,1.727875959,1.,1.,1.,1.,1.,1.,1.,1.,1.,  0000661P0000352
1.,1.,1.,1.,1.,1.,1.,1.,1.,1.,1.,1.,1.,1.,1.,1.,-0.773161071,    0000661P0000353
6.283185307,0.,-0.777219367,6.247054257,0.,-0.783332128,         0000661P0000354
6.173900344,0.,-0.786429876,6.062834002,0.,-0.783337348,         0000661P0000355
5.951761373,0.,-0.774142106,5.842049362,0.,-0.759060654,         0000661P0000356
5.734924782,0.,-0.738433012,5.631385954,0.,-0.712684596,         0000661P0000357
5.532144281,0.,-0.68229201,5.437617907,0.,-0.647750611,          0000661P0000358
5.347960925,0.,-0.609549367,5.2631135,0.,-0.568153434,           0000661P0000359
5.182857791,0.,-0.523993942,5.106869706,0.,-0.477463453,         0000661P0000360
5.034761398,0.,-0.428915477,4.966113131,0.,-0.378666575,         0000661P0000361
4.900495338,0.,-0.326999961,4.837482639,0.,-0.274169833,         0000661P0000362
4.776661738,0.,-0.220405929,4.717634932,0.,-0.165918093,         0000661P0000363
4.660020556,0.,-0.110900472,4.603451633,0.,-5.553623331E-02,     0000661P0000364
4.547572444,0.,-1.851163962E-02,4.510549055,0.,1.967472596E-12,  0000661P0000365
4.492036627,0.,0.,1.727875959,0.,0.,1.;                          0000661P0000366
126,24,3,1,0,1,0,0.,0.,0.,0.,7.853981634E-02,0.157079633,        0000663P0000367
0.235619449,0.314159265,0.392699082,0.471238898,0.549778714,     0000663P0000368
0.628318531,0.706858347,0.785398163,0.86393798,0.942477796,      0000663P0000369
1.021017612,1.099557429,1.178097245,1.256637061,1.335176878,     0000663P0000370
1.413716694,1.49225651,1.570796327,1.649336143,1.727875959,      0000663P0000371
1.727875959,1.727875959,1.727875959,1.,1.,1.,1.,1.,1.,1.,1.,1.,  0000663P0000372
1.,1.,1.,1.,1.,1.,1.,1.,1.,1.,1.,1.,1.,1.,1.,1.,1.967472596E-12, 0000663P0000373
4.492036627,0.,1.851163963E-02,4.510549055,0.,5.553623333E-02,   0000663P0000374
4.547572444,0.,0.110900472,4.603451633,0.,0.165918093,           0000663P0000375
4.660020555,0.,0.220405929,4.717634932,0.,0.274169833,           0000663P0000376
4.776661738,0.,0.326999961,4.837482639,0.,0.378666575,           0000663P0000377
4.900495338,0.,0.428915477,4.966113131,0.,0.477463453,           0000663P0000378
5.034761398,0.,0.523993942,5.106869706,0.,0.568153434,           0000663P0000379
5.182857791,0.,0.609549367,5.2631135,0.,0.647750611,5.347960925, 0000663P0000380
0.,0.68229201,5.437617907,0.,0.712684597,5.532144281,0.,         0000663P0000381
0.738433013,5.631385953,0.,0.759060654,5.734924782,0.,           0000663P0000382
0.774142106,5.842049362,0.,0.783337348,5.951761373,0.,           0000663P0000383
0.786429876,6.062834002,0.,0.783332128,6.173900344,0.,           0000663P0000384
0.777219367,6.247054257,0.,0.773161071,6.283185307,0.,0.,        0000663P0000385
1.727875959,0.,0.,1.;                                            0000663P0000386
110,0.773161071,6.283185307,0.,-0.773161071,6.283185307,0.;      0000665P0000387
102,3,669,673,677;                                               0000667P0000388
100,0.,0.,0.,-1.56434465E-02,-9.876883406E-02,0.1,0.;            0000669P0000389
124,0.,1.,0.,-0.482915043,0.,0.,-1.,-0.682915043,-1.,0.,-0.,     0000671P0000390
0.125;                                                           0000671P0000391
100,0.,0.,0.,0.1,0.,-1.56434465E-02,9.876883406E-02;             0000673P0000392
124,0.,0.,-1.,-0.482915043,0.,-1.,0.,-0.682915043,-1.,-0.,0.,    0000675P0000393
0.125;                                                           0000675P0000394
100,0.,0.,0.,1.E-01,0.,2.447174185E-03,9.997005221E-02;          0000677P0000395
124,1.800642968E-15,-0.98798422,-0.154554783,-0.482915043,       0000679P0000396
-0.987688341,2.417769479E-02,-0.154554783,-0.682915043,          0000679P0000397
0.156434465,0.152651957,-0.975820495,0.125;                      0000679P0000398
144,683,1,0,691;                                                 0000681P0000399
120,687,689,4.736863165,6.283185307;                             0000683P0000400
124,1.800642968E-15,-0.98798422,-0.154554783,-0.288962209,       0000685P0000401
-0.987688341,2.417769479E-02,-0.154554783,-0.488962209,          0000685P0000402
0.156434465,0.152651957,-0.975820495,1.34957;                    0000685P0000403
110,0.,0.,1.,0.,0.,0.;                                           0000687P0000404
110,0.1,0.,0.87062119,0.1,0.,1.25491318;                         0000689P0000405
142,0,683,693,703,3;                                             0000691P0000406
102,4,695,697,699,701;                                           0000693P0000407
110,1.,6.283185307,0.,8.984818042E-14,6.283185307,0.;            0000695P0000408
110,1.183291358E-30,6.283185307,0.,-8.93467722E-16,4.736863165,  0000697P0000409
0.;                                                              0000697P0000410
110,8.89547127E-14,4.736863165,0.,1.,4.736863165,0.;             0000699P0000411
110,1.,4.736863165,0.,1.,6.283185307,0.;                         0000701P0000412
102,4,705,707,711,713;                                           0000703P0000413
110,-0.482915043,-0.781683877,0.140643447,-0.423520878,          0000705P0000414
-0.722289712,0.515643447;                                        0000705P0000415
100,0.,0.,0.,2.447174185E-03,-9.997005221E-02,0.1,0.;            0000707P0000416
124,-0.987688341,-2.417769479E-02,-0.154554783,-0.423520878,     0000709P0000417
1.800642968E-15,0.98798422,-0.154554783,-0.623520878,            0000709P0000418
0.156434465,-0.152651957,-0.975820495,0.5;                       0000709P0000419
110,-0.522289712,-0.623520878,0.515643447,-0.581683877,          0000711P0000420
-0.682915043,0.140643447;                                        0000711P0000421
100,0.,0.,0.,2.447174185E-03,-9.997005221E-02,1.E-01,0.;         0000713P0000422
124,1.800642968E-15,0.98798422,0.154554783,-0.482915043,         0000715P0000423
-0.987688341,-2.417769479E-02,0.154554783,-0.682915043,          0000715P0000424
0.156434465,-0.152651957,0.975820495,0.125;                      0000715P0000425
144,719,1,0,721;                                                 0000717P0000426
108,-0.987688341,0.,0.156434465,0.596523866,0,-0.6,1.8264,       0000719P0000427
2.5E-02,0.;                                                      0000719P0000428
142,0,719,0,723,2;                                               0000721P0000429
102,4,725,727,729,731;                                           0000723P0000430
110,-0.581683877,-0.682915043,0.140643447,-0.522289712,          0000725P0000431
-0.623520878,0.515643447;                                        0000725P0000432
110,-0.522289712,-0.623520878,0.515643447,-0.522289712,          0000727P0000433
0.623520878,0.515643447;                                         0000727P0000434
110,-0.522289712,0.623520878,0.515643447,-0.581683877,           0000729P0000435
0.682915043,0.140643447;                                         0000729P0000436
110,-0.581683877,0.682915043,0.140643447,-0.581683877,           0000731P0000437
-0.682915043,0.140643447;                                        0000731P0000438
144,735,1,3,743,769,795,821;                                     0000733P0000439
120,739,741,4.555309348,6.283185307;                             0000735P0000440
124,0.,-1.,0.,-0.482915043,0.,0.,1.,-0.704613927,-1.,0.,0.,      0000737P0000441
0.125;                                                           0000737P0000442
110,0.,0.,1.,0.,0.,0.;                                           0000739P0000443
110,0.1,0.,2.169888324E-02,0.1,0.,1.38752897;                    0000741P0000444
142,0,735,745,755,3;                                             0000743P0000445
102,4,747,749,751,753;                                           0000745P0000446
110,0.,6.283185307,0.,-2.809028286E-16,4.555309348,0.;           0000747P0000447
110,-2.809028286E-16,4.555309348,0.,1.,4.555309348,0.;           0000749P0000448
110,1.,4.555309348,0.,1.,6.283185307,0.;                         0000751P0000449
110,1.,6.283185307,0.,0.,6.283185307,0.;                         0000753P0000450
102,4,757,761,763,767;                                           0000755P0000451
100,0.,0.,0.,0.1,0.,-1.56434465E-02,9.876883406E-02;             0000757P0000452
124,0.,-1.,0.,-0.482915043,0.,0.,1.,-0.682915043,-1.,0.,0.,      0000759P0000453
0.125;                                                           0000759P0000454
110,-0.581683877,-0.682915043,0.140643447,-0.581683877,          0000761P0000455
0.682915043,0.140643447;                                         0000761P0000456
100,0.,0.,0.,-1.56434465E-02,-9.876883406E-02,0.1,0.;            0000763P0000457
124,0.,1.,0.,-0.482915043,0.,0.,-1.,0.682915043,-1.,0.,-0.,      0000765P0000458
0.125;                                                           0000765P0000459
110,-0.482915043,0.682915043,2.5E-02,-0.482915043,-0.682915043,  0000767P0000460
2.5E-02;                                                         0000767P0000461
142,0,735,771,781,3;                                             0000769P0000462
102,4,773,775,777,779;                                           0000771P0000463
110,0.792862197,6.111493459,0.,0.939293296,6.111493459,0.;       0000773P0000464
110,0.939293296,6.111493459,0.,0.939293296,4.662368124,0.;       0000775P0000465
110,0.939293296,4.662368124,0.,0.792862197,4.662368124,0.;       0000777P0000466
110,0.792862197,4.662368124,0.,0.792862197,6.111493459,0.;       0000779P0000467
102,4,783,785,789,791;                                           0000781P0000468
110,-0.5,0.4,2.647028744E-02,-0.5,0.6,2.647028744E-02;           0000783P0000469
100,0.,0.,0.,0.1,0.,1.213710142E-02,9.926072118E-02;             0000785P0000470
124,-0.170849566,-0.985297126,0.,-0.482915043,0.,0.,1.,0.6,      0000787P0000471
-0.985297126,0.170849566,0.,0.125;                               0000787P0000472
110,-0.582789965,0.6,0.13,-0.582789965,0.4,0.13;                 0000789P0000473
100,0.,0.,0.,1.213710142E-02,-9.926072118E-02,0.1,               0000791P0000474
-5.551115123E-17;                                                0000791P0000475
124,-0.170849566,0.985297126,0.,-0.482915043,0.,0.,-1.,0.4,      0000793P0000476
-0.985297126,-0.170849566,-0.,0.125;                             0000793P0000477
142,0,735,797,807,3;                                             0000795P0000478
102,4,799,801,803,805;                                           0000797P0000479
110,0.426784451,6.111493459,0.,0.573215549,6.111493459,0.;       0000799P0000480
110,0.573215549,6.111493459,0.,0.573215549,4.662368124,0.;       0000801P0000481
110,0.573215549,4.662368124,0.,0.426784451,4.662368124,0.;       0000803P0000482
110,0.426784451,4.662368124,0.,0.426784451,6.111493459,0.;       0000805P0000483
102,4,809,811,815,817;                                           0000807P0000484
110,-0.5,-0.1,2.647028744E-02,-0.5,0.1,2.647028744E-02;          0000809P0000485
100,0.,0.,0.,0.1,0.,1.213710142E-02,9.926072118E-02;             0000811P0000486
124,-0.170849566,-0.985297126,0.,-0.482915043,0.,0.,1.,0.1,      0000813P0000487
-0.985297126,0.170849566,0.,0.125;                               0000813P0000488
110,-0.582789965,0.1,0.13,-0.582789965,-0.1,0.13;                0000815P0000489
100,0.,0.,0.,1.213710142E-02,-9.926072118E-02,0.1,               0000817P0000490
-5.551115123E-17;                                                0000817P0000491
124,-0.170849566,0.985297126,0.,-0.482915043,0.,0.,-1.,-0.1,     0000819P0000492
-0.985297126,-0.170849566,-0.,0.125;                             0000819P0000493
142,0,735,823,833,3;                                             0000821P0000494
102,4,825,827,829,831;                                           0000823P0000495
110,6.070670444E-02,6.111493459,0.,0.207137803,6.111493459,0.;   0000825P0000496
110,0.207137803,6.111493459,0.,0.207137803,4.662368124,0.;       0000827P0000497
110,0.207137803,4.662368124,0.,6.070670444E-02,4.662368124,0.;   0000829P0000498
110,6.070670444E-02,4.662368124,0.,6.070670444E-02,6.111493459,  0000831P0000499
0.;                                                              0000831P0000500
102,4,835,837,841,843;                                           0000833P0000501
110,-0.5,-0.6,2.647028744E-02,-0.5,-0.4,2.647028744E-02;         0000835P0000502
100,0.,0.,0.,0.1,0.,1.213710142E-02,9.926072118E-02;             0000837P0000503
124,-0.170849566,-0.985297126,0.,-0.482915043,0.,0.,1.,-0.4,     0000839P0000504
-0.985297126,0.170849566,0.,0.125;                               0000839P0000505
110,-0.582789965,-0.4,0.13,-0.582789965,-0.6,0.13;               0000841P0000506
100,0.,0.,0.,1.213710142E-02,-9.926072118E-02,0.1,               0000843P0000507
-5.551115123E-17;                                                0000843P0000508
124,-0.170849566,0.985297126,0.,-0.482915043,0.,0.,-1.,-0.6,     0000845P0000509
-0.985297126,-0.170849566,-0.,0.125;                             0000845P0000510
144,849,1,0,859;                                                 0000847P0000511
120,853,855,4.492036627,6.283185307;                             0000849P0000512
124,-0.690009289,-0.154554783,-0.707106781,-0.482915043,         0000851P0000513
0.690009289,0.154554783,-0.707106781,0.682915043,0.21857347,     0000851P0000514
-0.975820495,-1.968719205E-12,0.125;                             0000851P0000515
110,0.,0.,1.,0.,0.,0.;                                           0000853P0000516
100,0.,0.,0.,7.06376874E-02,-7.078359357E-02,7.063768739E-02,    0000855P0000517
7.078359358E-02;                                                 0000855P0000518
124,1.,0.,0.,0.,0.,0.,-1.,0.,0.,1.,-0.,0.;                       0000857P0000519
142,0,849,861,869,3;                                             0000859P0000520
102,3,863,865,867;                                               0000861P0000521
126,24,3,1,0,1,0,0.,0.,0.,0.,7.853981634E-02,0.157079633,        0000863P0000522
0.235619449,0.314159265,0.392699082,0.471238898,0.549778714,     0000863P0000523
0.628318531,0.706858347,0.785398163,0.86393798,0.942477796,      0000863P0000524
1.021017612,1.099557429,1.178097245,1.256637061,1.335176878,     0000863P0000525
1.413716694,1.49225651,1.570796327,1.649336143,1.727875959,      0000863P0000526
1.727875959,1.727875959,1.727875959,1.,1.,1.,1.,1.,1.,1.,1.,1.,  0000863P0000527
1.,1.,1.,1.,1.,1.,1.,1.,1.,1.,1.,1.,1.,1.,1.,1.,-0.773161071,    0000863P0000528
6.283185307,0.,-0.777219367,6.247054257,0.,-0.783332128,         0000863P0000529
6.173900344,0.,-0.786429876,6.062834002,0.,-0.783337348,         0000863P0000530
5.951761373,0.,-0.774142106,5.842049362,0.,-0.759060654,         0000863P0000531
5.734924782,0.,-0.738433012,5.631385954,0.,-0.712684596,         0000863P0000532
5.532144281,0.,-0.68229201,5.437617907,0.,-0.647750611,          0000863P0000533
5.347960925,0.,-0.609549367,5.2631135,0.,-0.568153434,           0000863P0000534
5.182857791,0.,-0.523993942,5.106869706,0.,-0.477463453,         0000863P0000535
5.034761398,0.,-0.428915477,4.966113131,0.,-0.378666575,         0000863P0000536
4.900495338,0.,-0.326999961,4.837482639,0.,-0.274169833,         0000863P0000537
4.776661738,0.,-0.220405929,4.717634932,0.,-0.165918093,         0000863P0000538
4.660020556,0.,-0.110900472,4.603451633,0.,-5.553623331E-02,     0000863P0000539
4.547572444,0.,-1.851163962E-02,4.510549055,0.,1.968582819E-12,  0000863P0000540
4.492036627,0.,0.,1.727875959,0.,0.,1.;                          0000863P0000541
126,24,3,1,0,1,0,0.,0.,0.,0.,7.853981634E-02,0.157079633,        0000865P0000542
0.235619449,0.314159265,0.392699082,0.471238898,0.549778714,     0000865P0000543
0.628318531,0.706858347,0.785398163,0.86393798,0.942477796,      0000865P0000544
1.021017612,1.099557429,1.178097245,1.256637061,1.335176878,     0000865P0000545
1.413716694,1.49225651,1.570796327,1.649336143,1.727875959,      0000865P0000546
1.727875959,1.727875959,1.727875959,1.,1.,1.,1.,1.,1.,1.,1.,1.,  0000865P0000547
1.,1.,1.,1.,1.,1.,1.,1.,1.,1.,1.,1.,1.,1.,1.,1.,1.968582819E-12, 0000865P0000548
4.492036627,0.,1.851163963E-02,4.510549055,0.,5.553623333E-02,   0000865P0000549
4.547572444,0.,0.110900472,4.603451633,0.,0.165918093,           0000865P0000550
4.660020555,0.,0.220405929,4.717634932,0.,0.274169833,           0000865P0000551
4.776661738,0.,0.326999961,4.837482639,0.,0.378666575,           0000865P0000552
4.900495338,0.,0.428915477,4.966113131,0.,0.477463453,           0000865P0000553
5.034761398,0.,0.523993942,5.106869706,0.,0.568153434,           0000865P0000554
5.182857791,0.,0.609549367,5.2631135,0.,0.647750611,5.347960925, 0000865P0000555
0.,0.68229201,5.437617907,0.,0.712684597,5.532144281,0.,         0000865P0000556
0.738433013,5.631385953,0.,0.759060654,5.734924782,0.,           0000865P0000557
0.774142106,5.842049362,0.,0.783337348,5.951761373,0.,           0000865P0000558
0.786429876,6.062834002,0.,0.783332128,6.173900344,0.,           0000865P0000559
0.777219367,6.247054257,0.,0.773161071,6.283185307,0.,0.,        0000865P0000560
1.727875959,0.,0.,1.;                                            0000865P0000561
110,0.773161071,6.283185307,0.,-0.773161071,6.283185307,0.;      0000867P0000562
102,3,871,875,879;                                               0000869P0000563
100,0.,0.,0.,-1.56434465E-02,-9.876883406E-02,0.1,0.;            0000871P0000564
124,0.,0.,-1.,-0.482915043,0.,-1.,0.,0.682915043,-1.,0.,0.,      0000873P0000565
0.125;                                                           0000873P0000566
100,0.,0.,0.,0.1,0.,-1.56434465E-02,9.876883406E-02;             0000875P0000567
124,0.,-1.,0.,-0.482915043,0.,0.,1.,0.682915043,-1.,0.,0.,0.125; 0000877P0000568
100,0.,0.,0.,0.1,-1.110223025E-16,2.447174185E-03,               0000879P0000569
9.997005221E-02;                                                 0000879P0000570
124,-0.987688341,2.417769479E-02,-0.154554783,-0.482915043,      0000881P0000571
-1.800642968E-15,0.98798422,0.154554783,0.682915043,0.156434465, 0000881P0000572
0.152651957,-0.975820495,0.125;                                  0000881P0000573
144,885,1,0,893;                                                 0000883P0000574
120,889,891,4.736863165,6.283185307;                             0000885P0000575
124,-0.987688341,2.417769479E-02,-0.154554783,-0.288962209,      0000887P0000576
-1.800642968E-15,0.98798422,0.154554783,0.488962209,0.156434465, 0000887P0000577
0.152651957,-0.975820495,1.34957;                                0000887P0000578
110,0.,0.,1.,0.,0.,0.;                                           0000889P0000579
110,0.1,0.,0.87062119,0.1,0.,1.25491318;                         0000891P0000580
142,0,885,895,905,3;                                             0000893P0000581
102,4,897,899,901,903;                                           0000895P0000582
110,1.,6.283185307,0.,8.984818042E-14,6.283185307,0.;            0000897P0000583
110,2.169367489E-30,6.283185307,0.,-8.93467722E-16,4.736863165,  0000899P0000584
0.;                                                              0000899P0000585
110,8.89547127E-14,4.736863165,0.,1.,4.736863165,0.;             0000901P0000586
110,1.,4.736863165,0.,1.,6.283185307,0.;                         0000903P0000587
102,4,907,909,913,915;                                           0000905P0000588
110,-0.581683877,0.682915043,0.140643447,-0.522289712,           0000907P0000589
0.623520878,0.515643447;                                         0000907P0000590
100,0.,0.,0.,2.447174185E-03,-9.997005221E-02,0.1,               0000909P0000591
-1.110223025E-16;                                                0000909P0000592
124,1.800642968E-15,0.98798422,-0.154554783,-0.423520878,        0000911P0000593
0.987688341,2.417769479E-02,0.154554783,0.623520878,0.156434465, 0000911P0000594
-0.152651957,-0.975820495,0.5;                                   0000911P0000595
110,-0.423520878,0.722289712,0.515643447,-0.482915043,           0000913P0000596
0.781683877,0.140643447;                                         0000913P0000597
100,0.,0.,0.,2.447174185E-03,-9.997005221E-02,0.1,0.;            0000915P0000598
124,-0.987688341,-2.417769479E-02,0.154554783,-0.482915043,      0000917P0000599
-1.800642968E-15,-0.98798422,-0.154554783,0.682915043,           0000917P0000600
0.156434465,-0.152651957,0.975820495,0.125;                      0000917P0000601
144,921,1,0,923;                                                 0000919P0000602
108,0.,0.987688341,0.156434465,0.794061534,0,1.6264,0.8,2.5E-02, 0000921P0000603
0.;                                                              0000921P0000604
142,0,921,0,925,2;                                               0000923P0000605
102,4,927,929,931,933;                                           0000925P0000606
110,-0.482915043,0.781683877,0.140643447,-0.423520878,           0000927P0000607
0.722289712,0.515643447;                                         0000927P0000608
110,-0.423520878,0.722289712,0.515643447,0.423520878,            0000929P0000609
0.722289712,0.515643447;                                         0000929P0000610
110,0.423520878,0.722289712,0.515643447,0.482915043,0.781683877, 0000931P0000611
0.140643447;                                                     0000931P0000612
110,0.482915043,0.781683877,0.140643447,-0.482915043,            0000933P0000613
0.781683877,0.140643447;                                         0000933P0000614
144,937,1,0,945;                                                 0000935P0000615
120,941,943,4.555309348,6.283185307;                             0000937P0000616
124,0.,0.,1.,-0.504613927,0.,1.,0.,0.682915043,-1.,0.,0.,0.125;  0000939P0000617
110,0.,0.,1.,0.,0.,0.;                                           0000941P0000618
110,0.1,0.,2.169888324E-02,0.1,0.,0.98752897;                    0000943P0000619
142,0,937,947,957,3;                                             0000945P0000620
102,4,949,951,953,955;                                           0000947P0000621
110,0.,6.283185307,0.,-3.972391625E-16,4.555309348,0.;           0000949P0000622
110,-3.972391625E-16,4.555309348,0.,1.,4.555309348,0.;           0000951P0000623
110,1.,4.555309348,0.,1.,6.283185307,0.;                         0000953P0000624
110,1.,6.283185307,0.,0.,6.283185307,0.;                         0000955P0000625
102,4,959,963,965,969;                                           0000957P0000626
100,0.,0.,0.,0.1,0.,-1.56434465E-02,9.876883406E-02;             0000959P0000627
124,0.,0.,1.,-0.482915043,0.,1.,0.,0.682915043,-1.,0.,0.,0.125;  0000961P0000628
110,-0.482915043,0.781683877,0.140643447,0.482915043,            0000963P0000629
0.781683877,0.140643447;                                         0000963P0000630
100,0.,0.,0.,-1.56434465E-02,-9.876883406E-02,0.1,0.;            0000965P0000631
124,0.,0.,-1.,0.482915043,0.,-1.,0.,0.682915043,-1.,0.,0.,0.125; 0000967P0000632
110,0.482915043,0.682915043,2.5E-02,-0.482915043,0.682915043,    0000969P0000633
2.5E-02;                                                         0000969P0000634
144,973,1,0,983;                                                 0000971P0000635
120,977,979,4.492036627,6.283185307;                             0000973P0000636
124,0.690009289,0.154554783,-0.707106781,0.482915043,            0000975P0000637
0.690009289,0.154554783,0.707106781,0.682915043,0.21857347,      0000975P0000638
-0.975820495,-1.96808334E-12,0.125;                              0000975P0000639
110,0.,0.,1.,0.,0.,0.;                                           0000977P0000640
100,0.,0.,0.,7.06376874E-02,-7.078359357E-02,7.063768739E-02,    0000979P0000641
7.078359358E-02;                                                 0000979P0000642
124,1.,0.,0.,0.,0.,0.,-1.,0.,0.,1.,-0.,0.;                       0000981P0000643
142,0,973,985,993,3;                                             0000983P0000644
102,3,987,989,991;                                               0000985P0000645
126,24,3,1,0,1,0,0.,0.,0.,0.,7.853981634E-02,0.157079633,        0000987P0000646
0.235619449,0.314159265,0.392699082,0.471238898,0.549778714,     0000987P0000647
0.628318531,0.706858347,0.785398163,0.86393798,0.942477796,      0000987P0000648
1.021017612,1.099557429,1.178097245,1.256637061,1.335176878,     0000987P0000649
1.413716694,1.49225651,1.570796327,1.649336143,1.727875959,      0000987P0000650
1.727875959,1.727875959,1.727875959,1.,1.,1.,1.,1.,1.,1.,1.,1.,  0000987P0000651
1.,1.,1.,1.,1.,1.,1.,1.,1.,1.,1.,1.,1.,1.,1.,1.,-0.773161071,    0000987P0000652
6.283185307,0.,-0.777219367,6.247054257,0.,-0.783332128,         0000987P0000653
6.173900344,0.,-0.786429876,6.062834002,0.,-0.783337348,         0000987P0000654
5.951761373,0.,-0.774142106,5.842049362,0.,-0.759060654,         0000987P0000655
5.734924782,0.,-0.738433012,5.631385954,0.,-0.712684596,         0000987P0000656
5.532144281,0.,-0.68229201,5.437617907,0.,-0.647750611,          0000987P0000657
5.347960925,0.,-0.609549367,5.2631135,0.,-0.568153434,           0000987P0000658
5.182857791,0.,-0.523993942,5.106869706,0.,-0.477463453,         0000987P0000659
5.034761398,0.,-0.428915477,4.966113131,0.,-0.378666575,         0000987P0000660
4.900495338,0.,-0.326999961,4.837482639,0.,-0.274169833,         0000987P0000661
4.776661738,0.,-0.220405929,4.717634932,0.,-0.165918093,         0000987P0000662
4.660020556,0.,-0.110900472,4.603451633,0.,-5.553623331E-02,     0000987P0000663
4.547572444,0.,-1.851163962E-02,4.510549055,0.,1.967472596E-12,  0000987P0000664
4.492036627,0.,0.,1.727875959,0.,0.,1.;                          0000987P0000665
126,24,3,1,0,1,0,0.,0.,0.,0.,7.853981634E-02,0.157079633,        0000989P0000666
0.235619449,0.314159265,0.392699082,0.471238898,0.549778714,     0000989P0000667
0.628318531,0.706858347,0.785398163,0.86393798,0.942477796,      0000989P0000668
1.021017612,1.099557429,1.178097245,1.256637061,1.335176878,     0000989P0000669
1.413716694,1.49225651,1.570796327,1.649336143,1.727875959,      0000989P0000670
1.727875959,1.727875959,1.727875959,1.,1.,1.,1.,1.,1.,1.,1.,1.,  0000989P0000671
1.,1.,1.,1.,1.,1.,1.,1.,1.,1.,1.,1.,1.,1.,1.,1.,1.967472596E-12, 0000989P0000672
4.492036627,0.,1.851163963E-02,4.510549055,0.,5.553623333E-02,   0000989P0000673
4.547572444,0.,0.110900472,4.603451633,0.,0.165918093,           0000989P0000674
4.660020555,0.,0.220405929,4.717634932,0.,0.274169833,           0000989P0000675
4.776661738,0.,0.326999961,4.837482639,0.,0.378666575,           0000989P0000676
4.900495338,0.,0.428915477,4.966113131,0.,0.477463453,           0000989P0000677
5.034761398,0.,0.523993942,5.106869706,0.,0.568153434,           0000989P0000678
5.182857791,0.,0.609549367,5.2631135,0.,0.647750611,5.347960925, 0000989P0000679
0.,0.68229201,5.437617907,0.,0.712684597,5.532144281,0.,         0000989P0000680
0.738433013,5.631385953,0.,0.759060654,5.734924782,0.,           0000989P0000681
0.774142106,5.842049362,0.,0.783337348,5.951761373,0.,           0000989P0000682
0.786429876,6.062834002,0.,0.783332128,6.173900344,0.,           0000989P0000683
0.777219367,6.247054257,0.,0.773161071,6.283185307,0.,0.,        0000989P0000684
1.727875959,0.,0.,1.;                                            0000989P0000685
110,0.773161071,6.283185307,0.,-0.773161071,6.283185307,0.;      0000991P0000686
102,3,995,999,1003;                                              0000993P0000687
100,0.,0.,0.,-1.56434465E-02,-9.876883406E-02,0.1,0.;            0000995P0000688
124,0.,-1.,0.,0.482915043,0.,0.,1.,0.682915043,-1.,-0.,0.,0.125; 0000997P0000689
100,0.,0.,0.,0.1,0.,-1.56434465E-02,9.876883406E-02;             0000999P0000690
124,0.,0.,1.,0.482915043,0.,1.,0.,0.682915043,-1.,0.,0.,0.125;   0001001P0000691
100,0.,0.,0.,1.E-01,0.,2.447174185E-03,9.997005221E-02;          0001003P0000692
124,-1.800642968E-15,0.98798422,0.154554783,0.482915043,         0001005P0000693
0.987688341,-2.417769479E-02,0.154554783,0.682915043,            0001005P0000694
0.156434465,0.152651957,-0.975820495,0.125;                      0001005P0000695
144,1009,1,0,1017;                                               0001007P0000696
120,1013,1015,4.736863165,6.283185307;                           0001009P0000697
124,-1.800642968E-15,0.98798422,0.154554783,0.288962209,         0001011P0000698
0.987688341,-2.417769479E-02,0.154554783,0.488962209,            0001011P0000699
0.156434465,0.152651957,-0.975820495,1.34957;                    0001011P0000700
110,0.,0.,1.,0.,0.,0.;                                           0001013P0000701
110,0.1,0.,0.87062119,0.1,0.,1.25491318;                         0001015P0000702
142,0,1009,1019,1029,3;                                          0001017P0000703
102,4,1021,1023,1025,1027;                                       0001019P0000704
110,1.,6.283185307,0.,8.984818042E-14,6.283185307,0.;            0001021P0000705
110,1.183291358E-30,6.283185307,0.,-8.93467722E-16,4.736863165,  0001023P0000706
0.;                                                              0001023P0000707
110,8.89547127E-14,4.736863165,0.,1.,4.736863165,0.;             0001025P0000708
110,1.,4.736863165,0.,1.,6.283185307,0.;                         0001027P0000709
102,4,1031,1033,1037,1039;                                       0001029P0000710
110,0.482915043,0.781683877,0.140643447,0.423520878,0.722289712, 0001031P0000711
0.515643447;                                                     0001031P0000712
100,0.,0.,0.,2.447174185E-03,-9.997005221E-02,0.1,0.;            0001033P0000713
124,0.987688341,2.417769479E-02,0.154554783,0.423520878,         0001035P0000714
-1.800642968E-15,-0.98798422,0.154554783,0.623520878,            0001035P0000715
0.156434465,-0.152651957,-0.975820495,0.5;                       0001035P0000716
110,0.522289712,0.623520878,0.515643447,0.581683877,0.682915043, 0001037P0000717
0.140643447;                                                     0001037P0000718
100,0.,0.,0.,2.447174185E-03,-9.997005221E-02,1.E-01,0.;         0001039P0000719
124,-1.800642968E-15,-0.98798422,-0.154554783,0.482915043,       0001041P0000720
0.987688341,2.417769479E-02,-0.154554783,0.682915043,            0001041P0000721
0.156434465,-0.152651957,0.975820495,0.125;                      0001041P0000722
144,1045,1,0,1047;                                               0001043P0000723
108,0.987688341,0.,0.156434465,0.596523866,0,0.6,-1.8264,        0001045P0000724
2.5E-02,0.;                                                      0001045P0000725
142,0,1045,0,1049,2;                                             0001047P0000726
102,4,1051,1053,1055,1057;                                       0001049P0000727
110,0.581683877,0.682915043,0.140643447,0.522289712,0.623520878, 0001051P0000728
0.515643447;                                                     0001051P0000729
110,0.522289712,0.623520878,0.515643447,0.522289712,             0001053P0000730
-0.623520878,0.515643447;                                        0001053P0000731
110,0.522289712,-0.623520878,0.515643447,0.581683877,            0001055P0000732
-0.682915043,0.140643447;                                        0001055P0000733
110,0.581683877,-0.682915043,0.140643447,0.581683877,            0001057P0000734
0.682915043,0.140643447;                                         0001057P0000735
144,1061,1,3,1069,1095,1121,1147;                                0001059P0000736
120,1065,1067,4.555309348,6.283185307;                           0001061P0000737
124,0.,1.,0.,0.482915043,0.,0.,-1.,0.704613927,-1.,0.,0.,0.125;  0001063P0000738
110,0.,0.,1.,0.,0.,0.;                                           0001065P0000739
110,0.1,0.,2.169888324E-02,0.1,0.,1.38752897;                    0001067P0000740
142,0,1061,1071,1081,3;                                          0001069P0000741
102,4,1073,1075,1077,1079;                                       0001071P0000742
110,0.,6.283185307,0.,-2.809028286E-16,4.555309348,0.;           0001073P0000743
110,-2.809028286E-16,4.555309348,0.,1.,4.555309348,0.;           0001075P0000744
110,1.,4.555309348,0.,1.,6.283185307,0.;                         0001077P0000745
110,1.,6.283185307,0.,0.,6.283185307,0.;                         0001079P0000746
102,4,1083,1087,1089,1093;                                       0001081P0000747
100,0.,0.,0.,0.1,0.,-1.56434465E-02,9.876883406E-02;             0001083P0000748
124,0.,1.,0.,0.482915043,0.,0.,-1.,0.682915043,-1.,0.,0.,0.125;  0001085P0000749
110,0.581683877,0.682915043,0.140643447,0.581683877,             0001087P0000750
-0.682915043,0.140643447;                                        0001087P0000751
100,0.,0.,0.,-1.56434465E-02,-9.876883406E-02,0.1,0.;            0001089P0000752
124,0.,-1.,0.,0.482915043,0.,0.,1.,-0.682915043,-1.,-0.,0.,      0001091P0000753
0.125;                                                           0001091P0000754
110,0.482915043,-0.682915043,2.5E-02,0.482915043,0.682915043,    0001093P0000755
2.5E-02;                                                         0001093P0000756
142,0,1061,1097,1107,3;                                          0001095P0000757
102,4,1099,1101,1103,1105;                                       0001097P0000758
110,0.207137803,4.662368124,0.,6.070670444E-02,4.662368124,0.;   0001099P0000759
110,6.070670444E-02,4.662368124,0.,6.070670444E-02,6.111493459,  0001101P0000760
0.;                                                              0001101P0000761
110,6.070670444E-02,6.111493459,0.,0.207137803,6.111493459,0.;   0001103P0000762
110,0.207137803,6.111493459,0.,0.207137803,4.662368124,0.;       0001105P0000763
102,4,1109,1111,1115,1117;                                       0001107P0000764
110,0.582789965,0.4,0.13,0.582789965,0.6,0.13;                   0001109P0000765
100,0.,0.,0.,1.213710142E-02,-9.926072118E-02,0.1,               0001111P0000766
-5.551115123E-17;                                                0001111P0000767
124,0.170849566,-0.985297126,0.,0.482915043,0.,0.,1.,0.6,        0001113P0000768
-0.985297126,-0.170849566,0.,0.125;                              0001113P0000769
110,0.5,0.6,2.647028744E-02,0.5,0.4,2.647028744E-02;             0001115P0000770
100,0.,0.,0.,0.1,0.,1.213710142E-02,9.926072118E-02;             0001117P0000771
124,0.170849566,0.985297126,0.,0.482915043,0.,0.,-1.,0.4,        0001119P0000772
-0.985297126,0.170849566,0.,0.125;                               0001119P0000773
142,0,1061,1123,1133,3;                                          0001121P0000774
102,4,1125,1127,1129,1131;                                       0001123P0000775
110,0.573215549,4.662368124,0.,0.426784451,4.662368124,0.;       0001125P0000776
110,0.426784451,4.662368124,0.,0.426784451,6.111493459,0.;       0001127P0000777
110,0.426784451,6.111493459,0.,0.573215549,6.111493459,0.;       0001129P0000778
110,0.573215549,6.111493459,0.,0.573215549,4.662368124,0.;       0001131P0000779
102,4,1135,1137,1141,1143;                                       0001133P0000780
110,0.582789965,-0.1,0.13,0.582789965,0.1,0.13;                  0001135P0000781
100,0.,0.,0.,1.213710142E-02,-9.926072118E-02,0.1,               0001137P0000782
-5.551115123E-17;                                                0001137P0000783
124,0.170849566,-0.985297126,0.,0.482915043,0.,0.,1.,0.1,        0001139P0000784
-0.985297126,-0.170849566,0.,0.125;                              0001139P0000785
110,0.5,0.1,2.647028744E-02,0.5,-0.1,2.647028744E-02;            0001141P0000786
100,0.,0.,0.,0.1,0.,1.213710142E-02,9.926072118E-02;             0001143P0000787
124,0.170849566,0.985297126,0.,0.482915043,0.,0.,-1.,-0.1,       0001145P0000788
-0.985297126,0.170849566,0.,0.125;                               0001145P0000789
142,0,1061,1149,1159,3;                                          0001147P0000790
102,4,1151,1153,1155,1157;                                       0001149P0000791
110,0.939293296,4.662368124,0.,0.792862197,4.662368124,0.;       0001151P0000792
110,0.792862197,4.662368124,0.,0.792862197,6.111493459,0.;       0001153P0000793
110,0.792862197,6.111493459,0.,0.939293296,6.111493459,0.;       0001155P0000794
110,0.939293296,6.111493459,0.,0.939293296,4.662368124,0.;       0001157P0000795
102,4,1161,1163,1167,1169;                                       0001159P0000796
110,0.582789965,-0.6,0.13,0.582789965,-0.4,0.13;                 0001161P0000797
100,0.,0.,0.,1.213710142E-02,-9.926072118E-02,0.1,               0001163P0000798
-5.551115123E-17;                                                0001163P0000799
124,0.170849566,-0.985297126,0.,0.482915043,0.,0.,1.,-0.4,       0001165P0000800
-0.985297126,-0.170849566,0.,0.125;                              0001165P0000801
110,0.5,-0.4,2.647028744E-02,0.5,-0.6,2.647028744E-02;           0001167P0000802
100,0.,0.,0.,0.1,0.,1.213710142E-02,9.926072118E-02;             0001169P0000803
124,0.170849566,0.985297126,0.,0.482915043,0.,0.,-1.,-0.6,       0001171P0000804
-0.985297126,0.170849566,0.,0.125;                               0001171P0000805
144,1175,1,0,1185;                                               0001173P0000806
120,1179,1181,4.492036627,6.283185307;                           0001175P0000807
124,0.690009289,0.154554783,0.707106781,0.482915043,             0001177P0000808
-0.690009289,-0.154554783,0.707106781,-0.682915043,0.21857347,   0001177P0000809
-0.975820495,-1.968719205E-12,0.125;                             0001177P0000810
110,0.,0.,1.,0.,0.,0.;                                           0001179P0000811
100,0.,0.,0.,7.06376874E-02,-7.078359357E-02,7.063768739E-02,    0001181P0000812
7.078359358E-02;                                                 0001181P0000813
124,1.,0.,0.,0.,0.,0.,-1.,0.,0.,1.,-0.,0.;                       0001183P0000814
142,0,1175,1187,1195,3;                                          0001185P0000815
102,3,1189,1191,1193;                                            0001187P0000816
126,24,3,1,0,1,0,0.,0.,0.,0.,7.853981634E-02,0.157079633,        0001189P0000817
0.235619449,0.314159265,0.392699082,0.471238898,0.549778714,     0001189P0000818
0.628318531,0.706858347,0.785398163,0.86393798,0.942477796,      0001189P0000819
1.021017612,1.099557429,1.178097245,1.256637061,1.335176878,     0001189P0000820
1.413716694,1.49225651,1.570796327,1.649336143,1.727875959,      0001189P0000821
1.727875959,1.727875959,1.727875959,1.,1.,1.,1.,1.,1.,1.,1.,1.,  0001189P0000822
1.,1.,1.,1.,1.,1.,1.,1.,1.,1.,1.,1.,1.,1.,1.,1.,-0.773161071,    0001189P0000823
6.283185307,0.,-0.777219367,6.247054257,0.,-0.783332128,         0001189P0000824
6.173900344,0.,-0.786429876,6.062834002,0.,-0.783337348,         0001189P0000825
5.951761373,0.,-0.774142106,5.842049362,0.,-0.759060654,         0001189P0000826
5.734924782,0.,-0.738433012,5.631385954,0.,-0.712684596,         0001189P0000827
5.532144281,0.,-0.68229201,5.437617907,0.,-0.647750611,          0001189P0000828
5.347960925,0.,-0.609549367,5.2631135,0.,-0.568153434,           0001189P0000829
5.182857791,0.,-0.523993942,5.106869706,0.,-0.477463453,         0001189P0000830
5.034761398,0.,-0.428915477,4.966113131,0.,-0.378666575,         0001189P0000831
4.900495338,0.,-0.326999961,4.837482639,0.,-0.274169833,         0001189P0000832
4.776661738,0.,-0.220405929,4.717634932,0.,-0.165918093,         0001189P0000833
4.660020556,0.,-0.110900472,4.603451633,0.,-5.553623331E-02,     0001189P0000834
4.547572444,0.,-1.851163962E-02,4.510549055,0.,1.968582819E-12,  0001189P0000835
4.492036627,0.,0.,1.727875959,0.,0.,1.;                          0001189P0000836
126,24,3,1,0,1,0,0.,0.,0.,0.,7.853981634E-02,0.157079633,        0001191P0000837
0.235619449,0.314159265,0.392699082,0.471238898,0.549778714,     0001191P0000838
0.628318531,0.706858347,0.785398163,0.86393798,0.942477796,      0001191P0000839
1.021017612,1.099557429,1.178097245,1.256637061,1.335176878,     0001191P0000840
1.413716694,1.49225651,1.570796327,1.649336143,1.727875959,      0001191P0000841
1.727875959,1.727875959,1.727875959,1.,1.,1.,1.,1.,1.,1.,1.,1.,  0001191P0000842
1.,1.,1.,1.,1.,1.,1.,1.,1.,1.,1.,1.,1.,1.,1.,1.,1.968582819E-12, 0001191P0000843
4.492036627,0.,1.851163963E-02,4.510549055,0.,5.553623333E-02,   0001191P0000844
4.547572444,0.,0.110900472,4.603451633,0.,0.165918093,           0001191P0000845
4.660020555,0.,0.220405929,4.717634932,0.,0.274169833,           0001191P0000846
4.776661738,0.,0.326999961,4.837482639,0.,0.378666575,           0001191P0000847
4.900495338,0.,0.428915477,4.966113131,0.,0.477463453,           0001191P0000848
5.034761398,0.,0.523993942,5.106869706,0.,0.568153434,           0001191P0000849
5.182857791,0.,0.609549367,5.2631135,0.,0.647750611,5.347960925, 0001191P0000850
0.,0.68229201,5.437617907,0.,0.712684597,5.532144281,0.,         0001191P0000851
0.738433013,5.631385953,0.,0.759060654,5.734924782,0.,           0001191P0000852
0.774142106,5.842049362,0.,0.783337348,5.951761373,0.,           0001191P0000853
0.786429876,6.062834002,0.,0.783332128,6.173900344,0.,           0001191P0000854
0.777219367,6.247054257,0.,0.773161071,6.283185307,0.,0.,        0001191P0000855
1.727875959,0.,0.,1.;                                            0001191P0000856
110,0.773161071,6.283185307,0.,-0.773161071,6.283185307,0.;      0001193P0000857
102,3,1197,1201,1205;                                            0001195P0000858
100,0.,0.,0.,-1.56434465E-02,-9.876883406E-02,0.1,0.;            0001197P0000859
124,0.,0.,1.,0.482915043,0.,1.,-0.,-0.682915043,-1.,0.,0.,0.125; 0001199P0000860
100,0.,0.,0.,0.1,0.,-1.56434465E-02,9.876883406E-02;             0001201P0000861
124,0.,1.,0.,0.482915043,0.,0.,-1.,-0.682915043,-1.,0.,0.,0.125; 0001203P0000862
100,0.,0.,0.,0.1,-1.110223025E-16,2.447174185E-03,               0001205P0000863
9.997005221E-02;                                                 0001205P0000864
124,0.987688341,-2.417769479E-02,0.154554783,0.482915043,        0001207P0000865
1.800642968E-15,-0.98798422,-0.154554783,-0.682915043,           0001207P0000866
0.156434465,0.152651957,-0.975820495,0.125;                      0001207P0000867
144,1211,1,0,1219;                                               0001209P0000868
120,1215,1217,4.736863165,6.283185307;                           0001211P0000869
124,0.987688341,-2.417769479E-02,0.154554783,0.288962209,        0001213P0000870
1.800642968E-15,-0.98798422,-0.154554783,-0.488962209,           0001213P0000871
0.156434465,0.152651957,-0.975820495,1.34957;                    0001213P0000872
110,0.,0.,1.,0.,0.,0.;                                           0001215P0000873
110,0.1,0.,0.87062119,0.1,0.,1.25491318;                         0001217P0000874
142,0,1211,1221,1231,3;                                          0001219P0000875
102,4,1223,1225,1227,1229;                                       0001221P0000876
110,1.,6.283185307,0.,8.984818042E-14,6.283185307,0.;            0001223P0000877
110,2.169367489E-30,6.283185307,0.,-8.93467722E-16,4.736863165,  0001225P0000878
0.;                                                              0001225P0000879
110,8.89547127E-14,4.736863165,0.,1.,4.736863165,0.;             0001227P0000880
110,1.,4.736863165,0.,1.,6.283185307,0.;                         0001229P0000881
102,4,1233,1235,1239,1241;                                       0001231P0000882
110,0.581683877,-0.682915043,0.140643447,0.522289712,            0001233P0000883
-0.623520878,0.515643447;                                        0001233P0000884
100,0.,0.,0.,2.447174185E-03,-9.997005221E-02,0.1,               0001235P0000885
-1.110223025E-16;                                                0001235P0000886
124,-1.800642968E-15,-0.98798422,0.154554783,0.423520878,        0001237P0000887
-0.987688341,-2.417769479E-02,-0.154554783,-0.623520878,         0001237P0000888
0.156434465,-0.152651957,-0.975820495,0.5;                       0001237P0000889
110,0.423520878,-0.722289712,0.515643447,0.482915043,            0001239P0000890
-0.781683877,0.140643447;                                        0001239P0000891
100,0.,0.,0.,2.447174185E-03,-9.997005221E-02,0.1,0.;            0001241P0000892
124,0.987688341,2.417769479E-02,-0.154554783,0.482915043,        0001243P0000893
1.800642968E-15,0.98798422,0.154554783,-0.682915043,0.156434465, 0001243P0000894
-0.152651957,0.975820495,0.125;                                  0001243P0000895
144,1247,1,0,1249;                                               0001245P0000896
108,0.,-0.987688341,0.156434465,0.794061534,0,-1.6264,-0.8,      0001247P0000897
2.5E-02,0.;                                                      0001247P0000898
142,0,1247,0,1251,2;                                             0001249P0000899
102,4,1253,1255,1257,1259;                                       0001251P0000900
110,0.482915043,-0.781683877,0.140643447,0.423520878,            0001253P0000901
-0.722289712,0.515643447;                                        0001253P0000902
110,0.423520878,-0.722289712,0.515643447,-0.423520878,           0001255P0000903
-0.722289712,0.515643447;                                        0001255P0000904
110,-0.423520878,-0.722289712,0.515643447,-0.482915043,          0001257P0000905
-0.781683877,0.140643447;                                        0001257P0000906
110,-0.482915043,-0.781683877,0.140643447,0.482915043,           0001259P0000907
-0.781683877,0.140643447;                                        0001259P0000908
144,1263,1,0,1271;                                               0001261P0000909
120,1267,1269,4.869468613,6.283185307;                           0001263P0000910
124,0.,0.,1.,-2.16432,0.,-1.,0.,-0.623520878,1.,0.,0.,0.5;       0001265P0000911
110,0.,0.,1.,0.,0.,0.;                                           0001267P0000912
110,0.1,0.,1.740799122,0.1,0.,2.587840878;                       0001269P0000913
142,0,1263,1273,1283,3;                                          0001271P0000914
102,4,1275,1277,1279,1281;                                       0001273P0000915
110,1.,4.869468613,0.,1.,6.283185307,0.;                         0001275P0000916
110,1.,6.283185307,0.,0.,6.283185307,0.;                         0001277P0000917
110,4.930380658E-32,6.283185307,0.,-3.705934948E-16,4.869468613, 0001279P0000918
0.;                                                              0001279P0000919
110,-3.705934948E-16,4.869468613,0.,1.,4.869468613,0.;           0001281P0000920
102,4,1285,1289,1291,1295;                                       0001283P0000921
100,0.,0.,0.,1.56434465E-02,-9.876883406E-02,1.E-01,0.;          0001285P0000922
124,0.,0.,-1.,0.423520878,0.,1.,0.,-0.623520878,1.,0.,0.,0.5;    0001287P0000923
110,0.423520878,-0.623520878,0.6,-0.423520878,-0.623520878,0.6;  0001289P0000924
100,0.,0.,0.,1.56434465E-02,-9.876883406E-02,0.1,                0001291P0000925
-5.551115123E-17;                                                0001291P0000926
124,0.,0.,1.,-0.423520878,-0.987688341,-0.156434465,-0.,         0001293P0000927
-0.623520878,0.156434465,-0.987688341,0.,0.5;                    0001293P0000928
110,-0.423520878,-0.722289712,0.515643447,0.423520878,           0001295P0000929
-0.722289712,0.515643447;                                        0001295P0000930
144,1299,1,0,1309;                                               0001297P0000931
120,1303,1305,4.932741334,6.283185307;                           0001299P0000932
124,-0.690009289,0.154554783,-0.707106781,-0.423520878,          0001301P0000933
-0.690009289,0.154554783,0.707106781,-0.623520878,0.21857347,    0001301P0000934
0.975820495,0.,0.5;                                              0001301P0000935
110,0.,0.,1.,0.,0.,0.;                                           0001303P0000936
100,0.,0.,0.,7.157065536E-02,-6.984011233E-02,7.157065536E-02,   0001305P0000937
6.984011233E-02;                                                 0001305P0000938
124,1.,0.,0.,0.,0.,0.,-1.,0.,0.,1.,-0.,0.;                       0001307P0000939
142,0,1299,1311,1319,3;                                          0001309P0000940
102,3,1313,1315,1317;                                            0001311P0000941
126,24,3,1,0,1,0,0.,0.,0.,0.,6.425984973E-02,0.128519699,        0001313P0000942
0.192779549,0.257039399,0.321299249,0.385559098,0.449818948,     0001313P0000943
0.514078798,0.578338648,0.642598497,0.706858347,0.771118197,     0001313P0000944
0.835378047,0.899637896,0.963897746,1.028157596,1.092417445,     0001313P0000945
1.156677295,1.220937145,1.285196995,1.349456844,1.413716694,     0001313P0000946
1.413716694,1.413716694,1.413716694,1.,1.,1.,1.,1.,1.,1.,1.,1.,  0001313P0000947
1.,1.,1.,1.,1.,1.,1.,1.,1.,1.,1.,1.,1.,1.,1.,1.,                 0001313P0000948
-2.998587986E-16,4.932741334,0.,1.514605555E-02,4.947887679,0.,  0001313P0000949
4.543864744E-02,4.978179828,0.,9.078322046E-02,5.023806247,0.,   0001313P0000950
0.135938681,5.069809611,0.,0.180806873,5.116382409,0.,           0001313P0000951
0.225285654,5.163721371,0.,0.269267213,5.212028934,0.,           0001313P0000952
0.312636602,5.261514134,0.,0.35527012,5.31239318,0.,0.397033667, 0001313P0000953
5.364889438,0.,0.437781067,5.419232604,0.,0.47735241,5.47565677, 0001313P0000954
0.,0.515572522,5.534396987,0.,0.552249667,5.595683906,0.,        0001313P0000955
0.587174713,5.659735987,0.,0.620120991,5.726748864,0.,           0001313P0000956
0.650845211,5.796881514,0.,0.67908978,5.870239392,0.,            0001313P0000957
0.704587078,5.946854654,0.,0.727065481,6.026666752,0.,           0001313P0000958
0.746259414,6.109498943,0.,0.7619154,6.195060056,0.,0.769853761, 0001313P0000959
6.253605993,0.,0.773161071,6.283185307,0.,0.,1.413716694,0.,0.,  0001313P0000960
1.;                                                              0001313P0000961
110,0.773161071,6.283185307,0.,-0.773161071,6.283185307,0.;      0001315P0000962
126,24,3,1,0,1,0,0.,0.,0.,0.,6.425984973E-02,0.128519699,        0001317P0000963
0.192779549,0.257039399,0.321299249,0.385559098,0.449818948,     0001317P0000964
0.514078798,0.578338648,0.642598497,0.706858347,0.771118197,     0001317P0000965
0.835378047,0.899637896,0.963897746,1.028157596,1.092417445,     0001317P0000966
1.156677295,1.220937145,1.285196995,1.349456844,1.413716694,     0001317P0000967
1.413716694,1.413716694,1.413716694,1.,1.,1.,1.,1.,1.,1.,1.,1.,  0001317P0000968
1.,1.,1.,1.,1.,1.,1.,1.,1.,1.,1.,1.,1.,1.,1.,1.,-0.773161071,    0001317P0000969
6.283185307,0.,-0.769853761,6.253605993,0.,-0.7619154,           0001317P0000970
6.195060056,0.,-0.746259414,6.109498943,0.,-0.727065481,         0001317P0000971
6.026666752,0.,-0.704587078,5.946854654,0.,-0.67908978,          0001317P0000972
5.870239392,0.,-0.650845211,5.796881514,0.,-0.620120991,         0001317P0000973
5.726748864,0.,-0.587174713,5.659735987,0.,-0.552249667,         0001317P0000974
5.595683906,0.,-0.515572522,5.534396987,0.,-0.47735241,          0001317P0000975
5.47565677,0.,-0.437781067,5.419232604,0.,-0.397033667,          0001317P0000976
5.364889438,0.,-0.35527012,5.31239318,0.,-0.312636602,           0001317P0000977
5.261514134,0.,-0.269267213,5.212028934,0.,-0.225285654,         0001317P0000978
5.163721371,0.,-0.180806873,5.116382409,0.,-0.135938681,         0001317P0000979
5.069809611,0.,-9.078322046E-02,5.023806247,0.,-4.543864744E-02, 0001317P0000980
4.978179828,0.,-1.514605555E-02,4.947887679,0.,-2.998587986E-16, 0001317P0000981
4.932741334,0.,0.,1.413716694,0.,0.,1.;                          0001317P0000982
102,3,1321,1325,1329;                                            0001319P0000983
100,0.,0.,0.,1.E-01,0.,1.56434465E-02,9.876883406E-02;           0001321P0000984
124,0.,-1.,0.,-0.423520878,0.,0.,-1.,-0.623520878,1.,0.,0.,0.5;  0001323P0000985
100,0.,0.,0.,1.E-01,-1.110223025E-16,2.447174185E-03,            0001325P0000986
9.997005221E-02;                                                 0001325P0000987
124,-0.987688341,2.417769479E-02,0.154554783,-0.423520878,       0001327P0000988
1.800642968E-15,-0.98798422,0.154554783,-0.623520878,            0001327P0000989
0.156434465,0.152651957,0.975820495,0.5;                         0001327P0000990
100,0.,0.,0.,1.E-01,-5.551115123E-17,1.56434465E-02,             0001329P0000991
9.876883406E-02;                                                 0001329P0000992
124,0.,0.,-1.,-0.423520878,-0.987688341,0.156434465,0.,          0001331P0000993
-0.623520878,0.156434465,0.987688341,0.,0.5;                     0001331P0000994
144,1335,1,0,1343;                                               0001333P0000995
120,1339,1341,4.869468613,6.283185307;                           0001335P0000996
124,0.,-1.,0.,-0.423520878,0.,0.,-1.,2.88576,1.,0.,0.,0.5;       0001337P0000997
110,0.,0.,1.,0.,0.,0.;                                           0001339P0000998
110,0.1,0.,2.262239122,0.1,0.,3.509280878;                       0001341P0000999
142,0,1335,1345,1355,3;                                          0001343P0001000
102,4,1347,1349,1351,1353;                                       0001345P0001001
110,4.930380658E-32,6.283185307,0.,-2.517222564E-16,4.869468613, 0001347P0001002
0.;                                                              0001347P0001003
110,-2.517222564E-16,4.869468613,0.,1.,4.869468613,0.;           0001349P0001004
110,1.,4.869468613,0.,1.,6.283185307,0.;                         0001351P0001005
110,1.,6.283185307,0.,0.,6.283185307,0.;                         0001353P0001006
102,4,1357,1361,1363,1367;                                       0001355P0001007
100,0.,0.,0.,1.56434465E-02,-9.876883406E-02,0.1,                0001357P0001008
-5.551115123E-17;                                                0001357P0001009
124,-0.987688341,-0.156434465,-0.,-0.423520878,0.,0.,-1.,        0001359P0001010
0.623520878,0.156434465,-0.987688341,0.,0.5;                     0001359P0001011
110,-0.522289712,0.623520878,0.515643447,-0.522289712,           0001361P0001012
-0.623520878,0.515643447;                                        0001361P0001013
100,0.,0.,0.,1.56434465E-02,-9.876883406E-02,1.E-01,0.;          0001363P0001014
124,0.,1.,0.,-0.423520878,0.,0.,1.,-0.623520878,1.,0.,0.,0.5;    0001365P0001015
110,-0.423520878,-0.623520878,0.6,-0.423520878,0.623520878,0.6;  0001367P0001016
144,1371,1,0,1373;                                               0001369P0001017
108,0.,0.,1.,0.6,0,0.,0.,0.6,0.;                                 0001371P0001018
142,0,1371,0,1375,2;                                             0001373P0001019
102,4,1377,1379,1381,1383;                                       0001375P0001020
110,-0.423520878,-0.623520878,0.6,0.423520878,-0.623520878,0.6;  0001377P0001021
110,0.423520878,-0.623520878,0.6,0.423520878,0.623520878,0.6;    0001379P0001022
110,0.423520878,0.623520878,0.6,-0.423520878,0.623520878,0.6;    0001381P0001023
110,-0.423520878,0.623520878,0.6,-0.423520878,-0.623520878,0.6;  0001383P0001024
144,1387,1,0,1395;                                               0001385P0001025
120,1391,1393,4.869468613,6.283185307;                           0001387P0001026
124,0.,0.,-1.,2.16432,0.,1.,0.,0.623520878,1.,0.,0.,0.5;         0001389P0001027
110,0.,0.,1.,0.,0.,0.;                                           0001391P0001028
110,0.1,0.,1.740799122,0.1,0.,2.587840878;                       0001393P0001029
142,0,1387,1397,1407,3;                                          0001395P0001030
102,4,1399,1401,1403,1405;                                       0001397P0001031
110,1.,4.869468613,0.,1.,6.283185307,0.;                         0001399P0001032
110,1.,6.283185307,0.,0.,6.283185307,0.;                         0001401P0001033
110,4.930380658E-32,6.283185307,0.,-3.705934948E-16,4.869468613, 0001403P0001034
0.;                                                              0001403P0001035
110,-3.705934948E-16,4.869468613,0.,1.,4.869468613,0.;           0001405P0001036
102,4,1409,1413,1415,1419;                                       0001407P0001037
100,0.,0.,0.,1.56434465E-02,-9.876883406E-02,1.E-01,0.;          0001409P0001038
124,0.,0.,1.,-0.423520878,0.,-1.,-0.,0.623520878,1.,0.,0.,0.5;   0001411P0001039
110,-0.423520878,0.623520878,0.6,0.423520878,0.623520878,0.6;    0001413P0001040
100,0.,0.,0.,1.56434465E-02,-9.876883406E-02,0.1,                0001415P0001041
-5.551115123E-17;                                                0001415P0001042
124,0.,0.,-1.,0.423520878,0.987688341,0.156434465,0.,            0001417P0001043
0.623520878,0.156434465,-0.987688341,0.,0.5;                     0001417P0001044
110,0.423520878,0.722289712,0.515643447,-0.423520878,            0001419P0001045
0.722289712,0.515643447;                                         0001419P0001046
144,1423,1,0,1433;                                               0001421P0001047
120,1427,1429,4.832248161,6.283185307;                           0001423P0001048
124,0.,1.,0.,0.423520878,0.649448048,0.,0.760405966,0.623520878, 0001425P0001049
0.760405966,0.,-0.649448048,0.5;                                 0001425P0001050
110,0.,0.,1.,0.,0.,0.;                                           0001427P0001051
100,0.,0.,0.,7.604035758E-02,-6.494508465E-02,7.604059656E-02,   0001429P0001052
6.494480483E-02;                                                 0001429P0001053
124,1.,0.,0.,0.,0.,0.,-1.,0.,0.,1.,-0.,0.;                       0001431P0001054
142,0,1423,1435,1443,3;                                          0001433P0001055
102,3,1437,1439,1441;                                            0001435P0001056
126,24,3,1,0,1,0,0.,0.,0.,0.,6.425984973E-02,0.128519699,        0001437P0001057
0.192779549,0.257039399,0.321299249,0.385559098,0.449818948,     0001437P0001058
0.514078798,0.578338648,0.642598497,0.706858347,0.771118197,     0001437P0001059
0.835378047,0.899637896,0.963897746,1.028157596,1.092417445,     0001437P0001060
1.156677295,1.220937145,1.285196995,1.349456844,1.413716694,     0001437P0001061
1.413716694,1.413716694,1.413716694,1.,1.,1.,1.,1.,1.,1.,1.,1.,  0001437P0001062
1.,1.,1.,1.,1.,1.,1.,1.,1.,1.,1.,1.,1.,1.,1.,1.,-0.706858347,    0001437P0001063
6.283185307,0.,-0.706862027,6.255013643,0.,-0.705679754,         0001437P0001064
6.19867938,0.,-0.70040915,6.114677552,0.,-0.691696618,           0001437P0001065
6.031665124,0.,-0.67965496,5.950070821,0.,-0.664427605,          0001437P0001066
5.870259577,0.,-0.646186897,5.792517916,0.,-0.625124802,         0001437P0001067
5.717051359,0.,-0.601445776,5.643986529,0.,-0.575359911,         0001437P0001068
5.573378128,0.,-0.547077343,5.505218593,0.,-0.516803869,         0001437P0001069
5.439449002,0.,-0.484737796,5.375969939,0.,-0.451067895,         0001437P0001070
5.314651513,0.,-0.415972261,5.255342032,0.,-0.379617917,         0001437P0001071
5.197875159,0.,-0.342160959,5.142075551,0.,-0.303747102,         0001437P0001072
5.087763105,0.,-0.26451249,5.034756012,0.,-0.224584718,          0001437P0001073
4.982872783,0.,-0.184083788,4.931933567,0.,-0.143123789,         0001437P0001074
4.881760498,0.,-0.115582637,4.848706072,0.,-0.10177165,          0001437P0001075
4.832248161,0.,0.,1.413716694,0.,0.,1.;                          0001437P0001076
126,24,3,1,0,1,0,0.,0.,0.,0.,7.028737008E-02,0.14057474,         0001439P0001077
0.21086211,0.28114948,0.35143685,0.42172422,0.492011591,         0001439P0001078
0.562298961,0.632586331,0.702873701,0.773161071,0.843448441,     0001439P0001079
0.913735811,0.984023181,1.054310551,1.124597921,1.194885291,     0001439P0001080
1.265172661,1.335460031,1.405747402,1.476034772,1.546322142,     0001439P0001081
1.546322142,1.546322142,1.546322142,1.,1.,1.,1.,1.,1.,1.,1.,1.,  0001439P0001082
1.,1.,1.,1.,1.,1.,1.,1.,1.,1.,1.,1.,1.,1.,1.,1.,-0.10177165,     0001439P0001083
4.832248161,0.,-8.641320194E-02,4.8500332,0.,-5.560103859E-02,   0001439P0001084
4.885436365,0.,-9.226954678E-03,4.938268094,0.,3.717270372E-02,  0001439P0001085
4.991054743,0.,8.346872433E-02,5.044023481,0.,0.129530216,       0001439P0001086
5.097402704,0.,0.175222962,5.151423143,0.,0.220407458,           0001439P0001087
5.20631897,0.,0.264937004,5.262328478,0.,0.308655761,            0001439P0001088
5.319694229,0.,0.351396815,5.378662424,0.,0.392980314,           0001439P0001089
5.43948118,0.,0.43321175,5.502397396,0.,0.471880527,5.567651757, 0001439P0001090
0.,0.508759022,5.635471463,0.,0.543602388,5.706060259,0.,        0001439P0001091
0.576149445,5.779585484,0.,0.606125017,5.8561623,0.,0.633244263, 0001439P0001092
5.93583519,0.,0.657218774,6.018559844,0.,0.677766779,            0001439P0001093
6.104181038,0.,0.694619207,6.192434517,0.,0.703240605,           0001439P0001094
6.252734083,0.,0.706858347,6.283185307,0.,0.,1.546322142,0.,0.,  0001439P0001095
1.;                                                              0001439P0001096
110,0.706858347,6.283185307,0.,-0.706858347,6.283185307,0.;      0001441P0001097
102,3,1445,1449,1453;                                            0001443P0001098
100,0.,0.,0.,1.E-01,0.,1.56434465E-02,9.876883406E-02;           0001445P0001099
124,0.,1.,0.,0.423520878,0.,0.,1.,0.623520878,1.,0.,0.,0.5;      0001447P0001100
100,0.,0.,0.,1.E-01,-1.110223025E-16,2.447174185E-03,            0001449P0001101
9.997005221E-02;                                                 0001449P0001102
124,0.987688341,-2.417769479E-02,-0.154554783,0.423520878,       0001451P0001103
-1.800642968E-15,0.98798422,-0.154554783,0.623520878,            0001451P0001104
0.156434465,0.152651957,0.975820495,0.5;                         0001451P0001105
100,0.,0.,0.,1.E-01,-5.551115123E-17,1.56434465E-02,             0001453P0001106
9.876883406E-02;                                                 0001453P0001107
124,0.,0.,1.,0.423520878,0.987688341,-0.156434465,0.,            0001455P0001108
0.623520878,0.156434465,0.987688341,0.,0.5;                      0001455P0001109
144,1459,1,0,1467;                                               0001457P0001110
120,1463,1465,4.869468613,6.283185307;                           0001459P0001111
124,0.,1.,0.,0.423520878,0.,0.,1.,-2.88576,1.,0.,0.,0.5;         0001461P0001112
110,0.,0.,1.,0.,0.,0.;                                           0001463P0001113
110,0.1,0.,2.262239122,0.1,0.,3.509280878;                       0001465P0001114
142,0,1459,1469,1479,3;                                          0001467P0001115
102,4,1471,1473,1475,1477;                                       0001469P0001116
110,1.,4.869468613,0.,1.,6.283185307,0.;                         0001471P0001117
110,1.,6.283185307,0.,0.,6.283185307,0.;                         0001473P0001118
110,4.930380658E-32,6.283185307,0.,-2.517222564E-16,4.869468613, 0001475P0001119
0.;                                                              0001475P0001120
110,-2.517222564E-16,4.869468613,0.,1.,4.869468613,0.;           0001477P0001121
102,4,1481,1485,1487,1491;                                       0001479P0001122
100,0.,0.,0.,1.56434465E-02,-9.876883406E-02,1.E-01,0.;          0001481P0001123
124,0.,-1.,0.,0.423520878,0.,0.,-1.,0.623520878,1.,0.,-0.,0.5;   0001483P0001124
110,0.423520878,0.623520878,0.6,0.423520878,-0.623520878,0.6;    0001485P0001125
100,0.,0.,0.,1.56434465E-02,-9.876883406E-02,0.1,                0001487P0001126
-5.551115123E-17;                                                0001487P0001127
124,0.987688341,0.156434465,0.,0.423520878,0.,0.,1.,             0001489P0001128
-0.623520878,0.156434465,-0.987688341,0.,0.5;                    0001489P0001129
110,0.522289712,-0.623520878,0.515643447,0.522289712,            0001491P0001130
0.623520878,0.515643447;                                         0001491P0001131
144,1495,1,0,1505;                                               0001493P0001132
120,1499,1501,4.832248161,6.283185307;                           0001495P0001133
124,0.649448048,0.,0.760405966,0.423520878,0.,-1.,0.,            0001497P0001134
-0.623520878,0.760405966,0.,-0.649448048,0.5;                    0001497P0001135
110,0.,0.,1.,0.,0.,0.;                                           0001499P0001136
100,0.,0.,0.,7.604035758E-02,-6.494508465E-02,7.604059656E-02,   0001501P0001137
6.494480483E-02;                                                 0001501P0001138
124,1.,0.,0.,0.,0.,0.,-1.,0.,0.,1.,-0.,0.;                       0001503P0001139
142,0,1495,1507,1515,3;                                          0001505P0001140
102,3,1509,1511,1513;                                            0001507P0001141
126,24,3,1,0,1,0,0.,0.,0.,0.,6.425984973E-02,0.128519699,        0001509P0001142
0.192779549,0.257039399,0.321299249,0.385559098,0.449818948,     0001509P0001143
0.514078798,0.578338648,0.642598497,0.706858347,0.771118197,     0001509P0001144
0.835378047,0.899637896,0.963897746,1.028157596,1.092417445,     0001509P0001145
1.156677295,1.220937145,1.285196995,1.349456844,1.413716694,     0001509P0001146
1.413716694,1.413716694,1.413716694,1.,1.,1.,1.,1.,1.,1.,1.,1.,  0001509P0001147
1.,1.,1.,1.,1.,1.,1.,1.,1.,1.,1.,1.,1.,1.,1.,1.,-0.706858347,    0001509P0001148
6.283185307,0.,-0.706862027,6.255013643,0.,-0.705679754,         0001509P0001149
6.19867938,0.,-0.70040915,6.114677552,0.,-0.691696618,           0001509P0001150
6.031665124,0.,-0.67965496,5.950070821,0.,-0.664427605,          0001509P0001151
5.870259577,0.,-0.646186897,5.792517916,0.,-0.625124802,         0001509P0001152
5.717051359,0.,-0.601445776,5.643986529,0.,-0.575359911,         0001509P0001153
5.573378128,0.,-0.547077343,5.505218593,0.,-0.516803869,         0001509P0001154
5.439449002,0.,-0.484737796,5.375969939,0.,-0.451067895,         0001509P0001155
5.314651513,0.,-0.415972261,5.255342032,0.,-0.379617917,         0001509P0001156
5.197875159,0.,-0.342160959,5.142075551,0.,-0.303747102,         0001509P0001157
5.087763105,0.,-0.26451249,5.034756012,0.,-0.224584718,          0001509P0001158
4.982872783,0.,-0.184083788,4.931933567,0.,-0.143123789,         0001509P0001159
4.881760498,0.,-0.115582637,4.848706072,0.,-0.10177165,          0001509P0001160
4.832248161,0.,0.,1.413716694,0.,0.,1.;                          0001509P0001161
126,24,3,1,0,1,0,0.,0.,0.,0.,7.028737008E-02,0.14057474,         0001511P0001162
0.21086211,0.28114948,0.35143685,0.42172422,0.492011591,         0001511P0001163
0.562298961,0.632586331,0.702873701,0.773161071,0.843448441,     0001511P0001164
0.913735811,0.984023181,1.054310551,1.124597921,1.194885291,     0001511P0001165
1.265172661,1.335460031,1.405747402,1.476034772,1.546322142,     0001511P0001166
1.546322142,1.546322142,1.546322142,1.,1.,1.,1.,1.,1.,1.,1.,1.,  0001511P0001167
1.,1.,1.,1.,1.,1.,1.,1.,1.,1.,1.,1.,1.,1.,1.,1.,-0.10177165,     0001511P0001168
4.832248161,0.,-8.641320194E-02,4.8500332,0.,-5.560103859E-02,   0001511P0001169
4.885436365,0.,-9.226954678E-03,4.938268094,0.,3.717270372E-02,  0001511P0001170
4.991054743,0.,8.346872433E-02,5.044023481,0.,0.129530216,       0001511P0001171
5.097402704,0.,0.175222962,5.151423143,0.,0.220407458,           0001511P0001172
5.20631897,0.,0.264937004,5.262328478,0.,0.308655761,            0001511P0001173
5.319694229,0.,0.351396815,5.378662424,0.,0.392980314,           0001511P0001174
5.43948118,0.,0.43321175,5.502397396,0.,0.471880527,5.567651757, 0001511P0001175
0.,0.508759022,5.635471463,0.,0.543602388,5.706060259,0.,        0001511P0001176
0.576149445,5.779585484,0.,0.606125017,5.8561623,0.,0.633244263, 0001511P0001177
5.93583519,0.,0.657218774,6.018559844,0.,0.677766779,            0001511P0001178
6.104181038,0.,0.694619207,6.192434517,0.,0.703240605,           0001511P0001179
6.252734083,0.,0.706858347,6.283185307,0.,0.,1.546322142,0.,0.,  0001511P0001180
1.;                                                              0001511P0001181
110,0.706858347,6.283185307,0.,-0.706858347,6.283185307,0.;      0001513P0001182
102,3,1517,1521,1525;                                            0001515P0001183
100,0.,0.,0.,1.E-01,0.,1.56434465E-02,9.876883406E-02;           0001517P0001184
124,0.,0.,1.,0.423520878,0.,-1.,0.,-0.623520878,1.,0.,0.,0.5;    0001519P0001185
100,0.,0.,0.,0.1,5.551115123E-17,2.447174185E-03,                0001521P0001186
9.997005221E-02;                                                 0001521P0001187
124,-1.800642968E-15,0.98798422,-0.154554783,0.423520878,        0001523P0001188
-0.987688341,2.417769479E-02,0.154554783,-0.623520878,           0001523P0001189
0.156434465,0.152651957,0.975820495,0.5;                         0001523P0001190
100,0.,0.,0.,0.1,-5.551115123E-17,1.56434465E-02,                0001525P0001191
9.876883406E-02;                                                 0001525P0001192
124,0.987688341,-0.156434465,0.,0.423520878,0.,0.,-1.,           0001527P0001193
-0.623520878,0.156434465,0.987688341,0.,0.5;                     0001527P0001194
144,1531,1,0,1541;                                               0001529P0001195
120,1535,1537,4.832248161,6.283185307;                           0001531P0001196
124,-0.649448048,0.,-0.760405966,-0.423520878,0.,1.,0.,          0001533P0001197
0.623520878,0.760405966,0.,-0.649448048,0.5;                     0001533P0001198
110,0.,0.,1.,0.,0.,0.;                                           0001535P0001199
100,0.,0.,0.,7.604035758E-02,-6.494508465E-02,7.604059656E-02,   0001537P0001200
6.494480483E-02;                                                 0001537P0001201
124,1.,0.,0.,0.,0.,0.,-1.,0.,0.,1.,-0.,0.;                       0001539P0001202
142,0,1531,1543,1551,3;                                          0001541P0001203
102,3,1545,1547,1549;                                            0001543P0001204
126,24,3,1,0,1,0,0.,0.,0.,0.,7.028737008E-02,0.14057474,         0001545P0001205
0.21086211,0.28114948,0.35143685,0.42172422,0.492011591,         0001545P0001206
0.562298961,0.632586331,0.702873701,0.773161071,0.843448441,     0001545P0001207
0.913735811,0.984023181,1.054310551,1.124597921,1.194885291,     0001545P0001208
1.265172661,1.335460031,1.405747402,1.476034772,1.546322142,     0001545P0001209
1.546322142,1.546322142,1.546322142,1.,1.,1.,1.,1.,1.,1.,1.,1.,  0001545P0001210
1.,1.,1.,1.,1.,1.,1.,1.,1.,1.,1.,1.,1.,1.,1.,1.,-0.10177165,     0001545P0001211
4.832248161,0.,-8.641320194E-02,4.8500332,0.,-5.560103859E-02,   0001545P0001212
4.885436365,0.,-9.226954678E-03,4.938268094,0.,3.717270372E-02,  0001545P0001213
4.991054743,0.,8.346872433E-02,5.044023481,0.,0.129530216,       0001545P0001214
5.097402704,0.,0.175222962,5.151423143,0.,0.220407458,           0001545P0001215
5.20631897,0.,0.264937004,5.262328478,0.,0.308655761,            0001545P0001216
5.319694229,0.,0.351396815,5.378662424,0.,0.392980314,           0001545P0001217
5.43948118,0.,0.43321175,5.502397396,0.,0.471880527,5.567651757, 0001545P0001218
0.,0.508759022,5.635471463,0.,0.543602388,5.706060259,0.,        0001545P0001219
0.576149445,5.779585484,0.,0.606125017,5.8561623,0.,0.633244263, 0001545P0001220
5.93583519,0.,0.657218774,6.018559844,0.,0.677766779,            0001545P0001221
6.104181038,0.,0.694619207,6.192434517,0.,0.703240605,           0001545P0001222
6.252734083,0.,0.706858347,6.283185307,0.,0.,1.546322142,0.,0.,  0001545P0001223
1.;                                                              0001545P0001224
110,0.706858347,6.283185307,0.,-0.706858347,6.283185307,0.;      0001547P0001225
126,24,3,1,0,1,0,0.,0.,0.,0.,6.425984973E-02,0.128519699,        0001549P0001226
0.192779549,0.257039399,0.321299249,0.385559098,0.449818948,     0001549P0001227
0.514078798,0.578338648,0.642598497,0.706858347,0.771118197,     0001549P0001228
0.835378047,0.899637896,0.963897746,1.028157596,1.092417445,     0001549P0001229
1.156677295,1.220937145,1.285196995,1.349456844,1.413716694,     0001549P0001230
1.413716694,1.413716694,1.413716694,1.,1.,1.,1.,1.,1.,1.,1.,1.,  0001549P0001231
1.,1.,1.,1.,1.,1.,1.,1.,1.,1.,1.,1.,1.,1.,1.,1.,-0.706858347,    0001549P0001232
6.283185307,0.,-0.706862027,6.255013643,0.,-0.705679754,         0001549P0001233
6.19867938,0.,-0.70040915,6.114677552,0.,-0.691696618,           0001549P0001234
6.031665124,0.,-0.67965496,5.950070821,0.,-0.664427605,          0001549P0001235
5.870259577,0.,-0.646186897,5.792517916,0.,-0.625124802,         0001549P0001236
5.717051359,0.,-0.601445776,5.643986529,0.,-0.575359911,         0001549P0001237
5.573378128,0.,-0.547077343,5.505218593,0.,-0.516803869,         0001549P0001238
5.439449002,0.,-0.484737796,5.375969939,0.,-0.451067895,         0001549P0001239
5.314651513,0.,-0.415972261,5.255342032,0.,-0.379617917,         0001549P0001240
5.197875159,0.,-0.342160959,5.142075551,0.,-0.303747102,         0001549P0001241
5.087763105,0.,-0.26451249,5.034756012,0.,-0.224584718,          0001549P0001242
4.982872783,0.,-0.184083788,4.931933567,0.,-0.143123789,         0001549P0001243
4.881760498,0.,-0.115582637,4.848706072,0.,-0.10177165,          0001549P0001244
4.832248161,0.,0.,1.413716694,0.,0.,1.;                          0001549P0001245
102,3,1553,1557,1561;                                            0001551P0001246
100,0.,0.,0.,0.1,5.551115123E-17,2.447174185E-03,                0001553P0001247
9.997005221E-02;                                                 0001553P0001248
124,1.800642968E-15,-0.98798422,0.154554783,-0.423520878,        0001555P0001249
0.987688341,-2.417769479E-02,-0.154554783,0.623520878,           0001555P0001250
0.156434465,0.152651957,0.975820495,0.5;                         0001555P0001251
100,0.,0.,0.,0.1,-5.551115123E-17,1.56434465E-02,                0001557P0001252
9.876883406E-02;                                                 0001557P0001253
124,-0.987688341,0.156434465,0.,-0.423520878,0.,0.,1.,           0001559P0001254
0.623520878,0.156434465,0.987688341,0.,0.5;                      0001559P0001255
100,0.,0.,0.,1.E-01,0.,1.56434465E-02,9.876883406E-02;           0001561P0001256
124,0.,0.,-1.,-0.423520878,0.,1.,0.,0.623520878,1.,0.,0.,0.5;    0001563P0001257
144,1567,1,0,1569;                                               0001565P0001258
108,0.,1.,0.,0.4,0,0.8,0.4,0.,0.;                                0001567P0001259
142,0,1567,0,1571,2;                                             0001569P0001260
102,3,1573,1575,1577;                                            0001571P0001261
110,0.5,0.4,2.647028744E-02,0.5,0.4,0.13;                        0001573P0001262
110,0.5,0.4,0.13,0.582789965,0.4,0.13;                           0001575P0001263
100,0.,0.,0.,1.213710142E-02,-9.926072118E-02,0.1,               0001577P0001264
-5.551115123E-17;                                                0001577P0001265
124,0.170849566,-0.985297126,0.,0.482915043,0.,0.,1.,0.4,        0001579P0001266
-0.985297126,-0.170849566,0.,0.125;                              0001579P0001267
144,1583,1,0,1585;                                               0001581P0001268
108,0.,0.,-1.,-0.13,0,0.,0.,0.13,0.;                             0001583P0001269
142,0,1583,0,1587,2;                                             0001585P0001270
102,4,1589,1591,1593,1595;                                       0001587P0001271
110,0.5,0.4,0.13,0.5,0.6,0.13;                                   0001589P0001272
110,0.5,0.6,0.13,0.582789965,0.6,0.13;                           0001591P0001273
110,0.582789965,0.6,0.13,0.582789965,0.4,0.13;                   0001593P0001274
110,0.582789965,0.4,0.13,0.5,0.4,0.13;                           0001595P0001275
144,1599,1,0,1601;                                               0001597P0001276
108,0.,-1.,0.,-0.6,0,0.5,0.6,0.,0.;                              0001599P0001277
142,0,1599,0,1603,2;                                             0001601P0001278
102,3,1605,1607,1609;                                            0001603P0001279
110,0.582789965,0.6,0.13,0.5,0.6,0.13;                           0001605P0001280
110,0.5,0.6,0.13,0.5,0.6,2.647028744E-02;                        0001607P0001281
100,0.,0.,0.,0.1,0.,1.213710142E-02,9.926072118E-02;             0001609P0001282
124,0.170849566,0.985297126,0.,0.482915043,0.,0.,-1.,0.6,        0001611P0001283
-0.985297126,0.170849566,0.,0.125;                               0001611P0001284
144,1615,1,0,1617;                                               0001613P0001285
108,1.,0.,0.,0.5,0,0.5,0.4,0.,0.;                                0001615P0001286
142,0,1615,0,1619,2;                                             0001617P0001287
102,4,1621,1623,1625,1627;                                       0001619P0001288
110,0.5,0.6,2.647028744E-02,0.5,0.6,0.13;                        0001621P0001289
110,0.5,0.6,0.13,0.5,0.4,0.13;                                   0001623P0001290
110,0.5,0.4,0.13,0.5,0.4,2.647028744E-02;                        0001625P0001291
110,0.5,0.4,2.647028744E-02,0.5,0.6,2.647028744E-02;             0001627P0001292
144,1631,1,0,1633;                                               0001629P0001293
108,0.,1.,0.,-0.1,0,0.8,-0.1,0.,0.;                              0001631P0001294
142,0,1631,0,1635,2;                                             0001633P0001295
102,3,1637,1639,1641;                                            0001635P0001296
110,0.5,-0.1,2.647028744E-02,0.5,-0.1,0.13;                      0001637P0001297
110,0.5,-0.1,0.13,0.582789965,-0.1,0.13;                         0001639P0001298
100,0.,0.,0.,1.213710142E-02,-9.926072118E-02,0.1,               0001641P0001299
-5.551115123E-17;                                                0001641P0001300
124,0.170849566,-0.985297126,0.,0.482915043,0.,0.,1.,-0.1,       0001643P0001301
-0.985297126,-0.170849566,0.,0.125;                              0001643P0001302
144,1647,1,0,1649;                                               0001645P0001303
108,0.,0.,-1.,-0.13,0,0.,0.,0.13,0.;                             0001647P0001304
142,0,1647,0,1651,2;                                             0001649P0001305
102,4,1653,1655,1657,1659;                                       0001651P0001306
110,0.5,-0.1,0.13,0.5,0.1,0.13;                                  0001653P0001307
110,0.5,0.1,0.13,0.582789965,0.1,0.13;                           0001655P0001308
110,0.582789965,0.1,0.13,0.582789965,-0.1,0.13;                  0001657P0001309
110,0.582789965,-0.1,0.13,0.5,-0.1,0.13;                         0001659P0001310
144,1663,1,0,1665;                                               0001661P0001311
108,0.,-1.,0.,-0.1,0,0.5,0.1,0.,0.;                              0001663P0001312
142,0,1663,0,1667,2;                                             0001665P0001313
102,3,1669,1671,1673;                                            0001667P0001314
110,0.582789965,0.1,0.13,0.5,0.1,0.13;                           0001669P0001315
110,0.5,0.1,0.13,0.5,0.1,2.647028744E-02;                        0001671P0001316
100,0.,0.,0.,0.1,0.,1.213710142E-02,9.926072118E-02;             0001673P0001317
124,0.170849566,0.985297126,0.,0.482915043,0.,0.,-1.,0.1,        0001675P0001318
-0.985297126,0.170849566,0.,0.125;                               0001675P0001319
144,1679,1,0,1681;                                               0001677P0001320
108,1.,0.,0.,0.5,0,0.5,-0.1,0.,0.;                               0001679P0001321
142,0,1679,0,1683,2;                                             0001681P0001322
102,4,1685,1687,1689,1691;                                       0001683P0001323
110,0.5,0.1,2.647028744E-02,0.5,0.1,0.13;                        0001685P0001324
110,0.5,0.1,0.13,0.5,-0.1,0.13;                                  0001687P0001325
110,0.5,-0.1,0.13,0.5,-0.1,2.647028744E-02;                      0001689P0001326
110,0.5,-0.1,2.647028744E-02,0.5,0.1,2.647028744E-02;            0001691P0001327
144,1695,1,0,1697;                                               0001693P0001328
108,0.,1.,0.,-0.6,0,0.8,-0.6,0.,0.;                              0001695P0001329
142,0,1695,0,1699,2;                                             0001697P0001330
102,3,1701,1703,1705;                                            0001699P0001331
110,0.5,-0.6,2.647028744E-02,0.5,-0.6,0.13;                      0001701P0001332
110,0.5,-0.6,0.13,0.582789965,-0.6,0.13;                         0001703P0001333
100,0.,0.,0.,1.213710142E-02,-9.926072118E-02,0.1,               0001705P0001334
-5.551115123E-17;                                                0001705P0001335
124,0.170849566,-0.985297126,0.,0.482915043,0.,0.,1.,-0.6,       0001707P0001336
-0.985297126,-0.170849566,0.,0.125;                              0001707P0001337
144,1711,1,0,1713;                                               0001709P0001338
108,0.,0.,-1.,-0.13,0,0.,0.,0.13,0.;                             0001711P0001339
142,0,1711,0,1715,2;                                             0001713P0001340
102,4,1717,1719,1721,1723;                                       0001715P0001341
110,0.5,-0.6,0.13,0.5,-0.4,0.13;                                 0001717P0001342
110,0.5,-0.4,0.13,0.582789965,-0.4,0.13;                         0001719P0001343
110,0.582789965,-0.4,0.13,0.582789965,-0.6,0.13;                 0001721P0001344
110,0.582789965,-0.6,0.13,0.5,-0.6,0.13;                         0001723P0001345
144,1727,1,0,1729;                                               0001725P0001346
108,0.,-1.,0.,0.4,0,0.5,-0.4,0.,0.;                              0001727P0001347
142,0,1727,0,1731,2;                                             0001729P0001348
102,3,1733,1735,1737;                                            0001731P0001349
110,0.582789965,-0.4,0.13,0.5,-0.4,0.13;                         0001733P0001350
110,0.5,-0.4,0.13,0.5,-0.4,2.647028744E-02;                      0001735P0001351
100,0.,0.,0.,0.1,0.,1.213710142E-02,9.926072118E-02;             0001737P0001352
124,0.170849566,0.985297126,0.,0.482915043,0.,0.,-1.,-0.4,       0001739P0001353
-0.985297126,0.170849566,0.,0.125;                               0001739P0001354
144,1743,1,0,1745;                                               0001741P0001355
108,1.,0.,0.,0.5,0,0.5,-0.6,0.,0.;                               0001743P0001356
142,0,1743,0,1747,2;                                             0001745P0001357
102,4,1749,1751,1753,1755;                                       0001747P0001358
110,0.5,-0.4,2.647028744E-02,0.5,-0.4,0.13;                      0001749P0001359
110,0.5,-0.4,0.13,0.5,-0.6,0.13;                                 0001751P0001360
110,0.5,-0.6,0.13,0.5,-0.6,2.647028744E-02;                      0001753P0001361
110,0.5,-0.6,2.647028744E-02,0.5,-0.4,2.647028744E-02;           0001755P0001362
144,1759,1,0,1761;                                               0001757P0001363
108,-0.,1.,-0.,0.4,0,-0.8,0.4,0.,0.;                             0001759P0001364
142,0,1759,0,1763,2;                                             0001761P0001365
102,3,1765,1767,1769;                                            0001763P0001366
110,-0.582789965,0.4,0.13,-0.5,0.4,0.13;                         0001765P0001367
110,-0.5,0.4,0.13,-0.5,0.4,2.647028744E-02;                      0001767P0001368
100,0.,0.,0.,0.1,0.,1.213710142E-02,9.926072118E-02;             0001769P0001369
124,-0.170849566,-0.985297126,0.,-0.482915043,0.,0.,1.,0.4,      0001771P0001370
-0.985297126,0.170849566,0.,0.125;                               0001771P0001371
144,1775,1,0,1777;                                               0001773P0001372
108,-1.,-0.,-0.,0.5,0,-0.5,0.4,0.,0.;                            0001775P0001373
142,0,1775,0,1779,2;                                             0001777P0001374
102,4,1781,1783,1785,1787;                                       0001779P0001375
110,-0.5,0.4,2.647028744E-02,-0.5,0.4,0.13;                      0001781P0001376
110,-0.5,0.4,0.13,-0.5,0.6,0.13;                                 0001783P0001377
110,-0.5,0.6,0.13,-0.5,0.6,2.647028744E-02;                      0001785P0001378
110,-0.5,0.6,2.647028744E-02,-0.5,0.4,2.647028744E-02;           0001787P0001379
144,1791,1,0,1793;                                               0001789P0001380
108,-0.,-1.,-0.,-0.6,0,-0.5,0.6,0.,0.;                           0001791P0001381
142,0,1791,0,1795,2;                                             0001793P0001382
102,3,1797,1799,1801;                                            0001795P0001383
110,-0.5,0.6,2.647028744E-02,-0.5,0.6,0.13;                      0001797P0001384
110,-0.5,0.6,0.13,-0.582789965,0.6,0.13;                         0001799P0001385
100,0.,0.,0.,1.213710142E-02,-9.926072118E-02,0.1,               0001801P0001386
-5.551115123E-17;                                                0001801P0001387
124,-0.170849566,0.985297126,0.,-0.482915043,0.,0.,-1.,0.6,      0001803P0001388
-0.985297126,-0.170849566,-0.,0.125;                             0001803P0001389
144,1807,1,0,1809;                                               0001805P0001390
108,-0.,-0.,-1.,-0.13,0,0.,0.,0.13,0.;                           0001807P0001391
142,0,1807,0,1811,2;                                             0001809P0001392
102,4,1813,1815,1817,1819;                                       0001811P0001393
110,-0.582789965,0.4,0.13,-0.582789965,0.6,0.13;                 0001813P0001394
110,-0.582789965,0.6,0.13,-0.5,0.6,0.13;                         0001815P0001395
110,-0.5,0.6,0.13,-0.5,0.4,0.13;                                 0001817P0001396
110,-0.5,0.4,0.13,-0.582789965,0.4,0.13;                         0001819P0001397
144,1823,1,0,1825;                                               0001821P0001398
108,-0.,1.,-0.,-0.1,0,-0.8,-0.1,0.,0.;                           0001823P0001399
142,0,1823,0,1827,2;                                             0001825P0001400
102,3,1829,1831,1833;                                            0001827P0001401
110,-0.582789965,-0.1,0.13,-0.5,-0.1,0.13;                       0001829P0001402
110,-0.5,-0.1,0.13,-0.5,-0.1,2.647028744E-02;                    0001831P0001403
100,0.,0.,0.,0.1,0.,1.213710142E-02,9.926072118E-02;             0001833P0001404
124,-0.170849566,-0.985297126,0.,-0.482915043,0.,0.,1.,-0.1,     0001835P0001405
-0.985297126,0.170849566,0.,0.125;                               0001835P0001406
144,1839,1,0,1841;                                               0001837P0001407
108,-1.,-0.,-0.,0.5,0,-0.5,-0.1,0.,0.;                           0001839P0001408
142,0,1839,0,1843,2;                                             0001841P0001409
102,4,1845,1847,1849,1851;                                       0001843P0001410
110,-0.5,-0.1,2.647028744E-02,-0.5,-0.1,0.13;                    0001845P0001411
110,-0.5,-0.1,0.13,-0.5,0.1,0.13;                                0001847P0001412
110,-0.5,0.1,0.13,-0.5,0.1,2.647028744E-02;                      0001849P0001413
110,-0.5,0.1,2.647028744E-02,-0.5,-0.1,2.647028744E-02;          0001851P0001414
144,1855,1,0,1857;                                               0001853P0001415
108,-0.,-1.,-0.,-0.1,0,-0.5,0.1,0.,0.;                           0001855P0001416
142,0,1855,0,1859,2;                                             0001857P0001417
102,3,1861,1863,1865;                                            0001859P0001418
110,-0.5,0.1,2.647028744E-02,-0.5,0.1,0.13;                      0001861P0001419
110,-0.5,0.1,0.13,-0.582789965,0.1,0.13;                         0001863P0001420
100,0.,0.,0.,1.213710142E-02,-9.926072118E-02,0.1,               0001865P0001421
-5.551115123E-17;                                                0001865P0001422
124,-0.170849566,0.985297126,0.,-0.482915043,0.,0.,-1.,0.1,      0001867P0001423
-0.985297126,-0.170849566,-0.,0.125;                             0001867P0001424
144,1871,1,0,1873;                                               0001869P0001425
108,-0.,-0.,-1.,-0.13,0,0.,0.,0.13,0.;                           0001871P0001426
142,0,1871,0,1875,2;                                             0001873P0001427
102,4,1877,1879,1881,1883;                                       0001875P0001428
110,-0.582789965,-0.1,0.13,-0.582789965,0.1,0.13;                0001877P0001429
110,-0.582789965,0.1,0.13,-0.5,0.1,0.13;                         0001879P0001430
110,-0.5,0.1,0.13,-0.5,-0.1,0.13;                                0001881P0001431
110,-0.5,-0.1,0.13,-0.582789965,-0.1,0.13;                       0001883P0001432
144,1887,1,0,1889;                                               0001885P0001433
108,-0.,1.,-0.,-0.6,0,-0.8,-0.6,0.,0.;                           0001887P0001434
142,0,1887,0,1891,2;                                             0001889P0001435
102,3,1893,1895,1897;                                            0001891P0001436
110,-0.582789965,-0.6,0.13,-0.5,-0.6,0.13;                       0001893P0001437
110,-0.5,-0.6,0.13,-0.5,-0.6,2.647028744E-02;                    0001895P0001438
100,0.,0.,0.,0.1,0.,1.213710142E-02,9.926072118E-02;             0001897P0001439
124,-0.170849566,-0.985297126,0.,-0.482915043,0.,0.,1.,-0.6,     0001899P0001440
-0.985297126,0.170849566,0.,0.125;                               0001899P0001441
144,1903,1,0,1905;                                               0001901P0001442
108,-1.,-0.,-0.,0.5,0,-0.5,-0.6,0.,0.;                           0001903P0001443
142,0,1903,0,1907,2;                                             0001905P0001444
102,4,1909,1911,1913,1915;                                       0001907P0001445
110,-0.5,-0.6,2.647028744E-02,-0.5,-0.6,0.13;                    0001909P0001446
110,-0.5,-0.6,0.13,-0.5,-0.4,0.13;                               0001911P0001447
110,-0.5,-0.4,0.13,-0.5,-0.4,2.647028744E-02;                    0001913P0001448
110,-0.5,-0.4,2.647028744E-02,-0.5,-0.6,2.647028744E-02;         0001915P0001449
144,1919,1,0,1921;                                               0001917P0001450
108,-0.,-1.,-0.,0.4,0,-0.5,-0.4,0.,0.;                           0001919P0001451
142,0,1919,0,1923,2;                                             0001921P0001452
102,3,1925,1927,1929;                                            0001923P0001453
110,-0.5,-0.4,2.647028744E-02,-0.5,-0.4,0.13;                    0001925P0001454
110,-0.5,-0.4,0.13,-0.582789965,-0.4,0.13;                       0001927P0001455
100,0.,0.,0.,1.213710142E-02,-9.926072118E-02,0.1,               0001929P0001456
-5.551115123E-17;                                                0001929P0001457
124,-0.170849566,0.985297126,0.,-0.482915043,0.,0.,-1.,-0.4,     0001931P0001458
-0.985297126,-0.170849566,-0.,0.125;                             0001931P0001459
144,1935,1,0,1937;                                               0001933P0001460
108,-0.,-0.,-1.,-0.13,0,0.,0.,0.13,0.;                           0001935P0001461
142,0,1935,0,1939,2;                                             0001937P0001462
102,4,1941,1943,1945,1947;                                       0001939P0001463
110,-0.582789965,-0.6,0.13,-0.582789965,-0.4,0.13;               0001941P0001464
110,-0.582789965,-0.4,0.13,-0.5,-0.4,0.13;                       0001943P0001465
110,-0.5,-0.4,0.13,-0.5,-0.6,0.13;                               0001945P0001466
110,-0.5,-0.6,0.13,-0.582789965,-0.6,0.13;                       0001947P0001467
314,88.235299663,88.235299663,88.235299663,6HGRAY88;             0001949P0001468
314,86.274498824,49.803900478,39.215699423,12HLIGHTSALMON3;      0001951P0001469
314,9.80389981,9.80389981,9.80389981,6HGRAY10;                   0001953P0001470
406,1,12HDRL0006A_ASM;                                           0001955P0001471
406,1,8HBODY-SOT;                                                0001957P0001472
S      1G      4D   1958P   1472                                        T0000001
