ISO-10303-21;
HEADER;
FILE_DESCRIPTION (( 'STEP AP214' ),
    '1' );
FILE_NAME ('NHD-C0220BIZ-FSW-FBW-3V3M.STEP',
    '2022-11-03T04:31:34',
    ( '' ),
    ( '' ),
    'SwSTEP 2.0',
    'SolidWorks 2017',
    '' );
FILE_SCHEMA (( 'AUTOMOTIVE_DESIGN' ));
ENDSEC;

DATA;
#1 = EDGE_CURVE ( 'NONE', #5951, #5012, #2766, .T. ) ;
#2 = CARTESIAN_POINT ( 'NONE',  ( -6.749999999999997300, 4.650000000000002100, 12.40000000000000400 ) ) ;
#3 = LINE ( 'NONE', #7858, #5644 ) ;
#4 = LINE ( 'NONE', #1282, #7320 ) ;
#5 = ORIENTED_EDGE ( 'NONE', *, *, #2320, .F. ) ;
#6 = VERTEX_POINT ( 'NONE', #2303 ) ;
#7 = DIRECTION ( 'NONE',  ( 0.0000000000000000000, 1.000000000000000000, 0.0000000000000000000 ) ) ;
#8 = COLOUR_RGB ( '',0.7921568627450980000, 0.8196078431372548800, 0.9333333333333333500 ) ;
#9 = FACE_OUTER_BOUND ( 'NONE', #6405, .T. ) ;
#10 = EDGE_CURVE ( 'NONE', #5102, #3010, #384, .T. ) ;
#11 = DIRECTION ( 'NONE',  ( 0.0000000000000000000, 0.0000000000000000000, 1.000000000000000000 ) ) ;
#12 = DIRECTION ( 'NONE',  ( 0.0000000000000000000, 0.0000000000000000000, -1.000000000000000000 ) ) ;
#13 = EDGE_LOOP ( 'NONE', ( #3870, #5021, #1811, #4061 ) ) ;
#14 = CARTESIAN_POINT ( 'NONE',  ( 2.750000000000002700, -4.699999999999997500, 12.80000000000000200 ) ) ;
#15 = DIRECTION ( 'NONE',  ( 0.0000000000000000000, -0.0000000000000000000, 1.000000000000000000 ) ) ;
#16 = DIRECTION ( 'NONE',  ( 0.0000000000000000000, 0.0000000000000000000, 1.000000000000000000 ) ) ;
#17 = EDGE_CURVE ( 'NONE', #2449, #4482, #582, .T. ) ;
#18 = LINE ( 'NONE', #4895, #6912 ) ;
#19 = ORIENTED_EDGE ( 'NONE', *, *, #343, .F. ) ;
#20 = EDGE_LOOP ( 'NONE', ( #1867, #8138, #8025, #88 ) ) ;
#21 = EDGE_CURVE ( 'NONE', #7948, #5481, #6744, .T. ) ;
#22 = ADVANCED_FACE ( 'NONE', ( #2138 ), #6305, .F. ) ;
#23 = LINE ( 'NONE', #3972, #5573 ) ;
#24 = VECTOR ( 'NONE', #3247, 1000.000000000000100 ) ;
#25 = CARTESIAN_POINT ( 'NONE',  ( -34.90000000000000600, 4.100000000000000500, -12.50000000000000400 ) ) ;
#26 = VERTEX_POINT ( 'NONE', #6280 ) ;
#27 = CARTESIAN_POINT ( 'NONE',  ( -34.90000000000000600, 4.100000000000000500, -12.50000000000000400 ) ) ;
#28 = CARTESIAN_POINT ( 'NONE',  ( 4.750000000000002700, 4.650000000000002100, 12.79999999999999900 ) ) ;
#29 = CARTESIAN_POINT ( 'NONE',  ( -0.7499999999999972200, 5.049999999999998000, 12.40000000000000400 ) ) ;
#30 = MECHANICAL_DESIGN_GEOMETRIC_PRESENTATION_REPRESENTATION (  '', ( #6455 ), #5751 ) ;
#31 = VECTOR ( 'NONE', #6133, 1000.000000000000000 ) ;
#32 = ORIENTED_EDGE ( 'NONE', *, *, #3057, .T. ) ;
#33 = FILL_AREA_STYLE_COLOUR ( '', #6813 ) ;
#34 = VERTEX_POINT ( 'NONE', #3593 ) ;
#35 = DIRECTION ( 'NONE',  ( -0.0000000000000000000, -1.000000000000000000, -0.0000000000000000000 ) ) ;
#37 = DIRECTION ( 'NONE',  ( 0.0000000000000000000, 1.000000000000000000, -0.0000000000000000000 ) ) ;
#36 = DIRECTION ( 'NONE',  ( 0.0000000000000000000, 0.0000000000000000000, 1.000000000000000000 ) ) ;
#38 = DIRECTION ( 'NONE',  ( -1.000000000000000000, 0.0000000000000000000, 0.0000000000000000000 ) ) ;
#39 = AXIS2_PLACEMENT_3D ( 'NONE', #5905, #7089, #179 ) ;
#40 = CARTESIAN_POINT ( 'NONE',  ( -35.80000000000000400, 0.0000000000000000000, 13.55000000000000200 ) ) ;
#41 = DIRECTION ( 'NONE',  ( 0.0000000000000000000, 0.0000000000000000000, -1.000000000000000000 ) ) ;
#42 = DIRECTION ( 'NONE',  ( -0.0000000000000000000, -1.000000000000000000, -0.0000000000000000000 ) ) ;
#43 = EDGE_CURVE ( 'NONE', #2095, #4343, #8335, .T. ) ;
#44 = FILL_AREA_STYLE ('',( #8111 ) ) ;
#45 = VECTOR ( 'NONE', #8140, 1000.000000000000000 ) ;
#46 = CARTESIAN_POINT ( 'NONE',  ( 4.625000000000002700, 4.100000000000000500, 12.20000000000000300 ) ) ;
#47 = ORIENTED_EDGE ( 'NONE', *, *, #1619, .F. ) ;
#48 = AXIS2_PLACEMENT_3D ( 'NONE', #8077, #3333, #4030 ) ;
#49 = PLANE ( 'NONE',  #8405 ) ;
#50 = CYLINDRICAL_SURFACE ( 'NONE', #3627, 1.250000000000004700 ) ;
#51 = ORIENTED_EDGE ( 'NONE', *, *, #3937, .F. ) ;
#52 = ORIENTED_EDGE ( 'NONE', *, *, #8380, .F. ) ;
#53 = ORIENTED_EDGE ( 'NONE', *, *, #2386, .F. ) ;
#54 = ADVANCED_FACE ( 'NONE', ( #783 ), #2961, .T. ) ;
#55 = AXIS2_PLACEMENT_3D ( 'NONE', #2463, #7143, #3932 ) ;
#56 = DIRECTION ( 'NONE',  ( -1.000000000000000000, 0.0000000000000000000, 0.0000000000000000000 ) ) ;
#57 = CARTESIAN_POINT ( 'NONE',  ( -1.249999999999997600, 5.049999999999998000, 12.40000000000000400 ) ) ;
#58 = EDGE_CURVE ( 'NONE', #8030, #3308, #2983, .T. ) ;
#59 = DIRECTION ( 'NONE',  ( 1.387778780781446500E-015, 0.0000000000000000000, 1.000000000000000000 ) ) ;
#60 = EDGE_LOOP ( 'NONE', ( #3432, #3325, #3745, #3927 ) ) ;
#61 = VERTEX_POINT ( 'NONE', #2368 ) ;
#62 = ADVANCED_FACE ( 'NONE', ( #4991 ), #3082, .F. ) ;
#63 = CARTESIAN_POINT ( 'NONE',  ( 0.0000000000000000000, 7.299999999999999800, 0.0000000000000000000 ) ) ;
#64 = VECTOR ( 'NONE', #6222, 1000.000000000000000 ) ;
#65 = CARTESIAN_POINT ( 'NONE',  ( 6.750000000000002700, 5.049999999999998000, 12.40000000000000400 ) ) ;
#66 = ORIENTED_EDGE ( 'NONE', *, *, #7147, .T. ) ;
#67 = ORIENTED_EDGE ( 'NONE', *, *, #7022, .T. ) ;
#68 = CARTESIAN_POINT ( 'NONE',  ( -5.374999999999998200, 4.100000000000000500, 12.20000000000000300 ) ) ;
#69 = EDGE_CURVE ( 'NONE', #177, #5020, #5930, .T. ) ;
#70 = DIRECTION ( 'NONE',  ( -0.0000000000000000000, -1.000000000000000000, -0.0000000000000000000 ) ) ;
#71 = DIRECTION ( 'NONE',  ( 1.000000000000000000, -0.0000000000000000000, -0.0000000000000000000 ) ) ;
#72 = ADVANCED_FACE ( 'NONE', ( #1213 ), #3784, .T. ) ;
#73 = FACE_OUTER_BOUND ( 'NONE', #3449, .T. ) ;
#74 = EDGE_LOOP ( 'NONE', ( #6261, #5595, #7095, #2379 ) ) ;
#75 = AXIS2_PLACEMENT_3D ( 'NONE', #6843, #4819, #5547 ) ;
#76 = FACE_OUTER_BOUND ( 'NONE', #7823, .T. ) ;
#77 = ORIENTED_EDGE ( 'NONE', *, *, #7178, .F. ) ;
#78 = VERTEX_POINT ( 'NONE', #8443 ) ;
#79 = EDGE_LOOP ( 'NONE', ( #1228, #232, #4841, #2642 ) ) ;
#80 = PLANE ( 'NONE',  #6409 ) ;
#81 = ORIENTED_EDGE ( 'NONE', *, *, #125, .F. ) ;
#82 = VECTOR ( 'NONE', #2455, 1000.000000000000000 ) ;
#83 = EDGE_CURVE ( 'NONE', #6204, #1722, #990, .T. ) ;
#84 = ORIENTED_EDGE ( 'NONE', *, *, #171, .T. ) ;
#85 = LINE ( 'NONE', #6802, #2684 ) ;
#86 = VERTEX_POINT ( 'NONE', #5781 ) ;
#87 = ORIENTED_EDGE ( 'NONE', *, *, #8352, .T. ) ;
#88 = ORIENTED_EDGE ( 'NONE', *, *, #7964, .F. ) ;
#89 = ORIENTED_EDGE ( 'NONE', *, *, #4445, .F. ) ;
#90 = CARTESIAN_POINT ( 'NONE',  ( -28.97500000000000100, 7.299999999999999800, -10.80000000000000200 ) ) ;
#91 = FILL_AREA_STYLE ('',( #8098 ) ) ;
#92 = CARTESIAN_POINT ( 'NONE',  ( -15.00000000000000000, 0.0000000000000000000, 13.55000000000000200 ) ) ;
#93 = DIRECTION ( 'NONE',  ( -1.000000000000000000, 0.0000000000000000000, 0.0000000000000000000 ) ) ;
#94 =( GEOMETRIC_REPRESENTATION_CONTEXT ( 3 ) GLOBAL_UNCERTAINTY_ASSIGNED_CONTEXT ( ( #6933 ) ) GLOBAL_UNIT_ASSIGNED_CONTEXT ( ( #4124, #4656, #757 ) ) REPRESENTATION_CONTEXT ( 'NONE', 'WORKASPACE' ) );
#95 = VECTOR ( 'NONE', #8179, 1000.000000000000000 ) ;
#96 = ORIENTED_EDGE ( 'NONE', *, *, #5837, .T. ) ;
#97 = VERTEX_POINT ( 'NONE', #4431 ) ;
#98 =( NAMED_UNIT ( * ) PLANE_ANGLE_UNIT ( ) SI_UNIT ( $, .RADIAN. ) );
#99 = CARTESIAN_POINT ( 'NONE',  ( -39.90000000000000600, 0.8999999999999980200, 4.180148828669031100 ) ) ;
#100 = ORIENTED_EDGE ( 'NONE', *, *, #6466, .F. ) ;
#101 = EDGE_LOOP ( 'NONE', ( #5413, #592, #3499, #6337 ) ) ;
#102 = CARTESIAN_POINT ( 'NONE',  ( -5.374999999999998200, 5.700000000000000200, 12.50000000000000200 ) ) ;
#103 = ADVANCED_FACE ( 'NONE', ( #4779 ), #7663, .F. ) ;
#104 = VECTOR ( 'NONE', #7969, 1000.000000000000000 ) ;
#105 = VECTOR ( 'NONE', #2956, 1000.000000000000000 ) ;
#106 = EDGE_LOOP ( 'NONE', ( #933, #266, #2228, #5858 ) ) ;
#107 = ORIENTED_EDGE ( 'NONE', *, *, #8623, .T. ) ;
#108 = AXIS2_PLACEMENT_3D ( 'NONE', #7044, #3408, #7708 ) ;
#109 = CARTESIAN_POINT ( 'NONE',  ( -4.749999999999997300, 5.049999999999999800, 12.20000000000000300 ) ) ;
#110 = VERTEX_POINT ( 'NONE', #1035 ) ;
#111 = FACE_OUTER_BOUND ( 'NONE', #671, .T. ) ;
#113 = CIRCLE ( 'NONE', #5390, 1.249999999999997600 ) ;
#112 = DIRECTION ( 'NONE',  ( -0.0000000000000000000, -1.000000000000000000, -0.0000000000000000000 ) ) ;
#114 = EDGE_LOOP ( 'NONE', ( #8164, #2041, #3680, #5305 ) ) ;
#115 = EDGE_CURVE ( 'NONE', #7689, #7050, #330, .T. ) ;
#116 = EDGE_CURVE ( 'NONE', #1474, #3278, #1056, .T. ) ;
#117 = VERTEX_POINT ( 'NONE', #7836 ) ;
#118 = CARTESIAN_POINT ( 'NONE',  ( -3.374999999999997800, 5.700000000000000200, 11.25000000000000400 ) ) ;
#119 = CARTESIAN_POINT ( 'NONE',  ( -34.90000000000000600, 5.700000000000000200, 12.50000000000000200 ) ) ;
#120 = DIRECTION ( 'NONE',  ( -0.0000000000000000000, -1.000000000000000000, -0.0000000000000000000 ) ) ;
#121 = CARTESIAN_POINT ( 'NONE',  ( 1.375000000000002900, 5.700000000000000200, 12.20000000000000300 ) ) ;
#122 = CIRCLE ( 'NONE', #4345, 0.8999999999999980200 ) ;
#123 = ADVANCED_FACE ( 'NONE', ( #227 ), #497, .F. ) ;
#124 = DIRECTION ( 'NONE',  ( 0.0000000000000000000, -1.000000000000000000, 0.0000000000000000000 ) ) ;
#125 = EDGE_CURVE ( 'NONE', #7632, #3341, #7773, .T. ) ;
#126 = CARTESIAN_POINT ( 'NONE',  ( -34.90000000000000600, 5.700000000000000200, 0.9500000000000016200 ) ) ;
#127 = CARTESIAN_POINT ( 'NONE',  ( 30.27499999999999500, 7.299999999999999800, 2.549999999999989600 ) ) ;
#128 =( LENGTH_UNIT ( ) NAMED_UNIT ( * ) SI_UNIT ( .MILLI., .METRE. ) );
#129 = VECTOR ( 'NONE', #7132, 1000.000000000000000 ) ;
#130 = AXIS2_PLACEMENT_3D ( 'NONE', #119, #5458, #6730 ) ;
#131 = DIRECTION ( 'NONE',  ( 1.000000000000000000, -0.0000000000000000000, 0.0000000000000000000 ) ) ;
#132 = EDGE_CURVE ( 'NONE', #2095, #8648, #5773, .T. ) ;
#133 = FACE_OUTER_BOUND ( 'NONE', #696, .T. ) ;
#134 = EDGE_CURVE ( 'NONE', #1244, #2571, #6091, .T. ) ;
#135 = ORIENTED_EDGE ( 'NONE', *, *, #2421, .T. ) ;
#136 = PLANE ( 'NONE',  #210 ) ;
#137 = VERTEX_POINT ( 'NONE', #7368 ) ;
#138 = AXIS2_PLACEMENT_3D ( 'NONE', #8476, #6465, #3147 ) ;
#139 = LINE ( 'NONE', #1735, #5471 ) ;
#140 = CARTESIAN_POINT ( 'NONE',  ( 32.50000000000000000, 0.0000000000000000000, -18.80000000000001500 ) ) ;
#141 = ORIENTED_EDGE ( 'NONE', *, *, #5270, .T. ) ;
#142 = ORIENTED_EDGE ( 'NONE', *, *, #7979, .T. ) ;
#143 = CARTESIAN_POINT ( 'NONE',  ( -4.625000000000014200, 4.100000000000000500, 9.194034422677102800E-015 ) ) ;
#145 = DIRECTION ( 'NONE',  ( 0.0000000000000000000, 0.0000000000000000000, -1.000000000000000000 ) ) ;
#144 = DIRECTION ( 'NONE',  ( -1.000000000000000000, 0.0000000000000000000, 0.0000000000000000000 ) ) ;
#146 = CARTESIAN_POINT ( 'NONE',  ( -34.90000000000000600, 5.700000000000000200, -12.50000000000000400 ) ) ;
#147 = EDGE_LOOP ( 'NONE', ( #7547, #6210, #1251, #375 ) ) ;
#148 = CARTESIAN_POINT ( 'NONE',  ( -34.90000000000000600, 5.700000000000000200, 12.50000000000000200 ) ) ;
#149 = SURFACE_STYLE_USAGE ( .BOTH. , #2209 ) ;
#150 = CARTESIAN_POINT ( 'NONE',  ( -5.374999999999998200, 4.100000000000000500, 0.0000000000000000000 ) ) ;
#151 = VERTEX_POINT ( 'NONE', #8074 ) ;
#152 = CARTESIAN_POINT ( 'NONE',  ( -15.00000000000000000, 0.0000000000000000000, 12.50000000000000200 ) ) ;
#153 = EDGE_CURVE ( 'NONE', #3640, #7176, #2498, .T. ) ;
#154 = CARTESIAN_POINT ( 'NONE',  ( -32.49999999999999300, 2.500000000000000000, 17.80000000000001100 ) ) ;
#155 = LINE ( 'NONE', #6025, #7052 ) ;
#156 = ADVANCED_FACE ( 'NONE', ( #8070 ), #6068, .F. ) ;
#157 = AXIS2_PLACEMENT_3D ( 'NONE', #3137, #6528, #1310 ) ;
#158 = ORIENTED_EDGE ( 'NONE', *, *, #7202, .T. ) ;
#159 = DIRECTION ( 'NONE',  ( 0.0000000000000000000, 1.000000000000000000, -3.710638451287287400E-016 ) ) ;
#160 = DIRECTION ( 'NONE',  ( 1.000000000000000000, -0.0000000000000000000, 0.0000000000000000000 ) ) ;
#161 = DIRECTION ( 'NONE',  ( 0.0000000000000000000, 0.0000000000000000000, -1.000000000000000000 ) ) ;
#162 = VECTOR ( 'NONE', #3486, 1000.000000000000000 ) ;
#163 = VECTOR ( 'NONE', #5077, 1000.000000000000000 ) ;
#164 = ORIENTED_EDGE ( 'NONE', *, *, #5482, .T. ) ;
#165 = ORIENTED_EDGE ( 'NONE', *, *, #7428, .F. ) ;
#166 = DIRECTION ( 'NONE',  ( -0.9396926207859082100, 0.0000000000000000000, 0.3420201433256693200 ) ) ;
#167 = DIRECTION ( 'NONE',  ( 1.000000000000000000, 0.0000000000000000000, -0.0000000000000000000 ) ) ;
#168 = CARTESIAN_POINT ( 'NONE',  ( 2.750000000000002700, -4.699999999999997500, 12.80000000000000200 ) ) ;
#169 = DIRECTION ( 'NONE',  ( 3.750753461571473500E-016, 0.0000000000000000000, -1.000000000000000000 ) ) ;
#170 = DIRECTION ( 'NONE',  ( -0.0000000000000000000, 1.000000000000000000, -0.0000000000000000000 ) ) ;
#171 = EDGE_CURVE ( 'NONE', #4089, #5849, #2191, .T. ) ;
#172 = VECTOR ( 'NONE', #7331, 1000.000000000000000 ) ;
#173 = EDGE_CURVE ( 'NONE', #1463, #6, #7560, .T. ) ;
#174 = ORIENTED_EDGE ( 'NONE', *, *, #4885, .T. ) ;
#175 = LINE ( 'NONE', #2133, #791 ) ;
#176 = ORIENTED_EDGE ( 'NONE', *, *, #1963, .T. ) ;
#177 = VERTEX_POINT ( 'NONE', #8625 ) ;
#178 = ORIENTED_EDGE ( 'NONE', *, *, #1133, .F. ) ;
#179 = DIRECTION ( 'NONE',  ( 0.0000000000000000000, 0.0000000000000000000, 1.000000000000000000 ) ) ;
#180 = PLANE ( 'NONE',  #4101 ) ;
#181 = CARTESIAN_POINT ( 'NONE',  ( 0.7500000000000024400, -4.699999999999999300, 12.50000000000000200 ) ) ;
#182 = LINE ( 'NONE', #7813, #2779 ) ;
#183 = ADVANCED_FACE ( 'NONE', ( #5883 ), #3268, .F. ) ;
#184 = PLANE ( 'NONE',  #3042 ) ;
#185 = VECTOR ( 'NONE', #7903, 1000.000000000000000 ) ;
#186 = ORIENTED_EDGE ( 'NONE', *, *, #8110, .T. ) ;
#187 = LINE ( 'NONE', #2873, #5733 ) ;
#188 = VERTEX_POINT ( 'NONE', #99 ) ;
#189 = ORIENTED_EDGE ( 'NONE', *, *, #8402, .F. ) ;
#190 = ORIENTED_EDGE ( 'NONE', *, *, #1401, .T. ) ;
#191 = EDGE_CURVE ( 'NONE', #8464, #965, #4111, .T. ) ;
#192 = MANIFOLD_SOLID_BREP ( 'Cut-Extrude8[1]', #979 ) ;
#193 = CARTESIAN_POINT ( 'NONE',  ( -5.249999999999997300, 4.750000000000000900, 12.40000000000000400 ) ) ;
#194 = CARTESIAN_POINT ( 'NONE',  ( -35.80000000000000400, 4.100000000000000500, -12.17242678916041500 ) ) ;
#195 = FACE_OUTER_BOUND ( 'NONE', #4753, .T. ) ;
#196 = FACE_OUTER_BOUND ( 'NONE', #3665, .T. ) ;
#197 = ORIENTED_EDGE ( 'NONE', *, *, #1144, .F. ) ;
#198 = ORIENTED_EDGE ( 'NONE', *, *, #5026, .T. ) ;
#199 = ORIENTED_EDGE ( 'NONE', *, *, #6109, .F. ) ;
#200 = ORIENTED_EDGE ( 'NONE', *, *, #3248, .F. ) ;
#201 = AXIS2_PLACEMENT_3D ( 'NONE', #4976, #1593, #7012 ) ;
#202 = DIRECTION ( 'NONE',  ( 0.0000000000000000000, 1.000000000000000000, 0.0000000000000000000 ) ) ;
#203 = LINE ( 'NONE', #8109, #4700 ) ;
#204 = VECTOR ( 'NONE', #3174, 1000.000000000000000 ) ;
#205 = ORIENTED_EDGE ( 'NONE', *, *, #2439, .T. ) ;
#206 = EDGE_LOOP ( 'NONE', ( #5007, #3876, #1872, #5658 ) ) ;
#207 = CARTESIAN_POINT ( 'NONE',  ( 0.6250000000000023300, 4.100000000000000500, 12.20000000000000300 ) ) ;
#208 = CARTESIAN_POINT ( 'NONE',  ( 4.625000000000002700, 5.400000000000000400, 11.25000000000000400 ) ) ;
#209 = ADVANCED_FACE ( 'NONE', ( #7445 ), #1392, .F. ) ;
#210 = AXIS2_PLACEMENT_3D ( 'NONE', #4825, #4180, #3670 ) ;
#211 = EDGE_CURVE ( 'NONE', #6444, #2879, #4726, .T. ) ;
#212 = CARTESIAN_POINT ( 'NONE',  ( -39.90000000000000600, 4.350000000000000500, 4.180148828669031100 ) ) ;
#213 = FACE_OUTER_BOUND ( 'NONE', #4676, .T. ) ;
#214 = VECTOR ( 'NONE', #3580, 1000.000000000000000 ) ;
#215 = DIRECTION ( 'NONE',  ( -0.0000000000000000000, 1.000000000000000000, -3.710638451287287400E-016 ) ) ;
#216 = ORIENTED_EDGE ( 'NONE', *, *, #7422, .T. ) ;
#217 = CARTESIAN_POINT ( 'NONE',  ( 32.50000000000000000, 2.500000000000000000, -16.54999999999999700 ) ) ;
#218 = CARTESIAN_POINT ( 'NONE',  ( -32.76666666666663000, 9.233333333333314700, 3.866666666666626300 ) ) ;
#219 = CARTESIAN_POINT ( 'NONE',  ( 3.375000000000001300, 4.100000000000000500, 11.25000000000000400 ) ) ;
#220 = PRODUCT_DEFINITION_FORMATION_WITH_SPECIFIED_SOURCE ( 'ANY', '', #1845, .NOT_KNOWN. ) ;
#221 = ADVANCED_FACE ( 'NONE', ( #5660 ), #4317, .F. ) ;
#222 = LINE ( 'NONE', #7662, #2393 ) ;
#223 = SURFACE_STYLE_USAGE ( .BOTH. , #4908 ) ;
#224 = EDGE_LOOP ( 'NONE', ( #6436, #4277, #7451, #4116 ) ) ;
#225 = DIRECTION ( 'NONE',  ( 1.000000000000000000, 0.0000000000000000000, -0.0000000000000000000 ) ) ;
#226 = AXIS2_PLACEMENT_3D ( 'NONE', #4775, #2265, #7870 ) ;
#227 = FACE_OUTER_BOUND ( 'NONE', #2671, .T. ) ;
#228 = EDGE_CURVE ( 'NONE', #34, #6556, #444, .T. ) ;
#229 = LINE ( 'NONE', #3518, #1058 ) ;
#230 = ORIENTED_EDGE ( 'NONE', *, *, #6407, .F. ) ;
#231 = CARTESIAN_POINT ( 'NONE',  ( 28.52499999999999500, 7.299999999999999800, -9.050000000000009600 ) ) ;
#232 = ORIENTED_EDGE ( 'NONE', *, *, #2233, .T. ) ;
#233 = CARTESIAN_POINT ( 'NONE',  ( -4.624999999999997300, 4.100000000000000500, 12.50000000000000200 ) ) ;
#234 = VECTOR ( 'NONE', #1878, 1000.000000000000000 ) ;
#235 = ORIENTED_EDGE ( 'NONE', *, *, #7456, .F. ) ;
#236 = LINE ( 'NONE', #1618, #3816 ) ;
#237 = DIRECTION ( 'NONE',  ( 0.0000000000000000000, 1.000000000000000000, 0.0000000000000000000 ) ) ;
#238 = ORIENTED_EDGE ( 'NONE', *, *, #5598, .T. ) ;
#239 = EDGE_CURVE ( 'NONE', #4369, #6654, #5343, .T. ) ;
#240 = CARTESIAN_POINT ( 'NONE',  ( 0.7500000000000024400, 5.049999999999998000, 12.40000000000000400 ) ) ;
#241 = CARTESIAN_POINT ( 'NONE',  ( -3.249999999999997800, -4.699999999999997500, 12.80000000000000200 ) ) ;
#242 = VECTOR ( 'NONE', #2346, 1000.000000000000000 ) ;
#243 = CARTESIAN_POINT ( 'NONE',  ( 1.250000000000002900, 5.049999999999999800, 12.20000000000000300 ) ) ;
#244 = ORIENTED_EDGE ( 'NONE', *, *, #3133, .T. ) ;
#245 = CARTESIAN_POINT ( 'NONE',  ( 4.625000000000002700, 5.700000000000000200, 12.50000000000000200 ) ) ;
#246 = ADVANCED_FACE ( 'NONE', ( #2604 ), #4359, .F. ) ;
#247 = EDGE_CURVE ( 'NONE', #564, #7833, #3905, .T. ) ;
#248 = CIRCLE ( 'NONE', #5147, 0.3999999999999958600 ) ;
#249 = ORIENTED_EDGE ( 'NONE', *, *, #5613, .F. ) ;
#250 = ORIENTED_EDGE ( 'NONE', *, *, #3980, .F. ) ;
#251 = AXIS2_PLACEMENT_3D ( 'NONE', #268, #365, #1018 ) ;
#252 = CARTESIAN_POINT ( 'NONE',  ( 34.75000000000001400, 2.500000000000000000, 16.54999999999998600 ) ) ;
#253 = LINE ( 'NONE', #2827, #1087 ) ;
#254 = DIRECTION ( 'NONE',  ( 0.0000000000000000000, 0.0000000000000000000, 1.000000000000000000 ) ) ;
#255 = VERTEX_POINT ( 'NONE', #2229 ) ;
#256 = ORIENTED_EDGE ( 'NONE', *, *, #987, .F. ) ;
#257 = ORIENTED_EDGE ( 'NONE', *, *, #3607, .F. ) ;
#258 = DIRECTION ( 'NONE',  ( 0.0000000000000000000, 0.0000000000000000000, -1.000000000000000000 ) ) ;
#259 = CARTESIAN_POINT ( 'NONE',  ( -2.749999999999997300, 4.650000000000002100, 12.79999999999999900 ) ) ;
#260 = AXIS2_PLACEMENT_3D ( 'NONE', #7291, #5991, #4662 ) ;
#261 = DIRECTION ( 'NONE',  ( 0.0000000000000000000, -1.000000000000000000, 0.0000000000000000000 ) ) ;
#262 = DIRECTION ( 'NONE',  ( 0.0000000000000000000, -0.0000000000000000000, -1.000000000000000000 ) ) ;
#263 = ADVANCED_FACE ( 'NONE', ( #1574 ), #5853, .T. ) ;
#264 = FACE_OUTER_BOUND ( 'NONE', #1744, .T. ) ;
#265 = ORIENTED_EDGE ( 'NONE', *, *, #5066, .T. ) ;
#266 = ORIENTED_EDGE ( 'NONE', *, *, #8271, .F. ) ;
#267 = DIRECTION ( 'NONE',  ( 0.0000000000000000000, 0.0000000000000000000, 1.000000000000000000 ) ) ;
#268 = CARTESIAN_POINT ( 'NONE',  ( -30.24999999999998600, 2.500000000000000000, 16.54999999999998600 ) ) ;
#269 = EDGE_CURVE ( 'NONE', #8036, #6634, #3152, .T. ) ;
#270 = AXIS2_PLACEMENT_3D ( 'NONE', #5716, #5687, #4346 ) ;
#271 = CIRCLE ( 'NONE', #5835, 0.3999999999999958600 ) ;
#272 = EDGE_CURVE ( 'NONE', #5149, #4811, #8499, .T. ) ;
#273 = EDGE_CURVE ( 'NONE', #7829, #6005, #8295, .T. ) ;
#274 = LINE ( 'NONE', #4483, #8333 ) ;
#275 = ORIENTED_EDGE ( 'NONE', *, *, #454, .F. ) ;
#276 = VERTEX_POINT ( 'NONE', #7158 ) ;
#277 = ORIENTED_EDGE ( 'NONE', *, *, #955, .T. ) ;
#278 = LINE ( 'NONE', #3162, #4280 ) ;
#279 = EDGE_LOOP ( 'NONE', ( #6728, #8529, #1528, #519 ) ) ;
#280 = LINE ( 'NONE', #4948, #8029 ) ;
#281 = ORIENTED_EDGE ( 'NONE', *, *, #5789, .T. ) ;
#282 = CLOSED_SHELL ( 'NONE', ( #3504, #8082, #8583, #6693, #2673, #1701, #6908, #918, #3453, #350, #4172, #2114, #6732, #3605, #7670 ) ) ;
#283 = EDGE_LOOP ( 'NONE', ( #6553, #3692, #3646, #3111 ) ) ;
#284 = FILL_AREA_STYLE_COLOUR ( '', #2117 ) ;
#285 = AXIS2_PLACEMENT_3D ( 'NONE', #5351, #2005, #7376 ) ;
#286 = DIRECTION ( 'NONE',  ( -0.0000000000000000000, -1.000000000000000000, -0.0000000000000000000 ) ) ;
#287 = EDGE_CURVE ( 'NONE', #4916, #8648, #7119, .T. ) ;
#288 = VECTOR ( 'NONE', #7907, 1000.000000000000000 ) ;
#289 = VECTOR ( 'NONE', #8203, 1000.000000000000000 ) ;
#290 = EDGE_LOOP ( 'NONE', ( #8651, #4037, #1451, #5135 ) ) ;
#291 = VERTEX_POINT ( 'NONE', #193 ) ;
#292 = FACE_OUTER_BOUND ( 'NONE', #518, .T. ) ;
#293 = ORIENTED_EDGE ( 'NONE', *, *, #2678, .F. ) ;
#294 = VERTEX_POINT ( 'NONE', #4041 ) ;
#295 = DIRECTION ( 'NONE',  ( 1.000000000000000000, 0.0000000000000000000, 0.0000000000000000000 ) ) ;
#296 = CARTESIAN_POINT ( 'NONE',  ( 28.52499999999999500, 7.000000000000000000, 2.549999999999989600 ) ) ;
#297 = EDGE_CURVE ( 'NONE', #4500, #5553, #6482, .T. ) ;
#298 = CARTESIAN_POINT ( 'NONE',  ( -35.80000000000000400, 4.350000000000000500, 0.2499999999999997800 ) ) ;
#299 = CARTESIAN_POINT ( 'NONE',  ( -34.90000000000000600, 0.9000000000000000200, 12.50000000000000200 ) ) ;
#300 = FACE_OUTER_BOUND ( 'NONE', #7152, .T. ) ;
#301 = DIRECTION ( 'NONE',  ( 0.0000000000000000000, -1.000000000000000000, 0.0000000000000000000 ) ) ;
#302 = FACE_OUTER_BOUND ( 'NONE', #7373, .T. ) ;
#303 = EDGE_CURVE ( 'NONE', #8360, #6406, #5447, .T. ) ;
#304 = ORIENTED_EDGE ( 'NONE', *, *, #6716, .T. ) ;
#305 = ORIENTED_EDGE ( 'NONE', *, *, #6012, .T. ) ;
#306 = ORIENTED_EDGE ( 'NONE', *, *, #4477, .T. ) ;
#307 = DIRECTION ( 'NONE',  ( 0.0000000000000000000, 0.0000000000000000000, -1.000000000000000000 ) ) ;
#308 = AXIS2_PLACEMENT_3D ( 'NONE', #4950, #7737, #2994 ) ;
#309 = DIRECTION ( 'NONE',  ( 0.0000000000000000000, 0.0000000000000000000, 1.000000000000000000 ) ) ;
#310 = DIRECTION ( 'NONE',  ( 0.0000000000000000000, 0.0000000000000000000, -1.000000000000000000 ) ) ;
#311 = FACE_OUTER_BOUND ( 'NONE', #1891, .T. ) ;
#312 = CYLINDRICAL_SURFACE ( 'NONE', #5977, 1.199999999999999700 ) ;
#313 = ORIENTED_EDGE ( 'NONE', *, *, #882, .F. ) ;
#314 = VERTEX_POINT ( 'NONE', #3019 ) ;
#315 = ADVANCED_FACE ( 'NONE', ( #639 ), #943, .T. ) ;
#316 = EDGE_CURVE ( 'NONE', #2167, #6797, #7973, .T. ) ;
#317 = CARTESIAN_POINT ( 'NONE',  ( -0.7499999999999972200, -4.699999999999997500, 12.80000000000000200 ) ) ;
#318 = VERTEX_POINT ( 'NONE', #5259 ) ;
#319 = DIRECTION ( 'NONE',  ( 0.9396926207859105400, 0.0000000000000000000, 0.3420201433256627200 ) ) ;
#320 = DIRECTION ( 'NONE',  ( 1.000000000000000000, -0.0000000000000000000, -0.0000000000000000000 ) ) ;
#321 = CYLINDRICAL_SURFACE ( 'NONE', #983, 0.3999999999999958600 ) ;
#322 = LINE ( 'NONE', #6308, #8590 ) ;
#323 = ORIENTED_EDGE ( 'NONE', *, *, #5700, .T. ) ;
#324 = EDGE_CURVE ( 'NONE', #3414, #904, #8063, .T. ) ;
#325 = VERTEX_POINT ( 'NONE', #7703 ) ;
#326 = CARTESIAN_POINT ( 'NONE',  ( 2.750000000000002700, 4.650000000000002100, 12.40000000000000400 ) ) ;
#327 = DIRECTION ( 'NONE',  ( -1.000000000000000000, 0.0000000000000000000, 0.0000000000000000000 ) ) ;
#328 = DIRECTION ( 'NONE',  ( -0.0000000000000000000, 1.000000000000000000, -0.0000000000000000000 ) ) ;
#329 = CARTESIAN_POINT ( 'NONE',  ( -5.249999999999997300, 5.049999999999999800, 12.20000000000000300 ) ) ;
#330 = LINE ( 'NONE', #4458, #3578 ) ;
#331 = CYLINDRICAL_SURFACE ( 'NONE', #4918, 0.3999999999999958600 ) ;
#332 = DIRECTION ( 'NONE',  ( 1.000000000000000000, 0.0000000000000000000, 0.0000000000000000000 ) ) ;
#333 = CARTESIAN_POINT ( 'NONE',  ( -7.249999999999997300, 5.049999999999999800, 12.20000000000000300 ) ) ;
#334 = VERTEX_POINT ( 'NONE', #8296 ) ;
#335 = CARTESIAN_POINT ( 'NONE',  ( 30.24999999999998600, 2.500000000000000000, 16.54999999999998600 ) ) ;
#336 = VECTOR ( 'NONE', #1686, 1000.000000000000000 ) ;
#337 = EDGE_CURVE ( 'NONE', #7829, #5039, #2392, .T. ) ;
#338 = DIRECTION ( 'NONE',  ( -0.0000000000000000000, -1.000000000000000000, -0.0000000000000000000 ) ) ;
#339 = CARTESIAN_POINT ( 'NONE',  ( 4.750000000000002700, 4.650000000000002100, 12.40000000000000400 ) ) ;
#340 = AXIS2_PLACEMENT_3D ( 'NONE', #2019, #6087, #7429 ) ;
#341 = DIRECTION ( 'NONE',  ( -0.0000000000000000000, 1.000000000000000000, -0.0000000000000000000 ) ) ;
#342 = EDGE_CURVE ( 'NONE', #4286, #374, #8597, .T. ) ;
#343 = EDGE_CURVE ( 'NONE', #7512, #7740, #3569, .T. ) ;
#344 = CARTESIAN_POINT ( 'NONE',  ( 0.6250000000000023300, 5.700000000000000200, 11.25000000000000400 ) ) ;
#345 = EDGE_CURVE ( 'NONE', #2081, #5648, #4507, .T. ) ;
#346 = CARTESIAN_POINT ( 'NONE',  ( -5.374999999999998200, 5.700000000000000200, 11.25000000000000400 ) ) ;
#347 = VECTOR ( 'NONE', #2194, 1000.000000000000000 ) ;
#348 = PLANE ( 'NONE',  #6637 ) ;
#349 = DIRECTION ( 'NONE',  ( 0.0000000000000000000, -3.710638451287287400E-016, -1.000000000000000000 ) ) ;
#350 = ADVANCED_FACE ( 'NONE', ( #6577 ), #3827, .F. ) ;
#351 = MANIFOLD_SOLID_BREP ( 'LPattern1[4]', #5104 ) ;
#352 = CARTESIAN_POINT ( 'NONE',  ( 6.750000000000002700, -4.699999999999999300, 12.50000000000000200 ) ) ;
#353 = PLANE ( 'NONE',  #5513 ) ;
#354 = EDGE_CURVE ( 'NONE', #3043, #1976, #6381, .T. ) ;
#355 = CARTESIAN_POINT ( 'NONE',  ( 34.89999999999999900, 7.299999999999999800, -12.50000000000000400 ) ) ;
#356 = EDGE_LOOP ( 'NONE', ( #4629, #4190, #6524, #4257 ) ) ;
#357 = CARTESIAN_POINT ( 'NONE',  ( -28.97500000000000100, 7.000000000000000000, 2.549999999999996700 ) ) ;
#358 = ORIENTED_EDGE ( 'NONE', *, *, #6128, .F. ) ;
#359 = ADVANCED_FACE ( 'NONE', ( #3039 ), #7768, .F. ) ;
#360 = PLANE ( 'NONE',  #2624 ) ;
#361 = ADVANCED_FACE ( 'NONE', ( #7552 ), #5860, .F. ) ;
#362 = DIRECTION ( 'NONE',  ( 0.0000000000000000000, 0.0000000000000000000, 1.000000000000000000 ) ) ;
#363 = DIRECTION ( 'NONE',  ( 1.000000000000000000, 0.0000000000000000000, -2.096342569156262300E-016 ) ) ;
#364 = EDGE_CURVE ( 'NONE', #1951, #3107, #5766, .T. ) ;
#365 = DIRECTION ( 'NONE',  ( -1.000000000000000000, 0.0000000000000000000, 2.096342569156265000E-016 ) ) ;
#366 = FACE_OUTER_BOUND ( 'NONE', #527, .T. ) ;
#367 = ORIENTED_EDGE ( 'NONE', *, *, #2904, .T. ) ;
#368 = VERTEX_POINT ( 'NONE', #8576 ) ;
#369 = EDGE_CURVE ( 'NONE', #6526, #7281, #4935, .T. ) ;
#370 = LINE ( 'NONE', #7395, #5488 ) ;
#371 = CARTESIAN_POINT ( 'NONE',  ( 32.50000000000000000, 0.0000000000000000000, -16.54999999999999700 ) ) ;
#372 = AXIS2_PLACEMENT_3D ( 'NONE', #3140, #1033, #1754 ) ;
#373 = FACE_OUTER_BOUND ( 'NONE', #2561, .T. ) ;
#374 = VERTEX_POINT ( 'NONE', #4509 ) ;
#375 = ORIENTED_EDGE ( 'NONE', *, *, #2401, .F. ) ;
#376 = CARTESIAN_POINT ( 'NONE',  ( 30.27499999999999500, 7.000000000000000000, 2.549999999999989600 ) ) ;
#377 = CARTESIAN_POINT ( 'NONE',  ( 6.625000000000002700, 5.700000000000000200, 12.50000000000000200 ) ) ;
#378 = CARTESIAN_POINT ( 'NONE',  ( -35.80000000000001100, 0.8999999999999980200, -12.17242678916041500 ) ) ;
#379 = CARTESIAN_POINT ( 'NONE',  ( -34.90000000000000600, 4.100000000000000500, 12.50000000000000200 ) ) ;
#380 = ADVANCED_FACE ( 'NONE', ( #3683 ), #8603, .F. ) ;
#381 = LINE ( 'NONE', #8353, #8120 ) ;
#382 = LINE ( 'NONE', #6215, #1210 ) ;
#383 = ORIENTED_EDGE ( 'NONE', *, *, #2139, .F. ) ;
#384 = CIRCLE ( 'NONE', #1805, 1.750000000000000700 ) ;
#385 = LINE ( 'NONE', #3592, #5597 ) ;
#386 = CARTESIAN_POINT ( 'NONE',  ( -34.75000000000000000, 0.0000000000000000000, 13.55000000000000200 ) ) ;
#387 = PLANE ( 'NONE',  #7687 ) ;
#388 = VERTEX_POINT ( 'NONE', #7307 ) ;
#389 = CIRCLE ( 'NONE', #1766, 0.3999999999999958600 ) ;
#390 = ORIENTED_EDGE ( 'NONE', *, *, #909, .F. ) ;
#391 = ORIENTED_EDGE ( 'NONE', *, *, #5162, .F. ) ;
#392 = ORIENTED_EDGE ( 'NONE', *, *, #7966, .F. ) ;
#393 = VERTEX_POINT ( 'NONE', #6608 ) ;
#394 = AXIS2_PLACEMENT_3D ( 'NONE', #5341, #6607, #3999 ) ;
#395 = EDGE_CURVE ( 'NONE', #4367, #1062, #8391, .T. ) ;
#396 = CARTESIAN_POINT ( 'NONE',  ( -34.90000000000000600, 5.700000000000000200, 12.50000000000000200 ) ) ;
#397 = VECTOR ( 'NONE', #3989, 1000.000000000000000 ) ;
#398 = VECTOR ( 'NONE', #2743, 1000.000000000000000 ) ;
#399 = ORIENTED_EDGE ( 'NONE', *, *, #846, .T. ) ;
#400 = LINE ( 'NONE', #4205, #2249 ) ;
#401 = CLOSED_SHELL ( 'NONE', ( #3856, #3014, #6702, #7542, #6575, #1316, #359, #5729, #8498, #6030, #5421, #584, #892, #5140, #1565 ) ) ;
#402 = ORIENTED_EDGE ( 'NONE', *, *, #3608, .F. ) ;
#403 = ORIENTED_EDGE ( 'NONE', *, *, #2278, .F. ) ;
#404 = DIRECTION ( 'NONE',  ( 0.3420201433256627700, 0.0000000000000000000, -0.9396926207859106500 ) ) ;
#405 = CARTESIAN_POINT ( 'NONE',  ( -38.25000000000000700, -17.31554944214035200, -6.750000000000000000 ) ) ;
#406 = DIRECTION ( 'NONE',  ( 1.000000000000000000, 0.0000000000000000000, 0.0000000000000000000 ) ) ;
#407 = CIRCLE ( 'NONE', #3526, 1.750000000000002400 ) ;
#408 = VECTOR ( 'NONE', #2714, 1000.000000000000000 ) ;
#409 = ORIENTED_EDGE ( 'NONE', *, *, #3133, .F. ) ;
#410 = CARTESIAN_POINT ( 'NONE',  ( -1.249999999999997600, 4.650000000000002100, 12.40000000000000400 ) ) ;
#411 = VECTOR ( 'NONE', #7809, 1000.000000000000000 ) ;
#412 = VERTEX_POINT ( 'NONE', #5370 ) ;
#413 = CARTESIAN_POINT ( 'NONE',  ( -32.49999999999999300, 2.500000000000000000, 15.30000000000000100 ) ) ;
#414 = VERTEX_POINT ( 'NONE', #5317 ) ;
#415 = EDGE_CURVE ( 'NONE', #7259, #3732, #436, .T. ) ;
#416 = CARTESIAN_POINT ( 'NONE',  ( -4.749999999999997300, 5.049999999999999800, 12.20000000000000300 ) ) ;
#417 = PLANE ( 'NONE',  #1748 ) ;
#418 = EDGE_CURVE ( 'NONE', #6897, #8334, #2931, .T. ) ;
#419 = DIRECTION ( 'NONE',  ( 0.0000000000000000000, 0.0000000000000000000, 1.000000000000000000 ) ) ;
#420 = ORIENTED_EDGE ( 'NONE', *, *, #7894, .F. ) ;
#421 = DIRECTION ( 'NONE',  ( 0.0000000000000000000, 0.0000000000000000000, -1.000000000000000000 ) ) ;
#422 = LINE ( 'NONE', #5228, #7309 ) ;
#423 = LINE ( 'NONE', #1270, #3448 ) ;
#424 = ORIENTED_EDGE ( 'NONE', *, *, #211, .F. ) ;
#425 = EDGE_LOOP ( 'NONE', ( #7072, #3881, #594, #8496 ) ) ;
#426 = DIRECTION ( 'NONE',  ( 0.0000000000000000000, 1.000000000000000000, -0.0000000000000000000 ) ) ;
#427 = DIRECTION ( 'NONE',  ( 0.0000000000000000000, 0.0000000000000000000, -1.000000000000000000 ) ) ;
#428 = DIRECTION ( 'NONE',  ( 0.0000000000000000000, -0.0000000000000000000, 1.000000000000000000 ) ) ;
#429 = CARTESIAN_POINT ( 'NONE',  ( 32.50000000000000700, 2.500000000000000000, 16.54999999999998600 ) ) ;
#430 = EDGE_CURVE ( 'NONE', #1520, #2762, #1883, .T. ) ;
#431 = LINE ( 'NONE', #5065, #1875 ) ;
#432 = FACE_OUTER_BOUND ( 'NONE', #3329, .T. ) ;
#433 = AXIS2_PLACEMENT_3D ( 'NONE', #5058, #6279, #1813 ) ;
#434 = ORIENTED_EDGE ( 'NONE', *, *, #1499, .F. ) ;
#435 = CARTESIAN_POINT ( 'NONE',  ( 0.0000000000000000000, 4.100000000000000500, 11.25000000000000400 ) ) ;
#436 = CIRCLE ( 'NONE', #2088, 1.200000000000000200 ) ;
#437 = VECTOR ( 'NONE', #2301, 1000.000000000000000 ) ;
#438 = PLANE ( 'NONE',  #4512 ) ;
#439 = CARTESIAN_POINT ( 'NONE',  ( -0.7499999999999972200, 4.750000000000000900, 12.20000000000000300 ) ) ;
#440 = ORIENTED_EDGE ( 'NONE', *, *, #5796, .F. ) ;
#441 = DIRECTION ( 'NONE',  ( 0.0000000000000000000, 0.0000000000000000000, 1.000000000000000000 ) ) ;
#442 = AXIS2_PLACEMENT_3D ( 'NONE', #7026, #1028, #7798 ) ;
#443 = DIRECTION ( 'NONE',  ( 1.000000000000000000, -0.0000000000000000000, -0.0000000000000000000 ) ) ;
#444 = CIRCLE ( 'NONE', #2526, 1.750000000000000700 ) ;
#445 = LINE ( 'NONE', #152, #7570 ) ;
#446 = APPLICATION_PROTOCOL_DEFINITION ( 'draft international standard', 'automotive_design', 1998, #3718 ) ;
#447 = EDGE_CURVE ( 'NONE', #5429, #4562, #8285, .T. ) ;
#448 = ORIENTED_EDGE ( 'NONE', *, *, #1503, .T. ) ;
#449 = DIRECTION ( 'NONE',  ( 0.0000000000000000000, 0.0000000000000000000, 1.000000000000000000 ) ) ;
#450 = DIRECTION ( 'NONE',  ( 0.0000000000000000000, 0.0000000000000000000, 1.000000000000000000 ) ) ;
#451 = DIRECTION ( 'NONE',  ( -0.0000000000000000000, -1.000000000000000000, -0.0000000000000000000 ) ) ;
#452 = DIRECTION ( 'NONE',  ( -0.0000000000000000000, -1.000000000000000000, -0.0000000000000000000 ) ) ;
#453 = PLANE ( 'NONE',  #8599 ) ;
#454 = EDGE_CURVE ( 'NONE', #1577, #1809, #2821, .T. ) ;
#455 = LINE ( 'NONE', #1808, #24 ) ;
#456 = CIRCLE ( 'NONE', #6186, 0.3999999999999958600 ) ;
#457 = ORIENTED_EDGE ( 'NONE', *, *, #1613, .F. ) ;
#458 = CARTESIAN_POINT ( 'NONE',  ( 30.24999999999997900, 2.500000000000000000, -13.54999999999999900 ) ) ;
#459 = CARTESIAN_POINT ( 'NONE',  ( 30.24999999999998600, 2.500000000000000000, 16.54999999999998600 ) ) ;
#460 = CARTESIAN_POINT ( 'NONE',  ( -0.7499999999999972200, -4.699999999999999300, 12.50000000000000200 ) ) ;
#461 = FACE_OUTER_BOUND ( 'NONE', #7510, .T. ) ;
#462 = ORIENTED_EDGE ( 'NONE', *, *, #7041, .T. ) ;
#463 = MANIFOLD_SOLID_BREP ( 'LPattern1[6]', #3114 ) ;
#464 = EDGE_CURVE ( 'NONE', #965, #6302, #634, .T. ) ;
#465 = CARTESIAN_POINT ( 'NONE',  ( 0.7500000000000024400, 4.650000000000002100, 12.40000000000000400 ) ) ;
#466 = CARTESIAN_POINT ( 'NONE',  ( -7.249999999999997300, 5.049999999999999800, 12.20000000000000300 ) ) ;
#467 = CARTESIAN_POINT ( 'NONE',  ( 0.6250000000000023300, 4.100000000000000500, 11.25000000000000400 ) ) ;
#468 = VECTOR ( 'NONE', #2813, 1000.000000000000000 ) ;
#469 = DIRECTION ( 'NONE',  ( 0.0000000000000000000, 0.0000000000000000000, 1.000000000000000000 ) ) ;
#470 = DIRECTION ( 'NONE',  ( 0.0000000000000000000, 0.0000000000000000000, 1.000000000000000000 ) ) ;
#471 = ORIENTED_EDGE ( 'NONE', *, *, #3375, .F. ) ;
#472 = DIRECTION ( 'NONE',  ( 1.000000000000000000, -0.0000000000000000000, 0.0000000000000000000 ) ) ;
#473 = VERTEX_POINT ( 'NONE', #7433 ) ;
#474 = EDGE_CURVE ( 'NONE', #1031, #4674, #4217, .T. ) ;
#475 = CARTESIAN_POINT ( 'NONE',  ( 34.75000000000002100, 2.499999999999999600, 13.55000000000000200 ) ) ;
#476 = CARTESIAN_POINT ( 'NONE',  ( -6.010887296633280000, 0.8999999999999980200, 16.51477711838690600 ) ) ;
#477 = LINE ( 'NONE', #6864, #5914 ) ;
#478 = ORIENTED_EDGE ( 'NONE', *, *, #316, .F. ) ;
#479 = CARTESIAN_POINT ( 'NONE',  ( -1.249999999999997600, -4.699999999999999300, 12.50000000000000200 ) ) ;
#480 = ORIENTED_EDGE ( 'NONE', *, *, #69, .F. ) ;
#481 = EDGE_LOOP ( 'NONE', ( #1378, #3523, #3100, #2309 ) ) ;
#482 = DIRECTION ( 'NONE',  ( 0.0000000000000000000, 0.0000000000000000000, 1.000000000000000000 ) ) ;
#483 = AXIS2_PLACEMENT_3D ( 'NONE', #2294, #7712, #5647 ) ;
#484 = FACE_OUTER_BOUND ( 'NONE', #7106, .T. ) ;
#485 = DIRECTION ( 'NONE',  ( -1.000000000000000000, -0.0000000000000000000, -0.0000000000000000000 ) ) ;
#486 = VECTOR ( 'NONE', #6527, 1000.000000000000000 ) ;
#487 = VERTEX_POINT ( 'NONE', #2724 ) ;
#488 = VERTEX_POINT ( 'NONE', #2199 ) ;
#489 = AXIS2_PLACEMENT_3D ( 'NONE', #2451, #7135, #5108 ) ;
#490 = CARTESIAN_POINT ( 'NONE',  ( -5.374999999999998200, 5.400000000000000400, 11.25000000000000400 ) ) ;
#491 = CARTESIAN_POINT ( 'NONE',  ( 0.0000000000000000000, 4.100000000000000500, 11.25000000000000400 ) ) ;
#492 = PLANE ( 'NONE',  #372 ) ;
#493 = AXIS2_PLACEMENT_3D ( 'NONE', #4006, #7375, #6651 ) ;
#494 = LINE ( 'NONE', #3200, #7073 ) ;
#495 = CARTESIAN_POINT ( 'NONE',  ( 0.7500000000000024400, 4.650000000000002100, 12.79999999999999900 ) ) ;
#496 = DIRECTION ( 'NONE',  ( -0.0000000000000000000, -1.000000000000000000, -0.0000000000000000000 ) ) ;
#497 = PLANE ( 'NONE',  #1369 ) ;
#498 = VECTOR ( 'NONE', #7814, 1000.000000000000000 ) ;
#499 = ORIENTED_EDGE ( 'NONE', *, *, #1238, .F. ) ;
#500 = ORIENTED_EDGE ( 'NONE', *, *, #723, .F. ) ;
#501 = CARTESIAN_POINT ( 'NONE',  ( -2.749999999999997300, 4.750000000000000900, 12.40000000000000400 ) ) ;
#502 = CARTESIAN_POINT ( 'NONE',  ( -3.374999999999997800, 4.100000000000000500, 0.0000000000000000000 ) ) ;
#503 = CARTESIAN_POINT ( 'NONE',  ( 7.250000000000002700, 4.650000000000002100, 12.40000000000000400 ) ) ;
#504 = AXIS2_PLACEMENT_3D ( 'NONE', #7013, #7678, #6924 ) ;
#505 = VECTOR ( 'NONE', #3730, 1000.000000000000000 ) ;
#506 = EDGE_LOOP ( 'NONE', ( #5812, #1214, #6048, #8256 ) ) ;
#507 = FACE_BOUND ( 'NONE', #5923, .T. ) ;
#508 = ORIENTED_EDGE ( 'NONE', *, *, #2693, .F. ) ;
#509 = ORIENTED_EDGE ( 'NONE', *, *, #1767, .F. ) ;
#510 = VERTEX_POINT ( 'NONE', #5586 ) ;
#511 = CARTESIAN_POINT ( 'NONE',  ( 0.0000000000000000000, 0.0000000000000000000, 0.0000000000000000000 ) ) ;
#512 = CARTESIAN_POINT ( 'NONE',  ( -7.374999999999998200, 5.700000000000000200, 11.25000000000000400 ) ) ;
#513 = LINE ( 'NONE', #1758, #2048 ) ;
#514 = FACE_OUTER_BOUND ( 'NONE', #5371, .T. ) ;
#515 = ORIENTED_EDGE ( 'NONE', *, *, #1045, .F. ) ;
#516 = VECTOR ( 'NONE', #8541, 1000.000000000000000 ) ;
#517 = ORIENTED_EDGE ( 'NONE', *, *, #5330, .F. ) ;
#518 = EDGE_LOOP ( 'NONE', ( #6964, #7247, #2312, #1309 ) ) ;
#519 = ORIENTED_EDGE ( 'NONE', *, *, #3157, .T. ) ;
#520 = ADVANCED_FACE ( 'NONE', ( #213 ), #5487, .F. ) ;
#521 = AXIS2_PLACEMENT_3D ( 'NONE', #4231, #8221, #6090 ) ;
#522 = EDGE_CURVE ( 'NONE', #6750, #318, #6173, .T. ) ;
#523 = DIRECTION ( 'NONE',  ( -0.0000000000000000000, 5.782411586589358800E-015, 1.000000000000000000 ) ) ;
#524 = DIRECTION ( 'NONE',  ( -0.0000000000000000000, 1.000000000000000000, -0.0000000000000000000 ) ) ;
#525 = CARTESIAN_POINT ( 'NONE',  ( -34.80000000000000400, 6.899999999999998600, -6.249999999999999100 ) ) ;
#526 = VECTOR ( 'NONE', #3550, 1000.000000000000000 ) ;
#527 = EDGE_LOOP ( 'NONE', ( #6962, #1992, #4790, #3935 ) ) ;
#528 = CARTESIAN_POINT ( 'NONE',  ( -34.90000000000000600, 4.350000000000000500, 0.0000000000000000000 ) ) ;
#529 = CARTESIAN_POINT ( 'NONE',  ( 30.27499999999999500, 7.000000000000000000, -9.050000000000009600 ) ) ;
#530 = CARTESIAN_POINT ( 'NONE',  ( -32.49999999999999300, 0.0000000000000000000, 16.55000000000000400 ) ) ;
#531 = PLANE ( 'NONE',  #4319 ) ;
#532 = DIRECTION ( 'NONE',  ( 1.000000000000000000, 0.0000000000000000000, 0.0000000000000000000 ) ) ;
#533 = VECTOR ( 'NONE', #5550, 1000.000000000000000 ) ;
#534 = VECTOR ( 'NONE', #5697, 1000.000000000000000 ) ;
#535 = EDGE_CURVE ( 'NONE', #6526, #7634, #1256, .T. ) ;
#536 = VERTEX_POINT ( 'NONE', #2849 ) ;
#537 = DIRECTION ( 'NONE',  ( 1.000000000000000000, -0.0000000000000000000, -0.0000000000000000000 ) ) ;
#538 = CARTESIAN_POINT ( 'NONE',  ( -35.80000000000000400, 4.350000000000000500, 0.2499999999999997800 ) ) ;
#539 = DIRECTION ( 'NONE',  ( -0.0000000000000000000, 1.000000000000000000, -0.0000000000000000000 ) ) ;
#540 = LINE ( 'NONE', #3668, #6372 ) ;
#541 = FACE_OUTER_BOUND ( 'NONE', #7417, .T. ) ;
#542 = ORIENTED_EDGE ( 'NONE', *, *, #7324, .T. ) ;
#543 = CARTESIAN_POINT ( 'NONE',  ( 3.250000000000002700, 4.650000000000002100, 12.79999999999999900 ) ) ;
#544 = DIRECTION ( 'NONE',  ( 0.0000000000000000000, 0.0000000000000000000, -1.000000000000000000 ) ) ;
#545 = ORIENTED_EDGE ( 'NONE', *, *, #2352, .T. ) ;
#546 = EDGE_CURVE ( 'NONE', #1031, #2562, #5036, .T. ) ;
#547 = FACE_OUTER_BOUND ( 'NONE', #8134, .T. ) ;
#548 = DIRECTION ( 'NONE',  ( 0.0000000000000000000, -1.000000000000000000, 0.0000000000000000000 ) ) ;
#549 = AXIS2_PLACEMENT_3D ( 'NONE', #3265, #4555, #2548 ) ;
#550 = DIRECTION ( 'NONE',  ( -0.0000000000000000000, -1.000000000000000000, -0.0000000000000000000 ) ) ;
#551 = DIRECTION ( 'NONE',  ( 0.0000000000000000000, -0.0000000000000000000, -1.000000000000000000 ) ) ;
#552 = ORIENTED_EDGE ( 'NONE', *, *, #7269, .T. ) ;
#553 = LINE ( 'NONE', #1348, #1472 ) ;
#554 = LINE ( 'NONE', #4268, #336 ) ;
#555 = ORIENTED_EDGE ( 'NONE', *, *, #3143, .T. ) ;
#556 = ORIENTED_EDGE ( 'NONE', *, *, #3836, .T. ) ;
#557 = ORIENTED_EDGE ( 'NONE', *, *, #5680, .T. ) ;
#558 = ADVANCED_FACE ( 'NONE', ( #4102 ), #6891, .F. ) ;
#559 =( GEOMETRIC_REPRESENTATION_CONTEXT ( 3 ) GLOBAL_UNCERTAINTY_ASSIGNED_CONTEXT ( ( #4475 ) ) GLOBAL_UNIT_ASSIGNED_CONTEXT ( ( #6237, #2893, #6318 ) ) REPRESENTATION_CONTEXT ( 'NONE', 'WORKASPACE' ) );
#560 = CIRCLE ( 'NONE', #8027, 1.750000000000002400 ) ;
#561 = AXIS2_PLACEMENT_3D ( 'NONE', #6194, #6168, #6803 ) ;
#562 = EDGE_CURVE ( 'NONE', #374, #7632, #431, .T. ) ;
#563 = LINE ( 'NONE', #6112, #3266 ) ;
#564 = VERTEX_POINT ( 'NONE', #3030 ) ;
#565 = UNCERTAINTY_MEASURE_WITH_UNIT (LENGTH_MEASURE( 1.000000000000000100E-005 ), #1539, 'distance_accuracy_value', 'NONE');
#566 = FACE_OUTER_BOUND ( 'NONE', #6655, .T. ) ;
#567 = DIRECTION ( 'NONE',  ( 1.000000000000000000, 0.0000000000000000000, -1.387778780781446300E-015 ) ) ;
#568 = EDGE_CURVE ( 'NONE', #6444, #5754, #5973, .T. ) ;
#569 = EDGE_LOOP ( 'NONE', ( #4620, #7958, #941, #4990 ) ) ;
#570 = ORIENTED_EDGE ( 'NONE', *, *, #7945, .F. ) ;
#571 = AXIS2_PLACEMENT_3D ( 'NONE', #3566, #2141, #8254 ) ;
#572 = DIRECTION ( 'NONE',  ( 0.0000000000000000000, 0.0000000000000000000, 1.000000000000000000 ) ) ;
#573 = FACE_BOUND ( 'NONE', #6295, .T. ) ;
#574 = LINE ( 'NONE', #1020, #486 ) ;
#575 = ORIENTED_EDGE ( 'NONE', *, *, #8315, .F. ) ;
#576 = ADVANCED_FACE ( 'NONE', ( #7319 ), #7694, .F. ) ;
#577 = EDGE_CURVE ( 'NONE', #5481, #3051, #1657, .T. ) ;
#578 = VECTOR ( 'NONE', #1600, 1000.000000000000000 ) ;
#579 = AXIS2_PLACEMENT_3D ( 'NONE', #5118, #3171, #8533 ) ;
#580 = VECTOR ( 'NONE', #6454, 1000.000000000000000 ) ;
#581 = ORIENTED_EDGE ( 'NONE', *, *, #1688, .F. ) ;
#582 = LINE ( 'NONE', #4254, #7502 ) ;
#583 = ORIENTED_EDGE ( 'NONE', *, *, #3886, .F. ) ;
#584 = ADVANCED_FACE ( 'NONE', ( #111 ), #7005, .F. ) ;
#585 = CARTESIAN_POINT ( 'NONE',  ( 30.27499999999999500, 7.299999999999999800, -9.050000000000009600 ) ) ;
#586 = DIRECTION ( 'NONE',  ( 0.0000000000000000000, 1.000000000000000000, 0.0000000000000000000 ) ) ;
#587 = DIRECTION ( 'NONE',  ( 0.0000000000000000000, 0.0000000000000000000, 1.000000000000000000 ) ) ;
#588 = LINE ( 'NONE', #4191, #4784 ) ;
#589 = DIRECTION ( 'NONE',  ( 0.0000000000000000000, -1.000000000000000000, 0.0000000000000000000 ) ) ;
#590 = ORIENTED_EDGE ( 'NONE', *, *, #1784, .T. ) ;
#591 = DIRECTION ( 'NONE',  ( 0.0000000000000000000, -1.000000000000000000, -8.673617379884013400E-015 ) ) ;
#592 = ORIENTED_EDGE ( 'NONE', *, *, #8165, .F. ) ;
#593 = ORIENTED_EDGE ( 'NONE', *, *, #6287, .F. ) ;
#594 = ORIENTED_EDGE ( 'NONE', *, *, #8636, .F. ) ;
#595 = ORIENTED_EDGE ( 'NONE', *, *, #8188, .F. ) ;
#596 = DIRECTION ( 'NONE',  ( -1.000000000000000000, -0.0000000000000000000, -0.0000000000000000000 ) ) ;
#597 = AXIS2_PLACEMENT_3D ( 'NONE', #6581, #7265, #4616 ) ;
#598 = VECTOR ( 'NONE', #6069, 1000.000000000000000 ) ;
#599 = DIRECTION ( 'NONE',  ( -0.0000000000000000000, -1.000000000000000000, -0.0000000000000000000 ) ) ;
#600 = EDGE_CURVE ( 'NONE', #8665, #4488, #7104, .T. ) ;
#601 = CYLINDRICAL_SURFACE ( 'NONE', #1810, 1.750000000000002400 ) ;
#602 = ORIENTED_EDGE ( 'NONE', *, *, #2678, .T. ) ;
#603 = VERTEX_POINT ( 'NONE', #3749 ) ;
#604 = ORIENTED_EDGE ( 'NONE', *, *, #834, .T. ) ;
#605 = DIRECTION ( 'NONE',  ( -0.0000000000000000000, 1.000000000000000000, -3.710638451287287400E-016 ) ) ;
#606 = VECTOR ( 'NONE', #4639, 1000.000000000000000 ) ;
#607 = CYLINDRICAL_SURFACE ( 'NONE', #6243, 0.3999999999999958600 ) ;
#608 = ORIENTED_EDGE ( 'NONE', *, *, #5813, .T. ) ;
#609 = EDGE_LOOP ( 'NONE', ( #2254, #2263, #6343, #6760 ) ) ;
#610 = ORIENTED_EDGE ( 'NONE', *, *, #4018, .T. ) ;
#611 = PLANE ( 'NONE',  #1285 ) ;
#612 = CARTESIAN_POINT ( 'NONE',  ( -35.80000000000000400, 0.0000000000000000000, -13.54999999999999900 ) ) ;
#613 = LINE ( 'NONE', #1984, #7424 ) ;
#614 = LINE ( 'NONE', #8506, #8473 ) ;
#615 = ORIENTED_EDGE ( 'NONE', *, *, #2300, .F. ) ;
#616 = VERTEX_POINT ( 'NONE', #2965 ) ;
#617 = AXIS2_PLACEMENT_3D ( 'NONE', #1076, #7792, #2381 ) ;
#618 = DIRECTION ( 'NONE',  ( 0.0000000000000000000, 1.000000000000000000, -5.782411586589358800E-015 ) ) ;
#619 = EDGE_CURVE ( 'NONE', #8464, #4186, #6084, .T. ) ;
#620 = CARTESIAN_POINT ( 'NONE',  ( -35.80000000000000400, 7.299999999999999800, -13.54999999999999900 ) ) ;
#621 = CARTESIAN_POINT ( 'NONE',  ( 1.250000000000002900, 4.650000000000002100, 12.40000000000000400 ) ) ;
#622 = DIRECTION ( 'NONE',  ( 0.0000000000000000000, 1.000000000000000000, 0.0000000000000000000 ) ) ;
#623 = EDGE_CURVE ( 'NONE', #4089, #3808, #7006, .T. ) ;
#624 = CARTESIAN_POINT ( 'NONE',  ( 28.52499999999999500, 7.299999999999999800, -10.80000000000001000 ) ) ;
#625 = DIRECTION ( 'NONE',  ( -0.0000000000000000000, -1.000000000000000000, -0.0000000000000000000 ) ) ;
#626 = CARTESIAN_POINT ( 'NONE',  ( -34.40000000000000600, 5.700000000000000200, -6.249999999999998200 ) ) ;
#627 = LINE ( 'NONE', #1415, #3560 ) ;
#628 = LINE ( 'NONE', #3719, #5761 ) ;
#629 = ORIENTED_EDGE ( 'NONE', *, *, #6672, .F. ) ;
#630 = DIRECTION ( 'NONE',  ( 1.000000000000000000, 0.0000000000000000000, -0.0000000000000000000 ) ) ;
#631 = DIRECTION ( 'NONE',  ( 1.000000000000000000, -0.0000000000000000000, -0.0000000000000000000 ) ) ;
#632 = EDGE_CURVE ( 'NONE', #7970, #3971, #4827, .T. ) ;
#633 = ADVANCED_FACE ( 'NONE', ( #2491 ), #8654, .F. ) ;
#634 = LINE ( 'NONE', #3410, #5333 ) ;
#635 = LINE ( 'NONE', #8412, #7221 ) ;
#636 = VERTEX_POINT ( 'NONE', #6071 ) ;
#637 = CARTESIAN_POINT ( 'NONE',  ( 4.750000000000002700, 5.049999999999998000, 12.40000000000000400 ) ) ;
#638 = DIRECTION ( 'NONE',  ( 0.0000000000000000000, 0.0000000000000000000, -1.000000000000000000 ) ) ;
#639 = FACE_OUTER_BOUND ( 'NONE', #3534, .T. ) ;
#640 = DIRECTION ( 'NONE',  ( 0.0000000000000000000, 1.000000000000000000, 0.0000000000000000000 ) ) ;
#641 = DIRECTION ( 'NONE',  ( 0.0000000000000000000, 0.0000000000000000000, -1.000000000000000000 ) ) ;
#642 = VECTOR ( 'NONE', #5358, 1000.000000000000000 ) ;
#643 = ORIENTED_EDGE ( 'NONE', *, *, #3952, .T. ) ;
#644 = ORIENTED_EDGE ( 'NONE', *, *, #8486, .F. ) ;
#645 = CARTESIAN_POINT ( 'NONE',  ( -5.374999999999998200, 5.400000000000000400, 12.50000000000000200 ) ) ;
#646 = MECHANICAL_DESIGN_GEOMETRIC_PRESENTATION_REPRESENTATION (  '', ( #3616 ), #6144 ) ;
#647 = ORIENTED_EDGE ( 'NONE', *, *, #7901, .T. ) ;
#648 = VECTOR ( 'NONE', #2363, 1000.000000000000000 ) ;
#649 = VECTOR ( 'NONE', #4365, 1000.000000000000000 ) ;
#650 = CARTESIAN_POINT ( 'NONE',  ( 30.27499999999999500, 7.000000000000000000, -9.050000000000009600 ) ) ;
#651 = DIRECTION ( 'NONE',  ( 0.0000000000000000000, 0.0000000000000000000, -1.000000000000000000 ) ) ;
#652 = LINE ( 'NONE', #3368, #7474 ) ;
#653 = ADVANCED_FACE ( 'NONE', ( #938 ), #3458, .T. ) ;
#654 = CARTESIAN_POINT ( 'NONE',  ( 3.250000000000002700, 4.650000000000002100, 12.40000000000000400 ) ) ;
#655 = CARTESIAN_POINT ( 'NONE',  ( 4.750000000000002700, 4.750000000000000900, 12.20000000000000300 ) ) ;
#656 = AXIS2_PLACEMENT_3D ( 'NONE', #840, #5521, #4835 ) ;
#657 = DIRECTION ( 'NONE',  ( 0.0000000000000000000, 0.0000000000000000000, 1.000000000000000000 ) ) ;
#658 = ORIENTED_EDGE ( 'NONE', *, *, #7355, .F. ) ;
#659 = CARTESIAN_POINT ( 'NONE',  ( -35.80000000000001100, 0.8999999999999980200, -12.17242678916041500 ) ) ;
#660 = EDGE_CURVE ( 'NONE', #1233, #3414, #7214, .T. ) ;
#661 = DIRECTION ( 'NONE',  ( -1.387778780781446500E-015, -0.0000000000000000000, -1.000000000000000000 ) ) ;
#662 = ADVANCED_FACE ( 'NONE', ( #1455 ), #4813, .F. ) ;
#663 = CARTESIAN_POINT ( 'NONE',  ( 34.89999999999999900, 4.100000000000000500, 12.50000000000000200 ) ) ;
#664 = ORIENTED_EDGE ( 'NONE', *, *, #4995, .T. ) ;
#665 = CARTESIAN_POINT ( 'NONE',  ( -35.80000000000000400, 7.299999999999999800, 13.55000000000000200 ) ) ;
#666 = VERTEX_POINT ( 'NONE', #1482 ) ;
#667 = CARTESIAN_POINT ( 'NONE',  ( -4.749999999999997300, -4.699999999999999300, 12.50000000000000200 ) ) ;
#668 = DIRECTION ( 'NONE',  ( -1.000000000000000000, 0.0000000000000000000, 0.0000000000000000000 ) ) ;
#669 = EDGE_CURVE ( 'NONE', #7177, #7176, #6795, .T. ) ;
#670 = LINE ( 'NONE', #5326, #5810 ) ;
#671 = EDGE_LOOP ( 'NONE', ( #744, #5960, #989, #3208 ) ) ;
#672 = DIRECTION ( 'NONE',  ( 0.0000000000000000000, -0.0000000000000000000, 1.000000000000000000 ) ) ;
#673 = AXIS2_PLACEMENT_3D ( 'NONE', #7549, #6853, #3530 ) ;
#674 = DIRECTION ( 'NONE',  ( -1.000000000000000000, 0.0000000000000000000, 0.0000000000000000000 ) ) ;
#675 = VECTOR ( 'NONE', #5581, 1000.000000000000000 ) ;
#676 = ORIENTED_EDGE ( 'NONE', *, *, #5896, .F. ) ;
#677 = ORIENTED_EDGE ( 'NONE', *, *, #1182, .T. ) ;
#678 = EDGE_CURVE ( 'NONE', #2657, #1960, #2178, .T. ) ;
#679 = CARTESIAN_POINT ( 'NONE',  ( -28.97500000000000100, 7.000000000000000000, -9.050000000000002500 ) ) ;
#680 = DIRECTION ( 'NONE',  ( -0.0000000000000000000, 1.000000000000000000, 0.0000000000000000000 ) ) ;
#681 = DIRECTION ( 'NONE',  ( 0.0000000000000000000, 8.673617379884013400E-015, -1.000000000000000000 ) ) ;
#682 = ADVANCED_FACE ( 'NONE', ( #8589 ), #1546, .F. ) ;
#683 = LINE ( 'NONE', #5507, #6042 ) ;
#684 = EDGE_LOOP ( 'NONE', ( #2683, #1990, #6546, #6119 ) ) ;
#685 = ORIENTED_EDGE ( 'NONE', *, *, #4961, .F. ) ;
#686 = FACE_OUTER_BOUND ( 'NONE', #5114, .T. ) ;
#687 = VERTEX_POINT ( 'NONE', #900 ) ;
#688 = ORIENTED_EDGE ( 'NONE', *, *, #4332, .T. ) ;
#689 = VERTEX_POINT ( 'NONE', #329 ) ;
#690 = DIRECTION ( 'NONE',  ( 1.000000000000000000, 0.0000000000000000000, -0.0000000000000000000 ) ) ;
#691 = PLANE ( 'NONE',  #1446 ) ;
#692 = VECTOR ( 'NONE', #4741, 1000.000000000000000 ) ;
#693 = FACE_OUTER_BOUND ( 'NONE', #1026, .T. ) ;
#694 = LINE ( 'NONE', #8379, #5205 ) ;
#695 = ORIENTED_EDGE ( 'NONE', *, *, #4867, .T. ) ;
#696 = EDGE_LOOP ( 'NONE', ( #1687, #5735, #2054, #8039 ) ) ;
#697 = VERTEX_POINT ( 'NONE', #5562 ) ;
#698 = ORIENTED_EDGE ( 'NONE', *, *, #1389, .T. ) ;
#699 = DIRECTION ( 'NONE',  ( 1.000000000000000000, -0.0000000000000000000, -0.0000000000000000000 ) ) ;
#700 = DIRECTION ( 'NONE',  ( 1.000000000000000000, -0.0000000000000000000, -0.0000000000000000000 ) ) ;
#701 = EDGE_CURVE ( 'NONE', #7196, #7177, #540, .T. ) ;
#702 = CARTESIAN_POINT ( 'NONE',  ( -34.75000000000000000, 0.0000000000000000000, 16.55000000000000400 ) ) ;
#703 = VECTOR ( 'NONE', #5412, 1000.000000000000000 ) ;
#704 = VECTOR ( 'NONE', #3069, 1000.000000000000000 ) ;
#705 = ORIENTED_EDGE ( 'NONE', *, *, #415, .T. ) ;
#706 = ORIENTED_EDGE ( 'NONE', *, *, #3663, .T. ) ;
#707 = ADVANCED_FACE ( 'NONE', ( #5328 ), #7679, .T. ) ;
#708 = UNCERTAINTY_MEASURE_WITH_UNIT (LENGTH_MEASURE( 1.000000000000000100E-005 ), #7532, 'distance_accuracy_value', 'NONE');
#709 = AXIS2_PLACEMENT_3D ( 'NONE', #2322, #8471, #1749 ) ;
#710 = EDGE_CURVE ( 'NONE', #151, #6756, #4403, .T. ) ;
#711 = VECTOR ( 'NONE', #8657, 1000.000000000000000 ) ;
#712 = FACE_OUTER_BOUND ( 'NONE', #7172, .T. ) ;
#713 = DIRECTION ( 'NONE',  ( 1.000000000000000000, 0.0000000000000000000, 0.0000000000000000000 ) ) ;
#714 = CARTESIAN_POINT ( 'NONE',  ( 7.250000000000002700, 4.650000000000002100, 12.40000000000000400 ) ) ;
#715 = CARTESIAN_POINT ( 'NONE',  ( -38.25000000000000700, 0.8999999999999980200, 1.750000000000000700 ) ) ;
#716 = ADVANCED_FACE ( 'NONE', ( #2387 ), #4604, .F. ) ;
#717 = DIRECTION ( 'NONE',  ( 0.0000000000000000000, -1.000000000000000000, -8.673617379884013400E-015 ) ) ;
#718 = AXIS2_PLACEMENT_3D ( 'NONE', #4464, #7204, #469 ) ;
#719 = CARTESIAN_POINT ( 'NONE',  ( -3.374999999999997800, 5.400000000000000400, 11.25000000000000400 ) ) ;
#720 = DIRECTION ( 'NONE',  ( 0.0000000000000000000, -0.0000000000000000000, -1.000000000000000000 ) ) ;
#721 = LINE ( 'NONE', #6671, #4207 ) ;
#722 = FACE_OUTER_BOUND ( 'NONE', #7780, .T. ) ;
#723 = EDGE_CURVE ( 'NONE', #4275, #1782, #832, .T. ) ;
#724 = ORIENTED_EDGE ( 'NONE', *, *, #5173, .T. ) ;
#725 = CARTESIAN_POINT ( 'NONE',  ( 5.375000000000002700, 5.700000000000000200, 12.20000000000000300 ) ) ;
#726 = ORIENTED_EDGE ( 'NONE', *, *, #5219, .T. ) ;
#727 = CARTESIAN_POINT ( 'NONE',  ( -38.25000000000000700, -4.199999999999999300, -6.750000000000000000 ) ) ;
#728 = ORIENTED_EDGE ( 'NONE', *, *, #4614, .F. ) ;
#729 = CARTESIAN_POINT ( 'NONE',  ( 28.52499999999999500, 7.000000000000000000, -10.80000000000001000 ) ) ;
#730 = CARTESIAN_POINT ( 'NONE',  ( -34.90000000000000600, 4.100000000000000500, 7.499999999999996400 ) ) ;
#731 = VECTOR ( 'NONE', #7312, 1000.000000000000000 ) ;
#732 = VECTOR ( 'NONE', #3108, 1000.000000000000000 ) ;
#733 = EDGE_CURVE ( 'NONE', #4071, #6634, #627, .T. ) ;
#734 = CARTESIAN_POINT ( 'NONE',  ( -35.80000000000000400, 4.100000000000000500, -12.50000000000000400 ) ) ;
#735 = EDGE_CURVE ( 'NONE', #8162, #2285, #2817, .T. ) ;
#736 = DIRECTION ( 'NONE',  ( 1.000000000000000000, -0.0000000000000000000, -0.0000000000000000000 ) ) ;
#737 = LINE ( 'NONE', #7467, #4121 ) ;
#738 = AXIS2_PLACEMENT_3D ( 'NONE', #3641, #4992, #3774 ) ;
#739 = VECTOR ( 'NONE', #7322, 1000.000000000000000 ) ;
#740 = DIRECTION ( 'NONE',  ( 1.000000000000000000, 0.0000000000000000000, 0.0000000000000000000 ) ) ;
#741 = EDGE_LOOP ( 'NONE', ( #1395, #4302, #8465, #6066 ) ) ;
#742 = CARTESIAN_POINT ( 'NONE',  ( 28.52499999999999500, 7.000000000000000000, 4.299999999999989200 ) ) ;
#743 = CARTESIAN_POINT ( 'NONE',  ( -1.249999999999997600, 4.750000000000000900, 12.40000000000000400 ) ) ;
#744 = ORIENTED_EDGE ( 'NONE', *, *, #2506, .T. ) ;
#745 = SURFACE_STYLE_USAGE ( .BOTH. , #4763 ) ;
#746 = AXIS2_PLACEMENT_3D ( 'NONE', #6032, #7275, #720 ) ;
#747 = FACE_OUTER_BOUND ( 'NONE', #7021, .T. ) ;
#748 = ADVANCED_FACE ( 'NONE', ( #2594 ), #2197, .T. ) ;
#749 = VERTEX_POINT ( 'NONE', #7550 ) ;
#750 = DIRECTION ( 'NONE',  ( 0.0000000000000000000, 0.0000000000000000000, 1.000000000000000000 ) ) ;
#751 = CARTESIAN_POINT ( 'NONE',  ( -0.7499999999999972200, -4.699999999999997500, 12.80000000000000200 ) ) ;
#752 = PRODUCT_DEFINITION_CONTEXT ( 'detailed design', #3718, 'design' ) ;
#753 = AXIS2_PLACEMENT_3D ( 'NONE', #976, #6831, #3628 ) ;
#754 = DIRECTION ( 'NONE',  ( 0.0000000000000000000, 0.0000000000000000000, 1.000000000000000000 ) ) ;
#755 = DIRECTION ( 'NONE',  ( -0.0000000000000000000, 1.000000000000000000, -0.0000000000000000000 ) ) ;
#756 = CARTESIAN_POINT ( 'NONE',  ( 0.7500000000000024400, 4.650000000000002100, 12.50000000000000200 ) ) ;
#757 =( NAMED_UNIT ( * ) SI_UNIT ( $, .STERADIAN. ) SOLID_ANGLE_UNIT ( ) );
#758 = EDGE_CURVE ( 'NONE', #7305, #3921, #2706, .T. ) ;
#759 = EDGE_LOOP ( 'NONE', ( #7207, #3324, #4534, #4903 ) ) ;
#760 = DIRECTION ( 'NONE',  ( -0.0000000000000000000, -0.0000000000000000000, 1.000000000000000000 ) ) ;
#761 = ADVANCED_FACE ( 'NONE', ( #7953 ), #3789, .F. ) ;
#762 = CARTESIAN_POINT ( 'NONE',  ( -34.40000000000000600, 5.700000000000000200, -6.249999999999998200 ) ) ;
#763 = VECTOR ( 'NONE', #1677, 1000.000000000000000 ) ;
#764 = VERTEX_POINT ( 'NONE', #7168 ) ;
#765 = ORIENTED_EDGE ( 'NONE', *, *, #191, .F. ) ;
#766 = CARTESIAN_POINT ( 'NONE',  ( -1.249999999999997600, 4.750000000000000900, 12.40000000000000400 ) ) ;
#767 = CARTESIAN_POINT ( 'NONE',  ( 0.6250000000000023300, 4.100000000000000500, 11.25000000000000400 ) ) ;
#768 = FACE_OUTER_BOUND ( 'NONE', #4999, .T. ) ;
#769 = ADVANCED_FACE ( 'NONE', ( #8175 ), #3257, .F. ) ;
#770 = CARTESIAN_POINT ( 'NONE',  ( 4.750000000000002700, 4.750000000000000900, 12.40000000000000400 ) ) ;
#771 = EDGE_CURVE ( 'NONE', #6453, #5116, #1972, .T. ) ;
#772 = LINE ( 'NONE', #3976, #8013 ) ;
#773 = EDGE_LOOP ( 'NONE', ( #6798, #5725, #8466, #7330 ) ) ;
#774 = ORIENTED_EDGE ( 'NONE', *, *, #8468, .F. ) ;
#775 = DIRECTION ( 'NONE',  ( 0.0000000000000000000, 0.0000000000000000000, 1.000000000000000000 ) ) ;
#776 = CARTESIAN_POINT ( 'NONE',  ( 28.52499999999999500, 7.299999999999999800, 2.549999999999989600 ) ) ;
#777 = CARTESIAN_POINT ( 'NONE',  ( 2.750000000000002700, 4.750000000000000900, 12.40000000000000400 ) ) ;
#778 = VECTOR ( 'NONE', #8311, 1000.000000000000000 ) ;
#779 = DIRECTION ( 'NONE',  ( 1.387778780781446500E-015, 0.0000000000000000000, 1.000000000000000000 ) ) ;
#780 = VECTOR ( 'NONE', #4326, 1000.000000000000000 ) ;
#781 = ORIENTED_EDGE ( 'NONE', *, *, #5893, .T. ) ;
#782 = VERTEX_POINT ( 'NONE', #5882 ) ;
#783 = FACE_OUTER_BOUND ( 'NONE', #2063, .T. ) ;
#784 = PLANE ( 'NONE',  #4323 ) ;
#785 = DIRECTION ( 'NONE',  ( 0.0000000000000000000, 1.000000000000000000, -0.0000000000000000000 ) ) ;
#786 = EDGE_CURVE ( 'NONE', #151, #8575, #721, .T. ) ;
#787 = CIRCLE ( 'NONE', #55, 1.249999999999997600 ) ;
#788 = CARTESIAN_POINT ( 'NONE',  ( 1.375000000000001300, 5.700000000000000200, 11.25000000000000400 ) ) ;
#789 = AXIS2_PLACEMENT_3D ( 'NONE', #869, #5588, #2945 ) ;
#790 = DIRECTION ( 'NONE',  ( -0.0000000000000000000, 1.000000000000000000, -3.710638451287287400E-016 ) ) ;
#791 = VECTOR ( 'NONE', #2160, 1000.000000000000000 ) ;
#792 = ORIENTED_EDGE ( 'NONE', *, *, #3182, .F. ) ;
#793 = ORIENTED_EDGE ( 'NONE', *, *, #4134, .T. ) ;
#794 = ORIENTED_EDGE ( 'NONE', *, *, #7222, .T. ) ;
#795 = ORIENTED_EDGE ( 'NONE', *, *, #7478, .T. ) ;
#796 = CARTESIAN_POINT ( 'NONE',  ( -38.25000000000000700, 0.8999999999999980200, 0.2500000000000012200 ) ) ;
#797 = VECTOR ( 'NONE', #5880, 1000.000000000000000 ) ;
#798 = EDGE_CURVE ( 'NONE', #2765, #510, #7859, .T. ) ;
#799 = EDGE_LOOP ( 'NONE', ( #7876, #6226, #2472, #1010 ) ) ;
#800 = CARTESIAN_POINT ( 'NONE',  ( -0.6249999999999935600, 5.700000000000000200, 12.50000000000000200 ) ) ;
#801 = CARTESIAN_POINT ( 'NONE',  ( 3.250000000000002700, 4.750000000000000900, 12.20000000000000300 ) ) ;
#802 = ORIENTED_EDGE ( 'NONE', *, *, #6538, .F. ) ;
#803 = FACE_OUTER_BOUND ( 'NONE', #4703, .T. ) ;
#804 = ORIENTED_EDGE ( 'NONE', *, *, #3248, .T. ) ;
#805 = ORIENTED_EDGE ( 'NONE', *, *, #7539, .T. ) ;
#806 = ORIENTED_EDGE ( 'NONE', *, *, #343, .T. ) ;
#807 = EDGE_LOOP ( 'NONE', ( #7564, #293, #4106, #6882, #629, #1426, #2566, #8512 ) ) ;
#808 = CARTESIAN_POINT ( 'NONE',  ( 0.7500000000000024400, 4.650000000000002100, 12.40000000000000400 ) ) ;
#809 = CARTESIAN_POINT ( 'NONE',  ( -34.75000000000000700, 2.500000000000000000, -16.54999999999999700 ) ) ;
#810 = DIRECTION ( 'NONE',  ( -0.0000000000000000000, -1.000000000000000000, -0.0000000000000000000 ) ) ;
#811 = ADVANCED_FACE ( 'NONE', ( #5650 ), #321, .T. ) ;
#812 = AXIS2_PLACEMENT_3D ( 'NONE', #2619, #6745, #4095 ) ;
#813 = EDGE_CURVE ( 'NONE', #764, #3060, #2078, .T. ) ;
#814 = CIRCLE ( 'NONE', #8186, 1.250000000000004700 ) ;
#815 = LINE ( 'NONE', #3964, #4587 ) ;
#816 = ORIENTED_EDGE ( 'NONE', *, *, #678, .T. ) ;
#817 = VERTEX_POINT ( 'NONE', #5476 ) ;
#818 = VECTOR ( 'NONE', #4119, 1000.000000000000000 ) ;
#819 = CARTESIAN_POINT ( 'NONE',  ( -3.249999999999997800, 5.049999999999998000, 12.40000000000000400 ) ) ;
#820 = ORIENTED_EDGE ( 'NONE', *, *, #3681, .F. ) ;
#821 = ORIENTED_EDGE ( 'NONE', *, *, #7643, .F. ) ;
#822 = CARTESIAN_POINT ( 'NONE',  ( -34.90000000000000600, 5.700000000000000200, -12.50000000000000400 ) ) ;
#823 = DIRECTION ( 'NONE',  ( 0.0000000000000000000, 0.0000000000000000000, -1.000000000000000000 ) ) ;
#824 = CARTESIAN_POINT ( 'NONE',  ( -39.90000000000000600, 0.8999999999999980200, 4.180148828669031100 ) ) ;
#825 = DIRECTION ( 'NONE',  ( 0.0000000000000000000, 0.7071067811865597900, 0.7071067811865352500 ) ) ;
#826 = DIRECTION ( 'NONE',  ( 1.000000000000000000, 0.0000000000000000000, -0.0000000000000000000 ) ) ;
#827 = VECTOR ( 'NONE', #3258, 1000.000000000000000 ) ;
#828 = EDGE_LOOP ( 'NONE', ( #205, #4566, #2042, #8215 ) ) ;
#829 = ORIENTED_EDGE ( 'NONE', *, *, #1784, .F. ) ;
#830 = ADVANCED_FACE ( 'NONE', ( #6895 ), #80, .T. ) ;
#831 = DIRECTION ( 'NONE',  ( 0.0000000000000000000, -0.0000000000000000000, 1.000000000000000000 ) ) ;
#832 = LINE ( 'NONE', #743, #3032 ) ;
#833 = FACE_OUTER_BOUND ( 'NONE', #2660, .T. ) ;
#834 = EDGE_CURVE ( 'NONE', #6248, #3349, #1449, .T. ) ;
#835 = EDGE_LOOP ( 'NONE', ( #5723, #7393, #480, #3434 ) ) ;
#836 = ADVANCED_FACE ( 'NONE', ( #3895 ), #3021, .F. ) ;
#837 = DIRECTION ( 'NONE',  ( 1.000000000000000000, -0.0000000000000000000, -0.0000000000000000000 ) ) ;
#838 = CARTESIAN_POINT ( 'NONE',  ( -30.72500000000000500, 7.000000000000000000, 2.549999999999996700 ) ) ;
#839 = DIRECTION ( 'NONE',  ( -0.0000000000000000000, -1.000000000000000000, -0.0000000000000000000 ) ) ;
#840 = CARTESIAN_POINT ( 'NONE',  ( -6.749999999999997300, 4.650000000000002100, 12.40000000000000400 ) ) ;
#841 = VECTOR ( 'NONE', #6927, 1000.000000000000000 ) ;
#842 = CARTESIAN_POINT ( 'NONE',  ( -2.624999999999998700, 5.700000000000000200, 11.25000000000000400 ) ) ;
#843 = VECTOR ( 'NONE', #2984, 1000.000000000000000 ) ;
#844 = VERTEX_POINT ( 'NONE', #1554 ) ;
#845 = DIRECTION ( 'NONE',  ( 1.000000000000000000, -0.0000000000000000000, -0.0000000000000000000 ) ) ;
#846 = EDGE_CURVE ( 'NONE', #7948, #4912, #2274, .T. ) ;
#847 = CARTESIAN_POINT ( 'NONE',  ( 2.625000000000002200, 5.400000000000000400, 11.25000000000000400 ) ) ;
#848 = SURFACE_SIDE_STYLE ('',( #4589 ) ) ;
#849 = VECTOR ( 'NONE', #1429, 1000.000000000000000 ) ;
#850 = CARTESIAN_POINT ( 'NONE',  ( -34.90000000000000600, 4.350000000000000500, 0.2500000000000002200 ) ) ;
#851 = LINE ( 'NONE', #4096, #3251 ) ;
#852 = DIRECTION ( 'NONE',  ( 1.000000000000000000, 0.0000000000000000000, -1.387778780781446300E-015 ) ) ;
#853 = ORIENTED_EDGE ( 'NONE', *, *, #8126, .F. ) ;
#854 = EDGE_CURVE ( 'NONE', #6487, #3643, #4595, .T. ) ;
#855 = AXIS2_PLACEMENT_3D ( 'NONE', #3016, #5652, #5049 ) ;
#856 = ADVANCED_FACE ( 'NONE', ( #8579 ), #8245, .T. ) ;
#857 = CARTESIAN_POINT ( 'NONE',  ( 34.89999999999999900, 4.100000000000000500, 12.50000000000000200 ) ) ;
#858 = VECTOR ( 'NONE', #7853, 1000.000000000000000 ) ;
#859 = PLANE ( 'NONE',  #8526 ) ;
#860 = EDGE_CURVE ( 'NONE', #687, #5623, #8277, .T. ) ;
#861 = ORIENTED_EDGE ( 'NONE', *, *, #1712, .T. ) ;
#862 = DIRECTION ( 'NONE',  ( -0.0000000000000000000, -1.000000000000000000, -0.0000000000000000000 ) ) ;
#863 = LINE ( 'NONE', #6566, #6694 ) ;
#864 = ORIENTED_EDGE ( 'NONE', *, *, #6322, .F. ) ;
#865 = VECTOR ( 'NONE', #6854, 1000.000000000000000 ) ;
#866 = DIRECTION ( 'NONE',  ( 0.0000000000000000000, -0.0000000000000000000, 1.000000000000000000 ) ) ;
#867 = DIRECTION ( 'NONE',  ( 0.5773502691896232900, -0.5773502691896169600, 0.5773502691896370600 ) ) ;
#868 = PLANE ( 'NONE',  #6095 ) ;
#869 = CARTESIAN_POINT ( 'NONE',  ( 12.00000000000000000, 4.100000000000000500, 0.0000000000000000000 ) ) ;
#870 = LINE ( 'NONE', #3574, #4966 ) ;
#871 = DIRECTION ( 'NONE',  ( -0.0000000000000000000, 5.782411586589358800E-015, 1.000000000000000000 ) ) ;
#872 = AXIS2_PLACEMENT_3D ( 'NONE', #5286, #7437, #7468 ) ;
#873 = DIRECTION ( 'NONE',  ( 0.0000000000000000000, 0.0000000000000000000, -1.000000000000000000 ) ) ;
#874 = EDGE_CURVE ( 'NONE', #4786, #536, #3447, .T. ) ;
#875 = DIRECTION ( 'NONE',  ( -0.0000000000000000000, -1.000000000000000000, -0.0000000000000000000 ) ) ;
#876 = PLANE ( 'NONE',  #8058 ) ;
#877 = FACE_OUTER_BOUND ( 'NONE', #2997, .T. ) ;
#878 = CARTESIAN_POINT ( 'NONE',  ( 15.00000000000000000, 7.300000000000005200, 12.50000000000000200 ) ) ;
#879 = AXIS2_PLACEMENT_3D ( 'NONE', #729, #2733, #5445 ) ;
#880 = ORIENTED_EDGE ( 'NONE', *, *, #8578, .F. ) ;
#881 = ORIENTED_EDGE ( 'NONE', *, *, #2468, .F. ) ;
#882 = EDGE_CURVE ( 'NONE', #7696, #4016, #5132, .T. ) ;
#883 = CARTESIAN_POINT ( 'NONE',  ( 32.50000000000000000, 2.500000000000000000, -16.54999999999999700 ) ) ;
#884 = VECTOR ( 'NONE', #1894, 1000.000000000000000 ) ;
#885 = LINE ( 'NONE', #7675, #4266 ) ;
#886 = VERTEX_POINT ( 'NONE', #460 ) ;
#887 = ORIENTED_EDGE ( 'NONE', *, *, #985, .F. ) ;
#888 = DIRECTION ( 'NONE',  ( 1.000000000000000000, -0.0000000000000000000, -0.0000000000000000000 ) ) ;
#889 = AXIS2_PLACEMENT_3D ( 'NONE', #3963, #2340, #8490 ) ;
#890 = DIRECTION ( 'NONE',  ( -0.0000000000000000000, 0.0000000000000000000, -1.000000000000000000 ) ) ;
#891 = EDGE_CURVE ( 'NONE', #4559, #3743, #1029, .T. ) ;
#892 = ADVANCED_FACE ( 'NONE', ( #4817 ), #4925, .T. ) ;
#893 = CARTESIAN_POINT ( 'NONE',  ( 0.0000000000000000000, 0.0000000000000000000, 12.50000000000000200 ) ) ;
#894 = LINE ( 'NONE', #5887, #1615 ) ;
#895 = VECTOR ( 'NONE', #572, 1000.000000000000000 ) ;
#896 = ORIENTED_EDGE ( 'NONE', *, *, #5263, .T. ) ;
#897 = VERTEX_POINT ( 'NONE', #5659 ) ;
#898 = CARTESIAN_POINT ( 'NONE',  ( -28.97500000000000100, 7.000000000000000000, 4.299999999999996300 ) ) ;
#899 = DIRECTION ( 'NONE',  ( 1.000000000000000000, -0.0000000000000000000, -0.0000000000000000000 ) ) ;
#900 = CARTESIAN_POINT ( 'NONE',  ( -1.249999999999997600, 5.049999999999999800, 12.20000000000000300 ) ) ;
#901 = EDGE_CURVE ( 'NONE', #4343, #4916, #6787, .T. ) ;
#902 = FACE_OUTER_BOUND ( 'NONE', #7676, .T. ) ;
#903 = CARTESIAN_POINT ( 'NONE',  ( 1.374999999999985600, 5.700000000000000200, 9.194034422677102800E-015 ) ) ;
#904 = VERTEX_POINT ( 'NONE', #3734 ) ;
#905 = ORIENTED_EDGE ( 'NONE', *, *, #132, .F. ) ;
#906 = ORIENTED_EDGE ( 'NONE', *, *, #6006, .T. ) ;
#907 = ORIENTED_EDGE ( 'NONE', *, *, #2096, .T. ) ;
#908 = DIRECTION ( 'NONE',  ( -1.000000000000000000, 0.0000000000000000000, 0.0000000000000000000 ) ) ;
#909 = EDGE_CURVE ( 'NONE', #5012, #1388, #4496, .T. ) ;
#910 = AXIS2_PLACEMENT_3D ( 'NONE', #2804, #6901, #6181 ) ;
#911 = LINE ( 'NONE', #2700, #1957 ) ;
#912 = LINE ( 'NONE', #7581, #2895 ) ;
#913 = ORIENTED_EDGE ( 'NONE', *, *, #6220, .F. ) ;
#914 = VECTOR ( 'NONE', #3710, 1000.000000000000000 ) ;
#915 = ORIENTED_EDGE ( 'NONE', *, *, #6227, .F. ) ;
#916 = VERTEX_POINT ( 'NONE', #963 ) ;
#917 = ORIENTED_EDGE ( 'NONE', *, *, #5819, .T. ) ;
#918 = ADVANCED_FACE ( 'NONE', ( #2587 ), #1632, .F. ) ;
#919 = CARTESIAN_POINT ( 'NONE',  ( 5.250000000000002700, 5.049999999999998000, 12.40000000000000400 ) ) ;
#920 = LINE ( 'NONE', #1199, #3991 ) ;
#921 = LINE ( 'NONE', #3984, #6064 ) ;
#922 = ORIENTED_EDGE ( 'NONE', *, *, #2592, .F. ) ;
#923 = ORIENTED_EDGE ( 'NONE', *, *, #4938, .F. ) ;
#924 = ORIENTED_EDGE ( 'NONE', *, *, #2922, .F. ) ;
#925 = DIRECTION ( 'NONE',  ( -1.000000000000000000, 0.0000000000000000000, 0.0000000000000000000 ) ) ;
#926 = AXIS2_PLACEMENT_3D ( 'NONE', #3485, #6178, #4149 ) ;
#927 = CARTESIAN_POINT ( 'NONE',  ( 34.89999999999999900, -74.14202586927336800, -12.50000000000000400 ) ) ;
#928 = EDGE_CURVE ( 'NONE', #7516, #7288, #8375, .T. ) ;
#929 = DIRECTION ( 'NONE',  ( 1.000000000000000000, -0.0000000000000000000, -0.0000000000000000000 ) ) ;
#930 = DIRECTION ( 'NONE',  ( -0.0000000000000000000, 1.000000000000000000, -0.0000000000000000000 ) ) ;
#931 = VECTOR ( 'NONE', #2843, 1000.000000000000000 ) ;
#932 = VECTOR ( 'NONE', #2333, 1000.000000000000000 ) ;
#933 = ORIENTED_EDGE ( 'NONE', *, *, #173, .T. ) ;
#934 = CARTESIAN_POINT ( 'NONE',  ( -39.90000000000000600, 0.8999999999999980200, 0.0000000000000000000 ) ) ;
#935 = AXIS2_PLACEMENT_3D ( 'NONE', #3148, #3252, #4011 ) ;
#936 = DIRECTION ( 'NONE',  ( -1.000000000000000000, 0.0000000000000000000, 0.0000000000000000000 ) ) ;
#937 = DIRECTION ( 'NONE',  ( 1.387778780781446900E-015, 0.0000000000000000000, 1.000000000000000000 ) ) ;
#938 = FACE_OUTER_BOUND ( 'NONE', #5646, .T. ) ;
#939 = VECTOR ( 'NONE', #5640, 1000.000000000000000 ) ;
#940 = DIRECTION ( 'NONE',  ( 0.0000000000000000000, 0.0000000000000000000, 1.000000000000000000 ) ) ;
#941 = ORIENTED_EDGE ( 'NONE', *, *, #1499, .T. ) ;
#942 = EDGE_CURVE ( 'NONE', #4391, #3494, #5027, .T. ) ;
#943 = CYLINDRICAL_SURFACE ( 'NONE', #6190, 1.750000000000000700 ) ;
#944 = LINE ( 'NONE', #5686, #8392 ) ;
#945 = EDGE_CURVE ( 'NONE', #5479, #3545, #4706, .T. ) ;
#946 = EDGE_CURVE ( 'NONE', #6861, #3010, #4394, .T. ) ;
#947 = ORIENTED_EDGE ( 'NONE', *, *, #2180, .F. ) ;
#948 = CARTESIAN_POINT ( 'NONE',  ( 3.375000000000003100, 5.400000000000000400, 12.50000000000000200 ) ) ;
#949 = SURFACE_STYLE_FILL_AREA ( #8174 ) ;
#950 = VECTOR ( 'NONE', #2960, 1000.000000000000000 ) ;
#951 = ORIENTED_EDGE ( 'NONE', *, *, #2300, .T. ) ;
#952 = CARTESIAN_POINT ( 'NONE',  ( 1.250000000000002900, -4.699999999999997500, 12.80000000000000200 ) ) ;
#953 =( NAMED_UNIT ( * ) PLANE_ANGLE_UNIT ( ) SI_UNIT ( $, .RADIAN. ) );
#954 = VERTEX_POINT ( 'NONE', #2476 ) ;
#955 = EDGE_CURVE ( 'NONE', #1578, #2260, #1761, .T. ) ;
#956 = DIRECTION ( 'NONE',  ( 0.0000000000000000000, 1.000000000000000000, 0.0000000000000000000 ) ) ;
#957 = ADVANCED_FACE ( 'NONE', ( #1247 ), #3838, .T. ) ;
#958 = CIRCLE ( 'NONE', #1729, 1.249999999999997600 ) ;
#959 = DIRECTION ( 'NONE',  ( -1.000000000000000000, 0.0000000000000000000, 1.387778780781446900E-015 ) ) ;
#960 = ORIENTED_EDGE ( 'NONE', *, *, #3027, .T. ) ;
#961 = CARTESIAN_POINT ( 'NONE',  ( 32.50000000000000000, 0.0000000000000000000, -15.30000000000000100 ) ) ;
#962 = EDGE_CURVE ( 'NONE', #7288, #7829, #5224, .T. ) ;
#963 = CARTESIAN_POINT ( 'NONE',  ( 15.00000000000000000, 5.510910596163088800E-015, 12.50000000000000200 ) ) ;
#964 = FACE_OUTER_BOUND ( 'NONE', #6762, .T. ) ;
#965 = VERTEX_POINT ( 'NONE', #6999 ) ;
#966 = AXIS2_PLACEMENT_3D ( 'NONE', #5200, #4593, #6522 ) ;
#967 = LINE ( 'NONE', #2855, #6506 ) ;
#968 = UNCERTAINTY_MEASURE_WITH_UNIT (LENGTH_MEASURE( 1.000000000000000100E-005 ), #6810, 'distance_accuracy_value', 'NONE');
#969 = ORIENTED_EDGE ( 'NONE', *, *, #2214, .T. ) ;
#970 = CARTESIAN_POINT ( 'NONE',  ( -34.80000000000000400, 4.499999999999999100, -6.249999999999997300 ) ) ;
#971 = DIRECTION ( 'NONE',  ( 1.000000000000000000, -0.0000000000000000000, 0.0000000000000000000 ) ) ;
#972 = DIRECTION ( 'NONE',  ( -0.0000000000000000000, 0.0000000000000000000, -1.000000000000000000 ) ) ;
#973 = DIRECTION ( 'NONE',  ( -0.0000000000000000000, -1.000000000000000000, -0.0000000000000000000 ) ) ;
#974 = VECTOR ( 'NONE', #3795, 1000.000000000000000 ) ;
#975 = FILL_AREA_STYLE ('',( #3669 ) ) ;
#976 = CARTESIAN_POINT ( 'NONE',  ( 4.750000000000002700, 5.049999999999998000, 12.40000000000000400 ) ) ;
#977 = CIRCLE ( 'NONE', #3751, 1.250000000000004700 ) ;
#978 = VERTEX_POINT ( 'NONE', #1873 ) ;
#979 = CLOSED_SHELL ( 'NONE', ( #2073, #6094, #3374, #8341, #8099, #3584, #3700, #1305, #3256, #1500, #2755, #3557, #103, #1252, #5271, #1650, #3428, #5748, #1289, #4321, #6170, #5119, #8615 ) ) ;
#980 = CARTESIAN_POINT ( 'NONE',  ( 6.625000000000002700, 5.400000000000000400, 11.25000000000000400 ) ) ;
#981 = DIRECTION ( 'NONE',  ( 4.752667057470704400E-016, -1.000000000000000000, 0.0000000000000000000 ) ) ;
#982 = PLANE ( 'NONE',  #6806 ) ;
#983 = AXIS2_PLACEMENT_3D ( 'NONE', #8093, #4826, #161 ) ;
#984 = VECTOR ( 'NONE', #3271, 1000.000000000000000 ) ;
#985 = EDGE_CURVE ( 'NONE', #954, #1223, #6367, .T. ) ;
#986 = DIRECTION ( 'NONE',  ( 1.000000000000000000, 0.0000000000000000000, 0.0000000000000000000 ) ) ;
#987 = EDGE_CURVE ( 'NONE', #2926, #3778, #3, .T. ) ;
#988 = FACE_OUTER_BOUND ( 'NONE', #3417, .T. ) ;
#989 = ORIENTED_EDGE ( 'NONE', *, *, #678, .F. ) ;
#990 = LINE ( 'NONE', #3056, #1927 ) ;
#991 = CARTESIAN_POINT ( 'NONE',  ( -7.249999999999997300, -4.699999999999997500, 12.80000000000000200 ) ) ;
#992 = VECTOR ( 'NONE', #1661, 1000.000000000000000 ) ;
#993 = CARTESIAN_POINT ( 'NONE',  ( -5.249999999999997300, -4.699999999999999300, 12.50000000000000200 ) ) ;
#994 = VECTOR ( 'NONE', #8513, 1000.000000000000000 ) ;
#995 = ORIENTED_EDGE ( 'NONE', *, *, #1134, .F. ) ;
#996 = ORIENTED_EDGE ( 'NONE', *, *, #7355, .T. ) ;
#997 = ORIENTED_EDGE ( 'NONE', *, *, #1189, .T. ) ;
#998 = DIRECTION ( 'NONE',  ( 1.000000000000000000, 0.0000000000000000000, 0.0000000000000000000 ) ) ;
#999 = EDGE_CURVE ( 'NONE', #3060, #6915, #3339, .T. ) ;
#1000 = DIRECTION ( 'NONE',  ( 3.750753461571472500E-016, -0.0000000000000000000, -1.000000000000000000 ) ) ;
#1001 = EDGE_CURVE ( 'NONE', #291, #3631, #7946, .T. ) ;
#1002 = EDGE_LOOP ( 'NONE', ( #158, #781, #6646, #3949 ) ) ;
#1003 = LINE ( 'NONE', #5784, #1842 ) ;
#1004 = ORIENTED_EDGE ( 'NONE', *, *, #660, .T. ) ;
#1005 = ORIENTED_EDGE ( 'NONE', *, *, #5365, .F. ) ;
#1006 = AXIS2_PLACEMENT_3D ( 'NONE', #3044, #4423, #3682 ) ;
#1007 = LINE ( 'NONE', #4360, #2358 ) ;
#1008 = VERTEX_POINT ( 'NONE', #6457 ) ;
#1009 = ORIENTED_EDGE ( 'NONE', *, *, #4412, .T. ) ;
#1010 = ORIENTED_EDGE ( 'NONE', *, *, #1559, .F. ) ;
#1011 = ORIENTED_EDGE ( 'NONE', *, *, #4527, .F. ) ;
#1012 = CARTESIAN_POINT ( 'NONE',  ( -5.249999999999997300, 5.049999999999998000, 12.40000000000000400 ) ) ;
#1013 = EDGE_CURVE ( 'NONE', #5414, #1605, #6674, .T. ) ;
#1014 = SURFACE_SIDE_STYLE ('',( #6284 ) ) ;
#1015 = PLANE ( 'NONE',  #483 ) ;
#1016 = CARTESIAN_POINT ( 'NONE',  ( 0.0000000000000000000, 0.9000000000000000200, 12.50000000000000200 ) ) ;
#1017 = ORIENTED_EDGE ( 'NONE', *, *, #6773, .T. ) ;
#1018 = DIRECTION ( 'NONE',  ( 2.096342569156265000E-016, 0.0000000000000000000, 1.000000000000000000 ) ) ;
#1019 = VECTOR ( 'NONE', #1789, 1000.000000000000000 ) ;
#1020 = CARTESIAN_POINT ( 'NONE',  ( -34.90000000000000600, 7.299999999999999800, -12.50000000000000400 ) ) ;
#1021 = VECTOR ( 'NONE', #4024, 1000.000000000000000 ) ;
#1022 = EDGE_CURVE ( 'NONE', #4482, #3494, #7430, .T. ) ;
#1023 = EDGE_LOOP ( 'NONE', ( #2026, #5022, #2845, #2351 ) ) ;
#1024 = VECTOR ( 'NONE', #5379, 1000.000000000000000 ) ;
#1025 = ORIENTED_EDGE ( 'NONE', *, *, #2576, .F. ) ;
#1026 = EDGE_LOOP ( 'NONE', ( #7994, #880, #2374, #1043 ) ) ;
#1027 = DIRECTION ( 'NONE',  ( -0.0000000000000000000, 1.000000000000000000, -0.0000000000000000000 ) ) ;
#1028 = DIRECTION ( 'NONE',  ( 0.0000000000000000000, 1.000000000000000000, -0.0000000000000000000 ) ) ;
#1029 = LINE ( 'NONE', #6848, #6164 ) ;
#1030 = CIRCLE ( 'NONE', #2192, 0.09999999999999939500 ) ;
#1031 = VERTEX_POINT ( 'NONE', #7154 ) ;
#1032 = EDGE_LOOP ( 'NONE', ( #4158, #7443, #358, #8446 ) ) ;
#1033 = DIRECTION ( 'NONE',  ( 0.0000000000000000000, 1.000000000000000000, -0.0000000000000000000 ) ) ;
#1034 = PLANE ( 'NONE',  #8544 ) ;
#1035 = CARTESIAN_POINT ( 'NONE',  ( -34.40000000000000600, 6.899999999999998600, -6.249999999999999100 ) ) ;
#1036 = CARTESIAN_POINT ( 'NONE',  ( -3.374999999999997800, 4.100000000000000500, 12.20000000000000300 ) ) ;
#1037 = CARTESIAN_POINT ( 'NONE',  ( 7.375000000000000000, 5.700000000000000200, 12.50000000000000200 ) ) ;
#1038 = VECTOR ( 'NONE', #4889, 1000.000000000000000 ) ;
#1039 = LINE ( 'NONE', #3811, #2284 ) ;
#1040 = ORIENTED_EDGE ( 'NONE', *, *, #8483, .T. ) ;
#1041 = AXIS2_PLACEMENT_3D ( 'NONE', #6023, #8042, #4046 ) ;
#1042 = CARTESIAN_POINT ( 'NONE',  ( 0.6250000000000023300, 5.400000000000000400, 11.25000000000000400 ) ) ;
#1043 = ORIENTED_EDGE ( 'NONE', *, *, #4540, .T. ) ;
#1044 = DIRECTION ( 'NONE',  ( 0.0000000000000000000, 0.0000000000000000000, 1.000000000000000000 ) ) ;
#1045 = EDGE_CURVE ( 'NONE', #3556, #1261, #2809, .T. ) ;
#1046 = CARTESIAN_POINT ( 'NONE',  ( -35.80000000000000400, 0.0000000000000000000, 13.55000000000000200 ) ) ;
#1047 = ADVANCED_FACE ( 'NONE', ( #7205 ), #6469, .F. ) ;
#1048 = VECTOR ( 'NONE', #1176, 1000.000000000000000 ) ;
#1049 = AXIS2_PLACEMENT_3D ( 'NONE', #4209, #144, #5495 ) ;
#1050 = CARTESIAN_POINT ( 'NONE',  ( -7.249999999999997300, 5.049999999999998000, 12.40000000000000400 ) ) ;
#1051 = DIRECTION ( 'NONE',  ( -0.0000000000000000000, -1.000000000000000000, -0.0000000000000000000 ) ) ;
#1052 = EDGE_CURVE ( 'NONE', #6861, #334, #6275, .T. ) ;
#1053 = DIRECTION ( 'NONE',  ( 2.096342569156263300E-016, 0.0000000000000000000, 1.000000000000000000 ) ) ;
#1054 = ORIENTED_EDGE ( 'NONE', *, *, #4220, .F. ) ;
#1055 = PLANE ( 'NONE',  #2928 ) ;
#1056 = CIRCLE ( 'NONE', #5580, 1.750000000000000700 ) ;
#1057 = DIRECTION ( 'NONE',  ( 0.0000000000000000000, 1.000000000000000000, 0.0000000000000000000 ) ) ;
#1058 = VECTOR ( 'NONE', #6786, 1000.000000000000000 ) ;
#1059 = VERTEX_POINT ( 'NONE', #5291 ) ;
#1060 = AXIS2_PLACEMENT_3D ( 'NONE', #2751, #2086, #4804 ) ;
#1061 = EDGE_CURVE ( 'NONE', #3556, #3077, #2484, .T. ) ;
#1062 = VERTEX_POINT ( 'NONE', #4685 ) ;
#1063 = DIRECTION ( 'NONE',  ( 0.0000000000000000000, 1.000000000000000000, 0.0000000000000000000 ) ) ;
#1064 = DIRECTION ( 'NONE',  ( 1.387778780781446500E-015, 0.0000000000000000000, 1.000000000000000000 ) ) ;
#1065 = DIRECTION ( 'NONE',  ( 1.000000000000000000, -0.0000000000000000000, 0.0000000000000000000 ) ) ;
#1066 = LINE ( 'NONE', #4199, #347 ) ;
#1067 = DIRECTION ( 'NONE',  ( 0.0000000000000000000, -1.000000000000000000, 0.0000000000000000000 ) ) ;
#1068 = VECTOR ( 'NONE', #4064, 1000.000000000000000 ) ;
#1069 = EDGE_LOOP ( 'NONE', ( #4479, #7280, #2685, #3947 ) ) ;
#1070 = CARTESIAN_POINT ( 'NONE',  ( -34.90000000000000600, 0.8999999999999980200, -12.50000000000000400 ) ) ;
#1071 = ADVANCED_FACE ( 'NONE', ( #2920 ), #7345, .F. ) ;
#1072 = LINE ( 'NONE', #5605, #865 ) ;
#1073 = EDGE_CURVE ( 'NONE', #5039, #6509, #7851, .T. ) ;
#1074 = CARTESIAN_POINT ( 'NONE',  ( -35.80000000000000400, 0.0000000000000000000, -13.54999999999999900 ) ) ;
#1075 = ORIENTED_EDGE ( 'NONE', *, *, #7250, .T. ) ;
#1076 = CARTESIAN_POINT ( 'NONE',  ( 28.52499999999999500, 7.000000000000000000, -10.80000000000001000 ) ) ;
#1077 = CARTESIAN_POINT ( 'NONE',  ( -32.50000000000000000, 2.500000000000000000, -17.79999999999999700 ) ) ;
#1078 = ORIENTED_EDGE ( 'NONE', *, *, #946, .T. ) ;
#1079 = CARTESIAN_POINT ( 'NONE',  ( 2.750000000000002700, 4.750000000000000900, 12.20000000000000300 ) ) ;
#1080 = AXIS2_PLACEMENT_3D ( 'NONE', #8608, #5265, #6620 ) ;
#1081 = VECTOR ( 'NONE', #6315, 1000.000000000000000 ) ;
#1082 = VERTEX_POINT ( 'NONE', #3391 ) ;
#1083 = EDGE_LOOP ( 'NONE', ( #7667, #7385 ) ) ;
#1084 = PRESENTATION_LAYER_ASSIGNMENT (  '', '', ( #6455 ) ) ;
#1085 = CARTESIAN_POINT ( 'NONE',  ( -1.249999999999997600, 4.750000000000000900, 12.20000000000000300 ) ) ;
#1086 = DIRECTION ( 'NONE',  ( 1.000000000000000000, 0.0000000000000000000, 0.0000000000000000000 ) ) ;
#1087 = VECTOR ( 'NONE', #4871, 1000.000000000000000 ) ;
#1088 = DIRECTION ( 'NONE',  ( 1.000000000000000000, -0.0000000000000000000, -0.0000000000000000000 ) ) ;
#1089 = VERTEX_POINT ( 'NONE', #6009 ) ;
#1090 = AXIS2_PLACEMENT_3D ( 'NONE', #4712, #1366, #6058 ) ;
#1091 = ORIENTED_EDGE ( 'NONE', *, *, #418, .F. ) ;
#1092 = CARTESIAN_POINT ( 'NONE',  ( -5.374999999999998200, 4.100000000000000500, 12.50000000000000200 ) ) ;
#1093 = DIRECTION ( 'NONE',  ( 0.0000000000000000000, 0.0000000000000000000, 1.000000000000000000 ) ) ;
#1094 = EDGE_CURVE ( 'NONE', #2373, #487, #3661, .T. ) ;
#1095 = DIRECTION ( 'NONE',  ( 0.0000000000000000000, -0.0000000000000000000, 1.000000000000000000 ) ) ;
#1096 = CARTESIAN_POINT ( 'NONE',  ( 32.50000000000000700, 2.500000000000000000, 16.54999999999998600 ) ) ;
#1097 = LINE ( 'NONE', #4243, #2547 ) ;
#1098 = AXIS2_PLACEMENT_3D ( 'NONE', #2408, #7103, #3096 ) ;
#1099 = LINE ( 'NONE', #7491, #5811 ) ;
#1100 = EDGE_LOOP ( 'NONE', ( #3756, #2533, #1122, #1290 ) ) ;
#1101 = ORIENTED_EDGE ( 'NONE', *, *, #1471, .T. ) ;
#1102 = FILL_AREA_STYLE_COLOUR ( '', #8536 ) ;
#1103 = CARTESIAN_POINT ( 'NONE',  ( -1.249999999999997600, 4.650000000000002100, 12.50000000000000200 ) ) ;
#1104 = DIRECTION ( 'NONE',  ( 0.0000000000000000000, 0.0000000000000000000, 1.000000000000000000 ) ) ;
#1105 = DIRECTION ( 'NONE',  ( 0.0000000000000000000, 1.000000000000000000, 0.0000000000000000000 ) ) ;
#1106 = LINE ( 'NONE', #3376, #6859 ) ;
#1107 = CARTESIAN_POINT ( 'NONE',  ( 28.52499999999999500, 7.299999999999999800, -9.050000000000009600 ) ) ;
#1108 = EDGE_LOOP ( 'NONE', ( #2104, #3112, #3880, #6346 ) ) ;
#1109 = CARTESIAN_POINT ( 'NONE',  ( -6.624999999999999100, 5.400000000000000400, 11.25000000000000400 ) ) ;
#1110 = CIRCLE ( 'NONE', #7788, 0.3999999999999958600 ) ;
#1111 = EDGE_LOOP ( 'NONE', ( #1953, #5312, #5053, #907 ) ) ;
#1112 = ORIENTED_EDGE ( 'NONE', *, *, #287, .F. ) ;
#1113 = ADVANCED_FACE ( 'NONE', ( #5432 ), #5966, .F. ) ;
#1114 = EDGE_CURVE ( 'NONE', #5553, #1229, #2071, .T. ) ;
#1115 = VECTOR ( 'NONE', #539, 1000.000000000000000 ) ;
#1116 = ORIENTED_EDGE ( 'NONE', *, *, #17, .T. ) ;
#1117 = VECTOR ( 'NONE', #4642, 1000.000000000000000 ) ;
#1118 = EDGE_LOOP ( 'NONE', ( #3525, #8504, #3572, #4569 ) ) ;
#1119 = ORIENTED_EDGE ( 'NONE', *, *, #2851, .T. ) ;
#1120 = ORIENTED_EDGE ( 'NONE', *, *, #8309, .F. ) ;
#1121 = ORIENTED_EDGE ( 'NONE', *, *, #3980, .T. ) ;
#1122 = ORIENTED_EDGE ( 'NONE', *, *, #4761, .T. ) ;
#1123 = DIRECTION ( 'NONE',  ( -0.0000000000000000000, -4.336808689942017700E-016, -1.000000000000000000 ) ) ;
#1124 = DIRECTION ( 'NONE',  ( 0.0000000000000000000, -1.000000000000000000, 0.0000000000000000000 ) ) ;
#1125 = DIRECTION ( 'NONE',  ( 1.000000000000000000, -0.0000000000000000000, 0.0000000000000000000 ) ) ;
#1126 = VECTOR ( 'NONE', #2475, 1000.000000000000000 ) ;
#1127 = VERTEX_POINT ( 'NONE', #5353 ) ;
#1128 = CARTESIAN_POINT ( 'NONE',  ( -28.97500000000000100, 7.299999999999999800, 2.549999999999996700 ) ) ;
#1129 = CYLINDRICAL_SURFACE ( 'NONE', #8559, 1.200000000000000200 ) ;
#1130 = EDGE_LOOP ( 'NONE', ( #2390, #3769, #5240, #8349 ) ) ;
#1131 = ORIENTED_EDGE ( 'NONE', *, *, #2170, .F. ) ;
#1132 = ORIENTED_EDGE ( 'NONE', *, *, #5455, .F. ) ;
#1133 = EDGE_CURVE ( 'NONE', #2552, #8665, #613, .T. ) ;
#1134 = EDGE_CURVE ( 'NONE', #2081, #78, #6885, .T. ) ;
#1135 = AXIS2_PLACEMENT_3D ( 'NONE', #4135, #5515, #166 ) ;
#1136 = FACE_OUTER_BOUND ( 'NONE', #3316, .T. ) ;
#1137 = LINE ( 'NONE', #5254, #827 ) ;
#1138 = ORIENTED_EDGE ( 'NONE', *, *, #1775, .T. ) ;
#1139 = CARTESIAN_POINT ( 'NONE',  ( 0.7500000000000024400, 4.750000000000000900, 12.20000000000000300 ) ) ;
#1140 = ADVANCED_FACE ( 'NONE', ( #1967 ), #2680, .F. ) ;
#1141 = ADVANCED_FACE ( 'NONE', ( #2908 ), #691, .F. ) ;
#1142 = CARTESIAN_POINT ( 'NONE',  ( -35.80000000000000400, 7.299999999999999800, 7.499999999999996400 ) ) ;
#1143 = DIRECTION ( 'NONE',  ( 0.0000000000000000000, 0.0000000000000000000, 1.000000000000000000 ) ) ;
#1144 = EDGE_CURVE ( 'NONE', #7516, #4397, #8044, .T. ) ;
#1145 = VECTOR ( 'NONE', #1152, 1000.000000000000000 ) ;
#1146 = LINE ( 'NONE', #3790, #8054 ) ;
#1147 = ORIENTED_EDGE ( 'NONE', *, *, #364, .F. ) ;
#1148 = VERTEX_POINT ( 'NONE', #1398 ) ;
#1149 = CARTESIAN_POINT ( 'NONE',  ( -3.249999999999997800, 4.750000000000000900, 12.20000000000000300 ) ) ;
#1150 = ORIENTED_EDGE ( 'NONE', *, *, #7285, .F. ) ;
#1151 = CARTESIAN_POINT ( 'NONE',  ( -39.90000000000000600, 0.8999999999999980200, 0.0000000000000000000 ) ) ;
#1152 = DIRECTION ( 'NONE',  ( 1.000000000000000000, -0.0000000000000000000, 0.0000000000000000000 ) ) ;
#1153 = VERTEX_POINT ( 'NONE', #2006 ) ;
#1154 = LINE ( 'NONE', #5762, #8388 ) ;
#1155 = ORIENTED_EDGE ( 'NONE', *, *, #6287, .T. ) ;
#1156 = CARTESIAN_POINT ( 'NONE',  ( 3.250000000000002700, 5.049999999999999800, 12.20000000000000300 ) ) ;
#1157 = DIRECTION ( 'NONE',  ( 0.0000000000000000000, 0.0000000000000000000, 1.000000000000000000 ) ) ;
#1158 = DIRECTION ( 'NONE',  ( 1.000000000000000000, -0.0000000000000000000, -0.0000000000000000000 ) ) ;
#1159 = ORIENTED_EDGE ( 'NONE', *, *, #5627, .F. ) ;
#1160 = CARTESIAN_POINT ( 'NONE',  ( -28.97500000000000100, 7.000000000000000000, -9.050000000000002500 ) ) ;
#1161 = CARTESIAN_POINT ( 'NONE',  ( -3.249999999999997800, 4.650000000000002100, 12.50000000000000200 ) ) ;
#1162 = ADVANCED_FACE ( 'NONE', ( #6268 ), #4847, .F. ) ;
#1163 = DIRECTION ( 'NONE',  ( 0.0000000000000000000, 0.0000000000000000000, 1.000000000000000000 ) ) ;
#1164 = AXIS2_PLACEMENT_3D ( 'NONE', #1979, #3332, #4745 ) ;
#1165 = VECTOR ( 'NONE', #5168, 1000.000000000000000 ) ;
#1166 = ORIENTED_EDGE ( 'NONE', *, *, #1114, .T. ) ;
#1167 = CARTESIAN_POINT ( 'NONE',  ( 7.250000000000002700, 5.049999999999998000, 12.40000000000000400 ) ) ;
#1168 = DIRECTION ( 'NONE',  ( -0.0000000000000000000, -0.0000000000000000000, 1.000000000000000000 ) ) ;
#1169 = AXIS2_PLACEMENT_3D ( 'NONE', #7533, #6121, #6146 ) ;
#1170 = CARTESIAN_POINT ( 'NONE',  ( -3.999999999999999100, 5.400000000000000400, 7.050000000000003400 ) ) ;
#1171 = EDGE_CURVE ( 'NONE', #616, #5185, #5635, .T. ) ;
#1172 = FACE_OUTER_BOUND ( 'NONE', #6472, .T. ) ;
#1173 = VERTEX_POINT ( 'NONE', #2732 ) ;
#1174 = ORIENTED_EDGE ( 'NONE', *, *, #6591, .T. ) ;
#1175 = DIRECTION ( 'NONE',  ( 1.000000000000000000, -0.0000000000000000000, -0.0000000000000000000 ) ) ;
#1176 = DIRECTION ( 'NONE',  ( -0.0000000000000000000, 1.000000000000000000, -0.0000000000000000000 ) ) ;
#1177 = FACE_OUTER_BOUND ( 'NONE', #8485, .T. ) ;
#1178 = ORIENTED_EDGE ( 'NONE', *, *, #5336, .F. ) ;
#1179 = CARTESIAN_POINT ( 'NONE',  ( 5.374999999999985800, 4.100000000000000500, 9.194034422677102800E-015 ) ) ;
#1180 = ORIENTED_EDGE ( 'NONE', *, *, #5482, .F. ) ;
#1181 = CARTESIAN_POINT ( 'NONE',  ( -1.249999999999997600, 5.049999999999998000, 12.40000000000000400 ) ) ;
#1182 = EDGE_CURVE ( 'NONE', #2901, #5393, #203, .T. ) ;
#1183 = CARTESIAN_POINT ( 'NONE',  ( 0.0000000000000000000, 0.8999999999999980200, 0.0000000000000000000 ) ) ;
#1184 = EDGE_CURVE ( 'NONE', #1261, #368, #5122, .T. ) ;
#1185 = CARTESIAN_POINT ( 'NONE',  ( 4.625000000000002700, 5.700000000000000200, 11.25000000000000400 ) ) ;
#1186 = VECTOR ( 'NONE', #36, 1000.000000000000000 ) ;
#1187 = CARTESIAN_POINT ( 'NONE',  ( 7.375000000000001800, 5.700000000000000200, 11.25000000000000400 ) ) ;
#1188 = ADVANCED_FACE ( 'NONE', ( #3878 ), #8671, .F. ) ;
#1189 = EDGE_CURVE ( 'NONE', #2319, #3653, #3553, .T. ) ;
#1190 = CARTESIAN_POINT ( 'NONE',  ( 4.000000000000000000, 5.700000000000000200, 11.25000000000000400 ) ) ;
#1191 = FACE_OUTER_BOUND ( 'NONE', #1860, .T. ) ;
#1192 = ORIENTED_EDGE ( 'NONE', *, *, #3527, .T. ) ;
#1193 = ORIENTED_EDGE ( 'NONE', *, *, #7795, .T. ) ;
#1194 = ORIENTED_EDGE ( 'NONE', *, *, #1447, .F. ) ;
#1195 = AXIS2_PLACEMENT_3D ( 'NONE', #8314, #5540, #6954 ) ;
#1196 = ADVANCED_FACE ( 'NONE', ( #1136 ), #2066, .F. ) ;
#1197 = LINE ( 'NONE', #3035, #974 ) ;
#1198 = MANIFOLD_SOLID_BREP ( 'Cut-Extrude9', #1846 ) ;
#1199 = CARTESIAN_POINT ( 'NONE',  ( 6.750000000000002700, 4.750000000000000900, 12.20000000000000300 ) ) ;
#1200 = ORIENTED_EDGE ( 'NONE', *, *, #6273, .T. ) ;
#1201 = VERTEX_POINT ( 'NONE', #2830 ) ;
#1202 = AXIS2_PLACEMENT_3D ( 'NONE', #6391, #2385, #3761 ) ;
#1203 = CARTESIAN_POINT ( 'NONE',  ( -1.374999999999997800, 5.400000000000000400, 11.25000000000000400 ) ) ;
#1204 = CARTESIAN_POINT ( 'NONE',  ( 4.625000000000002700, 4.100000000000000500, 12.20000000000000300 ) ) ;
#1205 = DIRECTION ( 'NONE',  ( -0.0000000000000000000, 1.000000000000000000, -0.0000000000000000000 ) ) ;
#1206 = CARTESIAN_POINT ( 'NONE',  ( 4.000000000000000900, 5.400000000000000400, 8.550000000000002500 ) ) ;
#1207 = AXIS2_PLACEMENT_3D ( 'NONE', #5130, #1105, #5815 ) ;
#1208 = FACE_OUTER_BOUND ( 'NONE', #5848, .T. ) ;
#1209 =( NAMED_UNIT ( * ) SI_UNIT ( $, .STERADIAN. ) SOLID_ANGLE_UNIT ( ) );
#1210 = VECTOR ( 'NONE', #6959, 1000.000000000000000 ) ;
#1211 = EDGE_LOOP ( 'NONE', ( #7754, #4062, #7825, #1328 ) ) ;
#1212 = ORIENTED_EDGE ( 'NONE', *, *, #1013, .T. ) ;
#1213 = FACE_OUTER_BOUND ( 'NONE', #8458, .T. ) ;
#1214 = ORIENTED_EDGE ( 'NONE', *, *, #4663, .F. ) ;
#1215 = DIRECTION ( 'NONE',  ( 0.0000000000000000000, 0.0000000000000000000, 1.000000000000000000 ) ) ;
#1216 = EDGE_CURVE ( 'NONE', #5849, #7099, #4200, .T. ) ;
#1217 = AXIS2_PLACEMENT_3D ( 'NONE', #4772, #4148, #6229 ) ;
#1218 = FACE_OUTER_BOUND ( 'NONE', #5910, .T. ) ;
#1219 = ORIENTED_EDGE ( 'NONE', *, *, #8537, .F. ) ;
#1220 = VECTOR ( 'NONE', #4730, 1000.000000000000000 ) ;
#1221 = ORIENTED_EDGE ( 'NONE', *, *, #1863, .F. ) ;
#1222 = ORIENTED_EDGE ( 'NONE', *, *, #3937, .T. ) ;
#1223 = VERTEX_POINT ( 'NONE', #1483 ) ;
#1224 = ORIENTED_EDGE ( 'NONE', *, *, #4837, .F. ) ;
#1225 = DIRECTION ( 'NONE',  ( -0.0000000000000000000, -1.000000000000000000, -0.0000000000000000000 ) ) ;
#1226 = FACE_OUTER_BOUND ( 'NONE', #4882, .T. ) ;
#1227 = VECTOR ( 'NONE', #1453, 1000.000000000000000 ) ;
#1228 = ORIENTED_EDGE ( 'NONE', *, *, #5917, .F. ) ;
#1229 = VERTEX_POINT ( 'NONE', #4151 ) ;
#1230 = LINE ( 'NONE', #5128, #4578 ) ;
#1231 = ORIENTED_EDGE ( 'NONE', *, *, #1863, .T. ) ;
#1232 = EDGE_LOOP ( 'NONE', ( #5938, #4413, #2795, #5610 ) ) ;
#1233 = VERTEX_POINT ( 'NONE', #4184 ) ;
#1234 = ORIENTED_EDGE ( 'NONE', *, *, #2860, .T. ) ;
#1235 = AXIS2_PLACEMENT_3D ( 'NONE', #8429, #6443, #5127 ) ;
#1236 = EDGE_CURVE ( 'NONE', #2723, #5754, #1548, .T. ) ;
#1237 = CARTESIAN_POINT ( 'NONE',  ( 7.250000000000002700, -4.699999999999997500, 12.80000000000000200 ) ) ;
#1238 = EDGE_CURVE ( 'NONE', #3875, #2979, #4300, .T. ) ;
#1239 = CARTESIAN_POINT ( 'NONE',  ( -5.249999999999997300, 4.750000000000000900, 12.40000000000000400 ) ) ;
#1240 = CIRCLE ( 'NONE', #8302, 0.3999999999999958600 ) ;
#1241 = LINE ( 'NONE', #7850, #1856 ) ;
#1242 = EDGE_LOOP ( 'NONE', ( #8359, #4196, #409, #6961, #4375 ) ) ;
#1243 = LINE ( 'NONE', #1879, #7513 ) ;
#1244 = VERTEX_POINT ( 'NONE', #4723 ) ;
#1245 = PLANE ( 'NONE',  #7473 ) ;
#1246 = ORIENTED_EDGE ( 'NONE', *, *, #5270, .F. ) ;
#1247 = FACE_OUTER_BOUND ( 'NONE', #5594, .T. ) ;
#1248 = VECTOR ( 'NONE', #6656, 1000.000000000000000 ) ;
#1249 = EDGE_CURVE ( 'NONE', #1899, #5215, #6458, .T. ) ;
#1250 = ORIENTED_EDGE ( 'NONE', *, *, #7594, .F. ) ;
#1251 = ORIENTED_EDGE ( 'NONE', *, *, #1262, .F. ) ;
#1252 = ADVANCED_FACE ( 'NONE', ( #8472 ), #8083, .F. ) ;
#1253 = PLANE ( 'NONE',  #4866 ) ;
#1254 = AXIS2_PLACEMENT_3D ( 'NONE', #326, #4239, #6923 ) ;
#1255 = DIRECTION ( 'NONE',  ( 0.0000000000000000000, 0.0000000000000000000, 1.000000000000000000 ) ) ;
#1256 = LINE ( 'NONE', #1496, #7657 ) ;
#1257 = FACE_OUTER_BOUND ( 'NONE', #283, .T. ) ;
#1258 = ORIENTED_EDGE ( 'NONE', *, *, #7116, .T. ) ;
#1259 = DIRECTION ( 'NONE',  ( 1.000000000000000000, -0.0000000000000000000, -1.206764157201257300E-016 ) ) ;
#1260 = CARTESIAN_POINT ( 'NONE',  ( -30.24999999999999300, 2.500000000000000000, -16.54999999999997900 ) ) ;
#1261 = VERTEX_POINT ( 'NONE', #2067 ) ;
#1262 = EDGE_CURVE ( 'NONE', #4398, #4488, #920, .T. ) ;
#1263 = CARTESIAN_POINT ( 'NONE',  ( -34.80000000000000400, 4.499999999999999100, -6.249999999999997300 ) ) ;
#1264 = VECTOR ( 'NONE', #8342, 1000.000000000000000 ) ;
#1265 = LINE ( 'NONE', #7799, #1048 ) ;
#1266 = DIRECTION ( 'NONE',  ( -0.0000000000000000000, 1.000000000000000000, -0.0000000000000000000 ) ) ;
#1267 = AXIS2_PLACEMENT_3D ( 'NONE', #1986, #15, #4751 ) ;
#1268 = DIRECTION ( 'NONE',  ( 1.000000000000000000, 0.0000000000000000000, 0.0000000000000000000 ) ) ;
#1269 = CARTESIAN_POINT ( 'NONE',  ( 5.250000000000002700, 4.650000000000002100, 12.79999999999999900 ) ) ;
#1270 = CARTESIAN_POINT ( 'NONE',  ( 34.89999999999999900, 7.299999999999999800, 12.50000000000000200 ) ) ;
#1271 = CARTESIAN_POINT ( 'NONE',  ( 34.89999999999999900, 0.8999999999999980200, 12.50000000000000200 ) ) ;
#1272 = FACE_OUTER_BOUND ( 'NONE', #3244, .T. ) ;
#1273 = ORIENTED_EDGE ( 'NONE', *, *, #6151, .T. ) ;
#1274 = LINE ( 'NONE', #2836, #5989 ) ;
#1275 = ORIENTED_EDGE ( 'NONE', *, *, #4039, .F. ) ;
#1276 = CARTESIAN_POINT ( 'NONE',  ( -34.40000000000000600, 5.700000000000000200, -6.249999999999998200 ) ) ;
#1277 = DIRECTION ( 'NONE',  ( 0.0000000000000000000, 0.0000000000000000000, 1.000000000000000000 ) ) ;
#1278 = ORIENTED_EDGE ( 'NONE', *, *, #5775, .F. ) ;
#1279 = DIRECTION ( 'NONE',  ( -0.9396926207859082100, 0.0000000000000000000, 0.3420201433256693800 ) ) ;
#1280 = VECTOR ( 'NONE', #4852, 1000.000000000000000 ) ;
#1281 = DIRECTION ( 'NONE',  ( 0.0000000000000000000, 0.0000000000000000000, -1.000000000000000000 ) ) ;
#1282 = CARTESIAN_POINT ( 'NONE',  ( -2.749999999999997300, -4.699999999999999300, 12.50000000000000200 ) ) ;
#1283 = ORIENTED_EDGE ( 'NONE', *, *, #6660, .T. ) ;
#1284 = VECTOR ( 'NONE', #668, 1000.000000000000000 ) ;
#1285 = AXIS2_PLACEMENT_3D ( 'NONE', #3290, #4711, #1342 ) ;
#1286 = CARTESIAN_POINT ( 'NONE',  ( 32.50000000000000700, 0.0000000000000000000, 16.54999999999998600 ) ) ;
#1287 = EDGE_CURVE ( 'NONE', #2260, #5951, #2377, .T. ) ;
#1288 = LINE ( 'NONE', #5486, #8208 ) ;
#1289 = ADVANCED_FACE ( 'NONE', ( #7637 ), #2007, .F. ) ;
#1290 = ORIENTED_EDGE ( 'NONE', *, *, #3480, .F. ) ;
#1291 = DIRECTION ( 'NONE',  ( -0.0000000000000000000, -1.000000000000000000, -0.0000000000000000000 ) ) ;
#1292 = DIRECTION ( 'NONE',  ( -0.0000000000000000000, 0.0000000000000000000, -1.000000000000000000 ) ) ;
#1293 = DIRECTION ( 'NONE',  ( 1.000000000000000000, -0.0000000000000000000, -0.0000000000000000000 ) ) ;
#1294 = DIRECTION ( 'NONE',  ( 1.000000000000000000, -0.0000000000000000000, 0.0000000000000000000 ) ) ;
#1295 = EDGE_CURVE ( 'NONE', #2253, #1577, #7846, .T. ) ;
#1296 = ORIENTED_EDGE ( 'NONE', *, *, #2592, .T. ) ;
#1297 = ORIENTED_EDGE ( 'NONE', *, *, #1526, .F. ) ;
#1298 = AXIS2_PLACEMENT_3D ( 'NONE', #8057, #70, #5131 ) ;
#1299 = FACE_OUTER_BOUND ( 'NONE', #6166, .T. ) ;
#1300 = ORIENTED_EDGE ( 'NONE', *, *, #2506, .F. ) ;
#1301 = ORIENTED_EDGE ( 'NONE', *, *, #7790, .T. ) ;
#1302 = ORIENTED_EDGE ( 'NONE', *, *, #8075, .F. ) ;
#1303 = EDGE_CURVE ( 'NONE', #26, #1509, #2267, .T. ) ;
#1304 = LINE ( 'NONE', #6899, #2134 ) ;
#1305 = ADVANCED_FACE ( 'NONE', ( #7757 ), #784, .T. ) ;
#1306 = DIRECTION ( 'NONE',  ( 0.0000000000000000000, 1.000000000000000000, -0.0000000000000000000 ) ) ;
#1307 = CARTESIAN_POINT ( 'NONE',  ( -34.40000000000000600, 5.700000000000000200, 11.25000000000000400 ) ) ;
#1308 = LINE ( 'NONE', #7108, #3946 ) ;
#1309 = ORIENTED_EDGE ( 'NONE', *, *, #2125, .F. ) ;
#1310 = DIRECTION ( 'NONE',  ( -1.000000000000000000, 0.0000000000000000000, -0.0000000000000000000 ) ) ;
#1311 = FACE_BOUND ( 'NONE', #1359, .T. ) ;
#1312 = VECTOR ( 'NONE', #7999, 1000.000000000000000 ) ;
#1313 = ORIENTED_EDGE ( 'NONE', *, *, #945, .T. ) ;
#1314 = ORIENTED_EDGE ( 'NONE', *, *, #4594, .T. ) ;
#1315 = ORIENTED_EDGE ( 'NONE', *, *, #3705, .T. ) ;
#1316 = ADVANCED_FACE ( 'NONE', ( #2477 ), #2805, .F. ) ;
#1317 = DIRECTION ( 'NONE',  ( 0.0000000000000000000, 1.000000000000000000, -0.0000000000000000000 ) ) ;
#1318 = DIRECTION ( 'NONE',  ( 0.0000000000000000000, 0.0000000000000000000, 1.000000000000000000 ) ) ;
#1319 = AXIS2_PLACEMENT_3D ( 'NONE', #6067, #4623, #4053 ) ;
#1320 = CARTESIAN_POINT ( 'NONE',  ( -7.374999999999998200, 5.700000000000000200, 11.25000000000000400 ) ) ;
#1321 = VECTOR ( 'NONE', #6937, 1000.000000000000000 ) ;
#1322 = PRESENTATION_STYLE_ASSIGNMENT (( #3548 ) ) ;
#1323 = VERTEX_POINT ( 'NONE', #8205 ) ;
#1324 = DIRECTION ( 'NONE',  ( 1.000000000000000000, -0.0000000000000000000, -0.0000000000000000000 ) ) ;
#1325 = VECTOR ( 'NONE', #1911, 1000.000000000000000 ) ;
#1326 = ORIENTED_EDGE ( 'NONE', *, *, #4633, .F. ) ;
#1327 = DIRECTION ( 'NONE',  ( -0.0000000000000000000, 1.000000000000000000, -0.0000000000000000000 ) ) ;
#1328 = ORIENTED_EDGE ( 'NONE', *, *, #5945, .F. ) ;
#1329 = VERTEX_POINT ( 'NONE', #7713 ) ;
#1330 = ADVANCED_FACE ( 'NONE', ( #300 ), #387, .F. ) ;
#1331 = EDGE_LOOP ( 'NONE', ( #6417, #6670, #3520, #5073, #7094, #174, #1470, #1313 ) ) ;
#1332 = EDGE_CURVE ( 'NONE', #276, #8036, #5424, .T. ) ;
#1333 = CIRCLE ( 'NONE', #2168, 0.3999999999999958600 ) ;
#1334 = FACE_OUTER_BOUND ( 'NONE', #3199, .T. ) ;
#1335 = ORIENTED_EDGE ( 'NONE', *, *, #5124, .F. ) ;
#1336 = CARTESIAN_POINT ( 'NONE',  ( 30.24999999999998600, 0.0000000000000000000, 13.55000000000000200 ) ) ;
#1337 = DIRECTION ( 'NONE',  ( -0.0000000000000000000, 0.0000000000000000000, -1.000000000000000000 ) ) ;
#1338 = LINE ( 'NONE', #742, #4691 ) ;
#1339 = ORIENTED_EDGE ( 'NONE', *, *, #8322, .F. ) ;
#1340 = VERTEX_POINT ( 'NONE', #2347 ) ;
#1341 = ORIENTED_EDGE ( 'NONE', *, *, #3182, .T. ) ;
#1342 = DIRECTION ( 'NONE',  ( 1.000000000000000000, 0.0000000000000000000, -0.0000000000000000000 ) ) ;
#1343 = DIRECTION ( 'NONE',  ( 1.387778780781446900E-015, 0.0000000000000000000, 1.000000000000000000 ) ) ;
#1344 = VECTOR ( 'NONE', #2094, 1000.000000000000000 ) ;
#1345 = FACE_OUTER_BOUND ( 'NONE', #6219, .T. ) ;
#1346 = EDGE_LOOP ( 'NONE', ( #6448, #2146, #1234, #8611 ) ) ;
#1347 = AXIS2_PLACEMENT_3D ( 'NONE', #7366, #2636, #8043 ) ;
#1348 = CARTESIAN_POINT ( 'NONE',  ( -38.85000000000000900, -4.199999999999999300, -8.250000000000000000 ) ) ;
#1349 = EDGE_CURVE ( 'NONE', #4556, #177, #5854, .T. ) ;
#1350 = CARTESIAN_POINT ( 'NONE',  ( 30.27499999999999500, 7.000000000000000000, 2.549999999999989600 ) ) ;
#1351 = VECTOR ( 'NONE', #4485, 1000.000000000000000 ) ;
#1352 = LINE ( 'NONE', #1718, #7431 ) ;
#1353 = CLOSED_SHELL ( 'NONE', ( #8218, #5524, #3172, #716, #653, #7779, #1419, #662, #2302, #3596, #7282, #5953, #2823, #2287, #836, #4256, #6709, #5505, #5092, #3150, #7297, #6059, #5615, #1371, #2865, #7239, #682, #6772, #4446, #7691, #3466, #1363, #4107, #7479, #4159, #4765, #7015, #2025, #1467, #3938, #7340, #2159, #5704, #4664, #156, #5641, #4219, #7472, #7210 ) ) ;
#1354 = EDGE_CURVE ( 'NONE', #5708, #6750, #422, .T. ) ;
#1355 = VERTEX_POINT ( 'NONE', #8313 ) ;
#1356 = CARTESIAN_POINT ( 'NONE',  ( -34.90000000000000600, 5.700000000000000200, 12.50000000000000200 ) ) ;
#1357 = EDGE_CURVE ( 'NONE', #4178, #6654, #2171, .T. ) ;
#1358 = EDGE_CURVE ( 'NONE', #4608, #1899, #8259, .T. ) ;
#1359 = EDGE_LOOP ( 'NONE', ( #3986, #8557 ) ) ;
#1360 = VECTOR ( 'NONE', #2603, 1000.000000000000000 ) ;
#1361 = ADVANCED_BREP_SHAPE_REPRESENTATION ( 'NHD-C0220BIZ-FSW-FBW-3V3M', ( #5229, #8235, #5129, #3459, #7199, #7046, #351, #6649, #463, #1886, #3684, #7313, #192, #7962, #1198, #2915, #3953, #6049 ), #2310 ) ;
#1362 = ORIENTED_EDGE ( 'NONE', *, *, #7396, .F. ) ;
#1363 = ADVANCED_FACE ( 'NONE', ( #7194 ), #7878, .F. ) ;
#1364 = DIRECTION ( 'NONE',  ( 0.0000000000000000000, 1.000000000000000000, 0.0000000000000000000 ) ) ;
#1365 = CARTESIAN_POINT ( 'NONE',  ( -39.90000000000000600, 4.350000000000000500, 0.0000000000000000000 ) ) ;
#1366 = DIRECTION ( 'NONE',  ( -0.0000000000000000000, -1.000000000000000000, -0.0000000000000000000 ) ) ;
#1367 = VECTOR ( 'NONE', #1493, 1000.000000000000000 ) ;
#1368 = PLANE ( 'NONE',  #3477 ) ;
#1369 = AXIS2_PLACEMENT_3D ( 'NONE', #5061, #618, #5407 ) ;
#1370 = ORIENTED_EDGE ( 'NONE', *, *, #3203, .T. ) ;
#1371 = ADVANCED_FACE ( 'NONE', ( #2894 ), #2578, .F. ) ;
#1372 = CARTESIAN_POINT ( 'NONE',  ( 2.625000000000002200, 5.700000000000000200, 11.25000000000000400 ) ) ;
#1373 = AXIS2_PLACEMENT_3D ( 'NONE', #5014, #1649, #4930 ) ;
#1374 = DIRECTION ( 'NONE',  ( -1.387778780781446300E-015, 0.0000000000000000000, -1.000000000000000000 ) ) ;
#1375 = DIRECTION ( 'NONE',  ( 0.0000000000000000000, 0.0000000000000000000, -1.000000000000000000 ) ) ;
#1376 = EDGE_CURVE ( 'NONE', #4702, #1699, #7092, .T. ) ;
#1377 = VECTOR ( 'NONE', #5662, 1000.000000000000000 ) ;
#1378 = ORIENTED_EDGE ( 'NONE', *, *, #3582, .T. ) ;
#1379 = DIRECTION ( 'NONE',  ( -1.000000000000000000, 0.0000000000000000000, 1.206764157201257300E-016 ) ) ;
#1380 = DIRECTION ( 'NONE',  ( 0.0000000000000000000, 0.0000000000000000000, 1.000000000000000000 ) ) ;
#1381 = ADVANCED_FACE ( 'NONE', ( #8362 ), #5777, .F. ) ;
#1382 = AXIS2_PLACEMENT_3D ( 'NONE', #296, #3005, #3666 ) ;
#1383 = DIRECTION ( 'NONE',  ( 1.000000000000000000, -0.0000000000000000000, -0.0000000000000000000 ) ) ;
#1384 = VECTOR ( 'NONE', #6212, 1000.000000000000000 ) ;
#1385 = ORIENTED_EDGE ( 'NONE', *, *, #6015, .T. ) ;
#1386 = CARTESIAN_POINT ( 'NONE',  ( -30.24999999999999300, 0.0000000000000000000, -13.54999999999999900 ) ) ;
#1387 = ORIENTED_EDGE ( 'NONE', *, *, #3084, .F. ) ;
#1388 = VERTEX_POINT ( 'NONE', #2502 ) ;
#1389 = EDGE_CURVE ( 'NONE', #1355, #3672, #4686, .T. ) ;
#1390 = CARTESIAN_POINT ( 'NONE',  ( -3.374999999999997800, 5.700000000000000200, 12.20000000000000300 ) ) ;
#1391 = PLANE ( 'NONE',  #4129 ) ;
#1392 = PLANE ( 'NONE',  #201 ) ;
#1393 = FACE_OUTER_BOUND ( 'NONE', #5962, .T. ) ;
#1394 = PLANE ( 'NONE',  #7845 ) ;
#1395 = ORIENTED_EDGE ( 'NONE', *, *, #4073, .T. ) ;
#1396 = DIRECTION ( 'NONE',  ( -1.000000000000000000, 0.0000000000000000000, 0.0000000000000000000 ) ) ;
#1397 = ORIENTED_EDGE ( 'NONE', *, *, #4885, .F. ) ;
#1398 = CARTESIAN_POINT ( 'NONE',  ( -6.624999999999997300, 4.100000000000000500, 12.20000000000000300 ) ) ;
#1399 = ADVANCED_FACE ( 'NONE', ( #6550 ), #2391, .F. ) ;
#1400 = CARTESIAN_POINT ( 'NONE',  ( 8.000000000000000000, 5.700000000000000200, 11.25000000000000400 ) ) ;
#1401 = EDGE_CURVE ( 'NONE', #4275, #4383, #1738, .T. ) ;
#1402 = FACE_OUTER_BOUND ( 'NONE', #6342, .T. ) ;
#1403 = ORIENTED_EDGE ( 'NONE', *, *, #2386, .T. ) ;
#1404 = AXIS2_PLACEMENT_3D ( 'NONE', #2645, #6718, #2715 ) ;
#1405 = ADVANCED_FACE ( 'NONE', ( #5526 ), #3981, .T. ) ;
#1406 = DIRECTION ( 'NONE',  ( 0.0000000000000000000, 8.673617379884013400E-015, -1.000000000000000000 ) ) ;
#1407 = LINE ( 'NONE', #5997, #7159 ) ;
#1408 = ORIENTED_EDGE ( 'NONE', *, *, #6273, .F. ) ;
#1409 = CYLINDRICAL_SURFACE ( 'NONE', #6988, 0.3999999999999958600 ) ;
#1410 = EDGE_LOOP ( 'NONE', ( #3744, #5736, #7109, #7198 ) ) ;
#1411 = ORIENTED_EDGE ( 'NONE', *, *, #4609, .T. ) ;
#1412 = ORIENTED_EDGE ( 'NONE', *, *, #2955, .T. ) ;
#1413 = ORIENTED_EDGE ( 'NONE', *, *, #2064, .T. ) ;
#1414 = EDGE_CURVE ( 'NONE', #8567, #1059, #814, .T. ) ;
#1415 = CARTESIAN_POINT ( 'NONE',  ( -34.90000000000000600, 4.100000000000000500, -0.0000000000000000000 ) ) ;
#1416 = DIRECTION ( 'NONE',  ( 0.0000000000000000000, -1.000000000000000000, -8.673617379884013400E-015 ) ) ;
#1417 = DIRECTION ( 'NONE',  ( 0.0000000000000000000, 0.0000000000000000000, 1.000000000000000000 ) ) ;
#1418 = DIRECTION ( 'NONE',  ( 1.000000000000000000, 0.0000000000000000000, 0.0000000000000000000 ) ) ;
#1419 = ADVANCED_FACE ( 'NONE', ( #7298 ), #6621, .F. ) ;
#1420 = DIRECTION ( 'NONE',  ( 1.000000000000000000, -0.0000000000000000000, -0.0000000000000000000 ) ) ;
#1421 = LINE ( 'NONE', #5091, #4672 ) ;
#1422 = VERTEX_POINT ( 'NONE', #5705 ) ;
#1423 = ORIENTED_EDGE ( 'NONE', *, *, #1189, .F. ) ;
#1424 = VECTOR ( 'NONE', #867, 1000.000000000000000 ) ;
#1425 = ORIENTED_EDGE ( 'NONE', *, *, #6227, .T. ) ;
#1426 = ORIENTED_EDGE ( 'NONE', *, *, #8540, .F. ) ;
#1427 = EDGE_LOOP ( 'NONE', ( #6862, #557, #8290, #6040 ) ) ;
#1428 = DIRECTION ( 'NONE',  ( 0.0000000000000000000, 4.336808689942017700E-016, 1.000000000000000000 ) ) ;
#1429 = DIRECTION ( 'NONE',  ( 1.000000000000000000, -0.0000000000000000000, -0.0000000000000000000 ) ) ;
#1430 = CARTESIAN_POINT ( 'NONE',  ( 34.89999999999999900, 7.299999999999999800, 12.50000000000000200 ) ) ;
#1431 = CARTESIAN_POINT ( 'NONE',  ( 34.89999999999999900, -74.14202586927336800, -12.50000000000000400 ) ) ;
#1432 = DIRECTION ( 'NONE',  ( -0.0000000000000000000, 0.0000000000000000000, -1.000000000000000000 ) ) ;
#1433 = LINE ( 'NONE', #7233, #5840 ) ;
#1434 = CIRCLE ( 'NONE', #6196, 0.3999999999999958600 ) ;
#1435 = ORIENTED_EDGE ( 'NONE', *, *, #2689, .F. ) ;
#1436 = ORIENTED_EDGE ( 'NONE', *, *, #6955, .T. ) ;
#1437 = ORIENTED_EDGE ( 'NONE', *, *, #5852, .F. ) ;
#1438 = ORIENTED_EDGE ( 'NONE', *, *, #8521, .F. ) ;
#1439 = ORIENTED_EDGE ( 'NONE', *, *, #1969, .T. ) ;
#1440 = ADVANCED_FACE ( 'NONE', ( #3766 ), #611, .F. ) ;
#1441 = DIRECTION ( 'NONE',  ( 1.000000000000000000, -0.0000000000000000000, -0.0000000000000000000 ) ) ;
#1442 = VECTOR ( 'NONE', #2964, 1000.000000000000000 ) ;
#1443 = ORIENTED_EDGE ( 'NONE', *, *, #7343, .F. ) ;
#1444 = ORIENTED_EDGE ( 'NONE', *, *, #1796, .T. ) ;
#1445 = ORIENTED_EDGE ( 'NONE', *, *, #4771, .F. ) ;
#1446 = AXIS2_PLACEMENT_3D ( 'NONE', #65, #591, #4814 ) ;
#1447 = EDGE_CURVE ( 'NONE', #5734, #4674, #7839, .T. ) ;
#1448 = DIRECTION ( 'NONE',  ( 0.0000000000000000000, 1.000000000000000000, -0.0000000000000000000 ) ) ;
#1449 = LINE ( 'NONE', #3470, #3222 ) ;
#1450 = FACE_OUTER_BOUND ( 'NONE', #1111, .T. ) ;
#1451 = ORIENTED_EDGE ( 'NONE', *, *, #4396, .F. ) ;
#1452 = EDGE_LOOP ( 'NONE', ( #5545, #8377, #277, #8040 ) ) ;
#1453 = DIRECTION ( 'NONE',  ( 0.0000000000000000000, 0.0000000000000000000, 1.000000000000000000 ) ) ;
#1454 = CARTESIAN_POINT ( 'NONE',  ( -34.90000000000000600, 7.100000000000008500, 6.000000000000005300 ) ) ;
#1455 = FACE_OUTER_BOUND ( 'NONE', #6096, .T. ) ;
#1456 = LINE ( 'NONE', #8510, #4828 ) ;
#1457 = EDGE_CURVE ( 'NONE', #3943, #2900, #4193, .T. ) ;
#1458 = EDGE_LOOP ( 'NONE', ( #2627, #4303, #2712, #4240 ) ) ;
#1460 = CARTESIAN_POINT ( 'NONE',  ( 3.374999999999985800, 4.100000000000000500, -4.683753385137361800E-015 ) ) ;
#1459 = CARTESIAN_POINT ( 'NONE',  ( -5.249999999999997300, -4.699999999999999300, 12.50000000000000200 ) ) ;
#1461 = CARTESIAN_POINT ( 'NONE',  ( -34.40000000000000600, 5.700000000000000200, -6.249999999999998200 ) ) ;
#1462 = CARTESIAN_POINT ( 'NONE',  ( -34.40000000000000600, 6.899999999999998600, -6.249999999999999100 ) ) ;
#1463 = VERTEX_POINT ( 'NONE', #4044 ) ;
#1464 = VECTOR ( 'NONE', #1477, 1000.000000000000000 ) ;
#1465 = FACE_OUTER_BOUND ( 'NONE', #1427, .T. ) ;
#1466 = DIRECTION ( 'NONE',  ( 0.0000000000000000000, 1.000000000000000000, -0.0000000000000000000 ) ) ;
#1467 = ADVANCED_FACE ( 'NONE', ( #3539 ), #5368, .F. ) ;
#1468 = CARTESIAN_POINT ( 'NONE',  ( 4.625000000000002700, 5.700000000000000200, 11.25000000000000400 ) ) ;
#1469 = DIRECTION ( 'NONE',  ( 0.0000000000000000000, 1.000000000000000000, -5.782411586589358800E-015 ) ) ;
#1470 = ORIENTED_EDGE ( 'NONE', *, *, #5994, .T. ) ;
#1471 = EDGE_CURVE ( 'NONE', #1605, #4880, #7750, .T. ) ;
#1472 = VECTOR ( 'NONE', #6031, 1000.000000000000000 ) ;
#1473 = LINE ( 'NONE', #7504, #3048 ) ;
#1474 = VERTEX_POINT ( 'NONE', #8643 ) ;
#1475 = DIRECTION ( 'NONE',  ( 1.000000000000000000, -0.0000000000000000000, -0.0000000000000000000 ) ) ;
#1476 = ORIENTED_EDGE ( 'NONE', *, *, #1955, .T. ) ;
#1477 = DIRECTION ( 'NONE',  ( 2.096342569156262000E-016, -0.0000000000000000000, 1.000000000000000000 ) ) ;
#1478 = EDGE_CURVE ( 'NONE', #8021, #4060, #5308, .T. ) ;
#1479 = LINE ( 'NONE', #2872, #8609 ) ;
#1480 = FACE_OUTER_BOUND ( 'NONE', #1877, .T. ) ;
#1481 = DIRECTION ( 'NONE',  ( 0.0000000000000000000, 0.0000000000000000000, 1.000000000000000000 ) ) ;
#1482 = CARTESIAN_POINT ( 'NONE',  ( -35.80000000000000400, 7.299999999999999800, 13.55000000000000200 ) ) ;
#1483 = CARTESIAN_POINT ( 'NONE',  ( -3.999999999999999100, 5.700000000000000200, 7.050000000000003400 ) ) ;
#1484 = DIRECTION ( 'NONE',  ( 0.0000000000000000000, 8.673617379884013400E-015, -1.000000000000000000 ) ) ;
#1485 = EDGE_CURVE ( 'NONE', #1261, #6350, #7526, .T. ) ;
#1486 = LINE ( 'NONE', #655, #4136 ) ;
#1487 = ORIENTED_EDGE ( 'NONE', *, *, #4728, .T. ) ;
#1488 = AXIS2_PLACEMENT_3D ( 'NONE', #6663, #672, #4822 ) ;
#1489 = EDGE_CURVE ( 'NONE', #8036, #8021, #6255, .T. ) ;
#1490 = VECTOR ( 'NONE', #5209, 1000.000000000000000 ) ;
#1491 = ORIENTED_EDGE ( 'NONE', *, *, #2606, .T. ) ;
#1492 = ORIENTED_EDGE ( 'NONE', *, *, #5292, .T. ) ;
#1493 = DIRECTION ( 'NONE',  ( -0.0000000000000000000, -1.000000000000000000, -0.0000000000000000000 ) ) ;
#1494 = CARTESIAN_POINT ( 'NONE',  ( -35.80000000000001100, 4.100000000000000500, 5.672426789160429200 ) ) ;
#1495 = PLANE ( 'NONE',  #7587 ) ;
#1496 = CARTESIAN_POINT ( 'NONE',  ( -34.90000000000000600, 4.100000000000000500, -12.50000000000000400 ) ) ;
#1497 = DIRECTION ( 'NONE',  ( 1.000000000000000000, 0.0000000000000000000, -0.0000000000000000000 ) ) ;
#1498 = LINE ( 'NONE', #3591, #2750 ) ;
#1499 = EDGE_CURVE ( 'NONE', #294, #34, #6050, .T. ) ;
#1500 = ADVANCED_FACE ( 'NONE', ( #8658, #2681 ), #1909, .T. ) ;
#1501 = CARTESIAN_POINT ( 'NONE',  ( 4.625000000000002700, 5.700000000000000200, 12.20000000000000300 ) ) ;
#1502 = ORIENTED_EDGE ( 'NONE', *, *, #2652, .T. ) ;
#1503 = EDGE_CURVE ( 'NONE', #1966, #3746, #1333, .T. ) ;
#1504 = DIRECTION ( 'NONE',  ( 0.0000000000000000000, 0.0000000000000000000, -1.000000000000000000 ) ) ;
#1505 = CARTESIAN_POINT ( 'NONE',  ( -5.249999999999997300, -4.699999999999997500, 12.80000000000000200 ) ) ;
#1506 = DIRECTION ( 'NONE',  ( 0.0000000000000000000, -1.000000000000000000, 0.0000000000000000000 ) ) ;
#1507 = LINE ( 'NONE', #2905, #8229 ) ;
#1508 = ORIENTED_EDGE ( 'NONE', *, *, #4379, .F. ) ;
#1509 = VERTEX_POINT ( 'NONE', #8618 ) ;
#1510 = ORIENTED_EDGE ( 'NONE', *, *, #6423, .F. ) ;
#1511 = CARTESIAN_POINT ( 'NONE',  ( 2.750000000000002700, 4.650000000000002100, 12.79999999999999900 ) ) ;
#1512 = CARTESIAN_POINT ( 'NONE',  ( 15.00000000000000000, 7.300000000000005200, 12.50000000000000200 ) ) ;
#1513 = EDGE_CURVE ( 'NONE', #1731, #5695, #911, .T. ) ;
#1514 = DIRECTION ( 'NONE',  ( 1.387778780781446500E-015, 0.0000000000000000000, 1.000000000000000000 ) ) ;
#1515 = VECTOR ( 'NONE', #5484, 1000.000000000000000 ) ;
#1516 = CARTESIAN_POINT ( 'NONE',  ( -38.85000000000000900, -4.199999999999999300, 0.2500000000000011100 ) ) ;
#1517 = CARTESIAN_POINT ( 'NONE',  ( -34.75000000000000000, 7.299999999999999800, 13.55000000000000200 ) ) ;
#1518 = LINE ( 'NONE', #1929, #1312 ) ;
#1519 = ORIENTED_EDGE ( 'NONE', *, *, #758, .F. ) ;
#1520 = VERTEX_POINT ( 'NONE', #7462 ) ;
#1521 = ORIENTED_EDGE ( 'NONE', *, *, #1794, .T. ) ;
#1522 = ORIENTED_EDGE ( 'NONE', *, *, #8289, .F. ) ;
#1523 = VERTEX_POINT ( 'NONE', #8069 ) ;
#1524 = FACE_OUTER_BOUND ( 'NONE', #7377, .T. ) ;
#1525 = CYLINDRICAL_SURFACE ( 'NONE', #1983, 2.250000000000016000 ) ;
#1526 = EDGE_CURVE ( 'NONE', #603, #7177, #2369, .T. ) ;
#1527 = LINE ( 'NONE', #543, #1325 ) ;
#1528 = ORIENTED_EDGE ( 'NONE', *, *, #8402, .T. ) ;
#1529 = ORIENTED_EDGE ( 'NONE', *, *, #7964, .T. ) ;
#1530 = ORIENTED_EDGE ( 'NONE', *, *, #6297, .F. ) ;
#1531 = CARTESIAN_POINT ( 'NONE',  ( -34.40000000000000600, 4.500000000000002700, -0.2499999999999987000 ) ) ;
#1532 = DIRECTION ( 'NONE',  ( -0.0000000000000000000, 1.000000000000000000, -0.0000000000000000000 ) ) ;
#1533 = ORIENTED_EDGE ( 'NONE', *, *, #4426, .T. ) ;
#1534 = STYLED_ITEM ( 'NONE', ( #2658 ), #7962 ) ;
#1535 = DIRECTION ( 'NONE',  ( 0.0000000000000000000, 8.673617379884013400E-015, -1.000000000000000000 ) ) ;
#1536 = LINE ( 'NONE', #7785, #1019 ) ;
#1537 = SURFACE_STYLE_FILL_AREA ( #3517 ) ;
#1538 = DIRECTION ( 'NONE',  ( -0.0000000000000000000, -1.000000000000000000, -0.0000000000000000000 ) ) ;
#1539 =( LENGTH_UNIT ( ) NAMED_UNIT ( * ) SI_UNIT ( .MILLI., .METRE. ) );
#1540 = CIRCLE ( 'NONE', #7834, 1.199999999999999700 ) ;
#1541 = ORIENTED_EDGE ( 'NONE', *, *, #8631, .F. ) ;
#1542 = ORIENTED_EDGE ( 'NONE', *, *, #6012, .F. ) ;
#1543 = VERTEX_POINT ( 'NONE', #8129 ) ;
#1544 = DIRECTION ( 'NONE',  ( -1.000000000000000000, 0.0000000000000000000, -0.0000000000000000000 ) ) ;
#1545 = CARTESIAN_POINT ( 'NONE',  ( 1.250000000000002900, 5.049999999999999800, 12.20000000000000300 ) ) ;
#1546 = PLANE ( 'NONE',  #7454 ) ;
#1547 = STYLED_ITEM ( 'NONE', ( #4251 ), #3684 ) ;
#1548 = LINE ( 'NONE', #2803, #2057 ) ;
#1549 = VECTOR ( 'NONE', #1783, 1000.000000000000000 ) ;
#1550 = ORIENTED_EDGE ( 'NONE', *, *, #10, .F. ) ;
#1551 = CARTESIAN_POINT ( 'NONE',  ( -3.249999999999997800, -4.699999999999997500, 12.80000000000000200 ) ) ;
#1552 = DIRECTION ( 'NONE',  ( -1.000000000000000000, -0.0000000000000000000, -0.0000000000000000000 ) ) ;
#1553 = CARTESIAN_POINT ( 'NONE',  ( -38.85000000000000900, 0.8999999999999980200, -8.250000000000000000 ) ) ;
#1554 = CARTESIAN_POINT ( 'NONE',  ( 3.250000000000002700, -4.699999999999999300, 12.50000000000000200 ) ) ;
#1555 = VECTOR ( 'NONE', #7631, 1000.000000000000000 ) ;
#1556 = VECTOR ( 'NONE', #2395, 1000.000000000000000 ) ;
#1557 = EDGE_LOOP ( 'NONE', ( #1040, #4810, #4568, #1326, #1423, #6530 ) ) ;
#1558 = AXIS2_PLACEMENT_3D ( 'NONE', #2913, #3567, #1612 ) ;
#1559 = EDGE_CURVE ( 'NONE', #7927, #4286, #8569, .T. ) ;
#1560 = EDGE_CURVE ( 'NONE', #7509, #1031, #6876, .T. ) ;
#1561 = ORIENTED_EDGE ( 'NONE', *, *, #2115, .T. ) ;
#1562 = CARTESIAN_POINT ( 'NONE',  ( 6.750000000000002700, 5.049999999999999800, 12.20000000000000300 ) ) ;
#1563 = DIRECTION ( 'NONE',  ( 0.0000000000000000000, 1.000000000000000000, 0.0000000000000000000 ) ) ;
#1564 = EDGE_LOOP ( 'NONE', ( #5296, #3099, #304, #5560 ) ) ;
#1565 = ADVANCED_FACE ( 'NONE', ( #195 ), #4137, .T. ) ;
#1566 = VECTOR ( 'NONE', #4314, 1000.000000000000000 ) ;
#1567 = ORIENTED_EDGE ( 'NONE', *, *, #2009, .T. ) ;
#1568 = ORIENTED_EDGE ( 'NONE', *, *, #5548, .T. ) ;
#1569 = CARTESIAN_POINT ( 'NONE',  ( -7.374999999999998200, 5.700000000000000200, 12.20000000000000300 ) ) ;
#1570 = DIRECTION ( 'NONE',  ( 0.0000000000000000000, 0.0000000000000000000, 1.000000000000000000 ) ) ;
#1571 = EDGE_CURVE ( 'NONE', #374, #1732, #6160, .T. ) ;
#1572 = DIRECTION ( 'NONE',  ( 1.387778780781446500E-015, 0.0000000000000000000, 1.000000000000000000 ) ) ;
#1573 = CARTESIAN_POINT ( 'NONE',  ( -7.249999999999997300, 4.750000000000000900, 12.20000000000000300 ) ) ;
#1574 = FACE_OUTER_BOUND ( 'NONE', #4079, .T. ) ;
#1575 = FACE_OUTER_BOUND ( 'NONE', #6232, .T. ) ;
#1576 = CARTESIAN_POINT ( 'NONE',  ( 28.52499999999999500, 7.000000000000000000, -9.050000000000009600 ) ) ;
#1577 = VERTEX_POINT ( 'NONE', #168 ) ;
#1578 = VERTEX_POINT ( 'NONE', #7576 ) ;
#1579 = DIRECTION ( 'NONE',  ( 0.0000000000000000000, 0.0000000000000000000, -1.000000000000000000 ) ) ;
#1580 = LINE ( 'NONE', #991, #8605 ) ;
#1581 = DIRECTION ( 'NONE',  ( 0.0000000000000000000, 1.000000000000000000, -0.0000000000000000000 ) ) ;
#1582 = EDGE_CURVE ( 'NONE', #2900, #294, #407, .T. ) ;
#1583 = DIRECTION ( 'NONE',  ( 1.000000000000000000, -0.0000000000000000000, -0.0000000000000000000 ) ) ;
#1584 = ORIENTED_EDGE ( 'NONE', *, *, #4886, .T. ) ;
#1585 = AXIS2_PLACEMENT_3D ( 'NONE', #6565, #4571, #7971 ) ;
#1586 = DIRECTION ( 'NONE',  ( 0.0000000000000000000, 1.000000000000000000, 0.0000000000000000000 ) ) ;
#1587 = DIRECTION ( 'NONE',  ( 1.000000000000000000, -0.0000000000000000000, -0.0000000000000000000 ) ) ;
#1588 = CARTESIAN_POINT ( 'NONE',  ( -35.80000000000000400, 4.100000000000000500, 7.499999999999996400 ) ) ;
#1589 = DIRECTION ( 'NONE',  ( 0.0000000000000000000, 1.000000000000000000, -5.782411586589358800E-015 ) ) ;
#1590 = DIRECTION ( 'NONE',  ( 0.0000000000000000000, 1.000000000000000000, -0.0000000000000000000 ) ) ;
#1591 = DIRECTION ( 'NONE',  ( -0.0000000000000000000, 5.782411586589358800E-015, 1.000000000000000000 ) ) ;
#1592 = CARTESIAN_POINT ( 'NONE',  ( 7.250000000000002700, 5.049999999999999800, 12.20000000000000300 ) ) ;
#1593 = DIRECTION ( 'NONE',  ( 0.0000000000000000000, 0.0000000000000000000, -1.000000000000000000 ) ) ;
#1594 = FACE_OUTER_BOUND ( 'NONE', #7030, .T. ) ;
#1595 = DIRECTION ( 'NONE',  ( 1.000000000000000000, 0.0000000000000000000, 0.0000000000000000000 ) ) ;
#1596 = DIRECTION ( 'NONE',  ( 0.0000000000000000000, 1.000000000000000000, 0.0000000000000000000 ) ) ;
#1597 = VERTEX_POINT ( 'NONE', #90 ) ;
#1598 = AXIS2_PLACEMENT_3D ( 'NONE', #7655, #908, #3727 ) ;
#1599 = DIRECTION ( 'NONE',  ( -0.0000000000000000000, 1.000000000000000000, -0.0000000000000000000 ) ) ;
#1600 = DIRECTION ( 'NONE',  ( 0.0000000000000000000, 0.0000000000000000000, 1.000000000000000000 ) ) ;
#1601 = CARTESIAN_POINT ( 'NONE',  ( 30.24999999999998600, 2.500000000000000000, -16.54999999999999700 ) ) ;
#1602 = CARTESIAN_POINT ( 'NONE',  ( -34.90000000000000600, 4.350000000000000500, 0.0000000000000000000 ) ) ;
#1603 = VECTOR ( 'NONE', #8171, 1000.000000000000000 ) ;
#1604 = ORIENTED_EDGE ( 'NONE', *, *, #7918, .F. ) ;
#1605 = VERTEX_POINT ( 'NONE', #7601 ) ;
#1606 = EDGE_CURVE ( 'NONE', #7077, #2453, #8459, .T. ) ;
#1607 = LINE ( 'NONE', #5765, #8325 ) ;
#1608 = ADVANCED_FACE ( 'NONE', ( #5110 ), #5018, .F. ) ;
#1609 = VECTOR ( 'NONE', #3674, 1000.000000000000000 ) ;
#1610 = EDGE_LOOP ( 'NONE', ( #6754, #392, #5602, #5831 ) ) ;
#1611 = MECHANICAL_DESIGN_GEOMETRIC_PRESENTATION_REPRESENTATION (  '', ( #6890 ), #8584 ) ;
#1612 = DIRECTION ( 'NONE',  ( 0.0000000000000000000, 0.0000000000000000000, -1.000000000000000000 ) ) ;
#1613 = EDGE_CURVE ( 'NONE', #2879, #4344, #2793, .T. ) ;
#1614 = CARTESIAN_POINT ( 'NONE',  ( -4.749999999999997300, 4.650000000000002100, 12.40000000000000400 ) ) ;
#1615 = VECTOR ( 'NONE', #2601, 1000.000000000000000 ) ;
#1616 = ORIENTED_EDGE ( 'NONE', *, *, #3723, .F. ) ;
#1617 = VERTEX_POINT ( 'NONE', #4947 ) ;
#1618 = CARTESIAN_POINT ( 'NONE',  ( 1.250000000000002900, -4.699999999999997500, 12.80000000000000200 ) ) ;
#1619 = EDGE_CURVE ( 'NONE', #3389, #8575, #6653, .T. ) ;
#1620 = VECTOR ( 'NONE', #3097, 1000.000000000000000 ) ;
#1621 = CARTESIAN_POINT ( 'NONE',  ( 2.750000000000002700, 4.650000000000002100, 12.79999999999999900 ) ) ;
#1622 = ORIENTED_EDGE ( 'NONE', *, *, #7837, .F. ) ;
#1623 = LINE ( 'NONE', #2850, #3196 ) ;
#1624 = ORIENTED_EDGE ( 'NONE', *, *, #1796, .F. ) ;
#1625 = ORIENTED_EDGE ( 'NONE', *, *, #3153, .T. ) ;
#1626 = EDGE_LOOP ( 'NONE', ( #5115, #5911, #6153, #3403 ) ) ;
#1627 = EDGE_CURVE ( 'NONE', #1509, #3884, #4805, .T. ) ;
#1628 = FILL_AREA_STYLE ('',( #5657 ) ) ;
#1629 = LINE ( 'NONE', #5728, #7922 ) ;
#1630 = ORIENTED_EDGE ( 'NONE', *, *, #7107, .T. ) ;
#1631 = ORIENTED_EDGE ( 'NONE', *, *, #4791, .F. ) ;
#1632 = PLANE ( 'NONE',  #709 ) ;
#1633 = LINE ( 'NONE', #4861, #914 ) ;
#1634 = ORIENTED_EDGE ( 'NONE', *, *, #4426, .F. ) ;
#1635 = ORIENTED_EDGE ( 'NONE', *, *, #1656, .T. ) ;
#1636 = ORIENTED_EDGE ( 'NONE', *, *, #1295, .F. ) ;
#1637 = ORIENTED_EDGE ( 'NONE', *, *, #3527, .F. ) ;
#1638 = VERTEX_POINT ( 'NONE', #377 ) ;
#1639 = CARTESIAN_POINT ( 'NONE',  ( 5.250000000000002700, 4.750000000000000900, 12.20000000000000300 ) ) ;
#1640 =( GEOMETRIC_REPRESENTATION_CONTEXT ( 3 ) GLOBAL_UNCERTAINTY_ASSIGNED_CONTEXT ( ( #3176 ) ) GLOBAL_UNIT_ASSIGNED_CONTEXT ( ( #4546, #6540, #1209 ) ) REPRESENTATION_CONTEXT ( 'NONE', 'WORKASPACE' ) );
#1641 = CARTESIAN_POINT ( 'NONE',  ( 3.375000000000001300, 4.100000000000000500, 11.25000000000000400 ) ) ;
#1642 = EDGE_CURVE ( 'NONE', #2164, #7743, #8157, .T. ) ;
#1643 = CARTESIAN_POINT ( 'NONE',  ( -32.50000000000000000, 0.0000000000000000000, -17.79999999999999700 ) ) ;
#1644 = EDGE_CURVE ( 'NONE', #8401, #4608, #1536, .T. ) ;
#1645 = VECTOR ( 'NONE', #1583, 1000.000000000000000 ) ;
#1646 = VECTOR ( 'NONE', #1279, 1000.000000000000000 ) ;
#1647 = ORIENTED_EDGE ( 'NONE', *, *, #2778, .F. ) ;
#1648 = ORIENTED_EDGE ( 'NONE', *, *, #623, .T. ) ;
#1649 = DIRECTION ( 'NONE',  ( 1.000000000000000000, 0.0000000000000000000, -1.387778780781446300E-015 ) ) ;
#1650 = ADVANCED_FACE ( 'NONE', ( #6774 ), #3815, .F. ) ;
#1651 = DIRECTION ( 'NONE',  ( -0.0000000000000000000, 1.000000000000000000, -0.0000000000000000000 ) ) ;
#1652 = AXIS2_PLACEMENT_3D ( 'NONE', #6781, #6143, #2206 ) ;
#1653 = CARTESIAN_POINT ( 'NONE',  ( -34.90000000000000600, 4.100000000000000500, 12.50000000000000200 ) ) ;
#1654 = CARTESIAN_POINT ( 'NONE',  ( -15.00000000000000400, 7.299999999999999800, 13.55000000000000200 ) ) ;
#1655 = ORIENTED_EDGE ( 'NONE', *, *, #3754, .F. ) ;
#1656 = EDGE_CURVE ( 'NONE', #6365, #3875, #7934, .T. ) ;
#1657 = LINE ( 'NONE', #5664, #3675 ) ;
#1658 = LINE ( 'NONE', #6366, #4936 ) ;
#1659 = PLANE ( 'NONE',  #855 ) ;
#1660 = ORIENTED_EDGE ( 'NONE', *, *, #522, .F. ) ;
#1661 = DIRECTION ( 'NONE',  ( 1.000000000000000000, 0.0000000000000000000, 0.0000000000000000000 ) ) ;
#1662 = ORIENTED_EDGE ( 'NONE', *, *, #7269, .F. ) ;
#1663 = EDGE_CURVE ( 'NONE', #5393, #5429, #4385, .T. ) ;
#1664 = CARTESIAN_POINT ( 'NONE',  ( -4.749999999999997300, 4.650000000000002100, 12.50000000000000200 ) ) ;
#1665 = DIRECTION ( 'NONE',  ( -0.0000000000000000000, -1.000000000000000000, -0.0000000000000000000 ) ) ;
#1666 = AXIS2_PLACEMENT_3D ( 'NONE', #1286, #5976, #7043 ) ;
#1667 = FACE_OUTER_BOUND ( 'NONE', #5392, .T. ) ;
#1668 = EDGE_CURVE ( 'NONE', #2723, #2494, #182, .T. ) ;
#1669 = DIRECTION ( 'NONE',  ( 0.0000000000000000000, 0.0000000000000000000, -1.000000000000000000 ) ) ;
#1670 = DIRECTION ( 'NONE',  ( 0.0000000000000000000, 1.000000000000000000, -3.710638451287287400E-016 ) ) ;
#1671 = DIRECTION ( 'NONE',  ( 0.0000000000000000000, 1.000000000000000000, 0.0000000000000000000 ) ) ;
#1672 = CARTESIAN_POINT ( 'NONE',  ( -34.90000000000000600, 4.100000000000000500, 12.50000000000000200 ) ) ;
#1673 = LINE ( 'NONE', #1263, #5352 ) ;
#1674 = VERTEX_POINT ( 'NONE', #8479 ) ;
#1675 = LINE ( 'NONE', #6357, #7027 ) ;
#1676 = EDGE_CURVE ( 'NONE', #3672, #2982, #1240, .T. ) ;
#1677 = DIRECTION ( 'NONE',  ( 0.0000000000000000000, 0.0000000000000000000, -1.000000000000000000 ) ) ;
#1678 = DIRECTION ( 'NONE',  ( -0.0000000000000000000, 1.000000000000000000, -0.0000000000000000000 ) ) ;
#1679 = CARTESIAN_POINT ( 'NONE',  ( -7.249999999999997300, -4.699999999999999300, 12.50000000000000200 ) ) ;
#1680 = CARTESIAN_POINT ( 'NONE',  ( -5.374999999999998200, 5.700000000000000200, 11.25000000000000400 ) ) ;
#1681 = DIRECTION ( 'NONE',  ( 0.0000000000000000000, 0.0000000000000000000, 1.000000000000000000 ) ) ;
#1682 = DIRECTION ( 'NONE',  ( 0.0000000000000000000, 1.000000000000000000, -3.710638451287287400E-016 ) ) ;
#1683 = EDGE_CURVE ( 'NONE', #1233, #3778, #2995, .T. ) ;
#1684 = AXIS2_PLACEMENT_3D ( 'NONE', #719, #4868, #2177 ) ;
#1685 = VECTOR ( 'NONE', #6801, 1000.000000000000000 ) ;
#1686 = DIRECTION ( 'NONE',  ( 1.387778780781446500E-015, 0.0000000000000000000, 1.000000000000000000 ) ) ;
#1687 = ORIENTED_EDGE ( 'NONE', *, *, #1627, .F. ) ;
#1688 = EDGE_CURVE ( 'NONE', #3416, #3807, #513, .T. ) ;
#1689 = CARTESIAN_POINT ( 'NONE',  ( -34.90000000000000600, 5.700000000000000200, 12.50000000000000200 ) ) ;
#1690 = FACE_OUTER_BOUND ( 'NONE', #6167, .T. ) ;
#1691 = CARTESIAN_POINT ( 'NONE',  ( -38.85000000000000900, -4.199999999999999300, -6.750000000000000000 ) ) ;
#1692 = EDGE_CURVE ( 'NONE', #2017, #8634, #4573, .T. ) ;
#1693 = PLANE ( 'NONE',  #7755 ) ;
#1694 = CARTESIAN_POINT ( 'NONE',  ( -32.50000000000000000, 2.500000000000000000, -16.54999999999999700 ) ) ;
#1695 = FILL_AREA_STYLE ('',( #2399 ) ) ;
#1696 = LINE ( 'NONE', #4748, #1802 ) ;
#1697 = PLANE ( 'NONE',  #5861 ) ;
#1698 = ORIENTED_EDGE ( 'NONE', *, *, #619, .T. ) ;
#1699 = VERTEX_POINT ( 'NONE', #4352 ) ;
#1700 = ORIENTED_EDGE ( 'NONE', *, *, #562, .F. ) ;
#1701 = ADVANCED_FACE ( 'NONE', ( #4793 ), #348, .F. ) ;
#1702 = CARTESIAN_POINT ( 'NONE',  ( 2.750000000000002700, 4.650000000000002100, 12.50000000000000200 ) ) ;
#1703 = LINE ( 'NONE', #2725, #2539 ) ;
#1704 = ORIENTED_EDGE ( 'NONE', *, *, #5052, .F. ) ;
#1705 = ORIENTED_EDGE ( 'NONE', *, *, #316, .T. ) ;
#1706 = ORIENTED_EDGE ( 'NONE', *, *, #5013, .T. ) ;
#1707 = CARTESIAN_POINT ( 'NONE',  ( -34.40000000000000600, 5.700000000000000200, 0.9500000000000016200 ) ) ;
#1708 = CARTESIAN_POINT ( 'NONE',  ( 3.250000000000002700, -4.699999999999999300, 12.50000000000000200 ) ) ;
#1709 = AXIS2_PLACEMENT_3D ( 'NONE', #3264, #7956, #3962 ) ;
#1710 = VECTOR ( 'NONE', #6629, 1000.000000000000000 ) ;
#1711 = EDGE_CURVE ( 'NONE', #1233, #4967, #1003, .T. ) ;
#1712 = EDGE_CURVE ( 'NONE', #4343, #2095, #5201, .T. ) ;
#1713 = LINE ( 'NONE', #6377, #6416 ) ;
#1714 = VERTEX_POINT ( 'NONE', #1036 ) ;
#1715 = CARTESIAN_POINT ( 'NONE',  ( -35.80000000000000400, 4.100000000000000500, -12.50000000000000400 ) ) ;
#1716 = DIRECTION ( 'NONE',  ( 1.000000000000000000, 0.0000000000000000000, 0.0000000000000000000 ) ) ;
#1717 = CIRCLE ( 'NONE', #7801, 2.250000000000016000 ) ;
#1718 = CARTESIAN_POINT ( 'NONE',  ( -5.374999999999998200, 5.700000000000000200, 12.20000000000000300 ) ) ;
#1719 = DIRECTION ( 'NONE',  ( 0.0000000000000000000, -3.710638451287287400E-016, -1.000000000000000000 ) ) ;
#1720 = DIRECTION ( 'NONE',  ( 1.000000000000000000, 0.0000000000000000000, -0.0000000000000000000 ) ) ;
#1721 = LINE ( 'NONE', #7477, #4366 ) ;
#1722 = VERTEX_POINT ( 'NONE', #7136 ) ;
#1723 = ORIENTED_EDGE ( 'NONE', *, *, #891, .T. ) ;
#1724 = CARTESIAN_POINT ( 'NONE',  ( -7.374999999999998200, 4.100000000000000500, 11.25000000000000400 ) ) ;
#1725 = EDGE_CURVE ( 'NONE', #4585, #1463, #1629, .T. ) ;
#1726 = LINE ( 'NONE', #3397, #7411 ) ;
#1727 = FACE_OUTER_BOUND ( 'NONE', #5516, .T. ) ;
#1728 = ORIENTED_EDGE ( 'NONE', *, *, #6285, .F. ) ;
#1729 = AXIS2_PLACEMENT_3D ( 'NONE', #7179, #7332, #6636 ) ;
#1730 = VECTOR ( 'NONE', #286, 1000.000000000000000 ) ;
#1731 = VERTEX_POINT ( 'NONE', #5222 ) ;
#1732 = VERTEX_POINT ( 'NONE', #4529 ) ;
#1733 = ORIENTED_EDGE ( 'NONE', *, *, #7894, .T. ) ;
#1734 = DIRECTION ( 'NONE',  ( 1.000000000000000000, -0.0000000000000000000, 0.0000000000000000000 ) ) ;
#1735 = CARTESIAN_POINT ( 'NONE',  ( -38.85000000000000900, 0.8999999999999980200, -8.250000000000000000 ) ) ;
#1736 = DIRECTION ( 'NONE',  ( -0.0000000000000000000, 0.0000000000000000000, -1.000000000000000000 ) ) ;
#1737 = CARTESIAN_POINT ( 'NONE',  ( 6.625000000000002700, 5.700000000000000200, 11.25000000000000400 ) ) ;
#1738 = CIRCLE ( 'NONE', #8128, 0.09999999999999939500 ) ;
#1739 = FACE_OUTER_BOUND ( 'NONE', #8005, .T. ) ;
#1740 = EDGE_CURVE ( 'NONE', #7630, #177, #8562, .T. ) ;
#1741 = ORIENTED_EDGE ( 'NONE', *, *, #2394, .F. ) ;
#1742 = ORIENTED_EDGE ( 'NONE', *, *, #8497, .F. ) ;
#1743 = FACE_OUTER_BOUND ( 'NONE', #3167, .T. ) ;
#1744 = EDGE_LOOP ( 'NONE', ( #5134, #8004, #1510, #5532 ) ) ;
#1745 = ORIENTED_EDGE ( 'NONE', *, *, #4162, .T. ) ;
#1746 = ORIENTED_EDGE ( 'NONE', *, *, #3909, .F. ) ;
#1747 = ORIENTED_EDGE ( 'NONE', *, *, #447, .T. ) ;
#1748 = AXIS2_PLACEMENT_3D ( 'NONE', #1042, #5004, #6327 ) ;
#1749 = DIRECTION ( 'NONE',  ( 0.0000000000000000000, 0.0000000000000000000, 1.000000000000000000 ) ) ;
#1750 = VECTOR ( 'NONE', #779, 1000.000000000000000 ) ;
#1751 = LINE ( 'NONE', #5165, #7947 ) ;
#1752 = ORIENTED_EDGE ( 'NONE', *, *, #5166, .T. ) ;
#1753 = VERTEX_POINT ( 'NONE', #2511 ) ;
#1754 = DIRECTION ( 'NONE',  ( 0.0000000000000000000, 0.0000000000000000000, 1.000000000000000000 ) ) ;
#1755 = CARTESIAN_POINT ( 'NONE',  ( 35.79999999999999000, 7.299999999999999800, 13.55000000000000200 ) ) ;
#1756 = DIRECTION ( 'NONE',  ( 0.0000000000000000000, 1.000000000000000000, 0.0000000000000000000 ) ) ;
#1757 = DIRECTION ( 'NONE',  ( 0.0000000000000000000, 1.000000000000000000, 0.0000000000000000000 ) ) ;
#1758 = CARTESIAN_POINT ( 'NONE',  ( 0.6250000000000023300, 5.700000000000000200, 12.20000000000000300 ) ) ;
#1759 = DIRECTION ( 'NONE',  ( 0.0000000000000000000, 1.000000000000000000, 0.0000000000000000000 ) ) ;
#1760 = DIRECTION ( 'NONE',  ( -0.0000000000000000000, 0.0000000000000000000, 1.000000000000000000 ) ) ;
#1761 = CIRCLE ( 'NONE', #7793, 2.250000000000008900 ) ;
#1762 = LINE ( 'NONE', #5248, #5225 ) ;
#1763 = VERTEX_POINT ( 'NONE', #3192 ) ;
#1764 = CARTESIAN_POINT ( 'NONE',  ( -2.624999999999997300, 4.100000000000000500, 12.20000000000000300 ) ) ;
#1765 = ADVANCED_FACE ( 'NONE', ( #1226 ), #8142, .T. ) ;
#1766 = AXIS2_PLACEMENT_3D ( 'NONE', #3903, #5223, #1215 ) ;
#1767 = EDGE_CURVE ( 'NONE', #8396, #3373, #6147, .T. ) ;
#1768 = ORIENTED_EDGE ( 'NONE', *, *, #8257, .T. ) ;
#1769 = PLANE ( 'NONE',  #5262 ) ;
#1770 = ORIENTED_EDGE ( 'NONE', *, *, #21, .F. ) ;
#1771 = CARTESIAN_POINT ( 'NONE',  ( 1.375000000000001300, 5.700000000000000200, 11.25000000000000400 ) ) ;
#1772 = DIRECTION ( 'NONE',  ( 1.000000000000000000, 0.0000000000000000000, -0.0000000000000000000 ) ) ;
#1773 = FACE_OUTER_BOUND ( 'NONE', #6871, .T. ) ;
#1774 = DIRECTION ( 'NONE',  ( 0.0000000000000000000, 1.000000000000000000, 0.0000000000000000000 ) ) ;
#1775 = EDGE_CURVE ( 'NONE', #8266, #1780, #6758, .T. ) ;
#1776 = EDGE_LOOP ( 'NONE', ( #7242, #728, #8664, #2155 ) ) ;
#1777 = PRESENTATION_STYLE_ASSIGNMENT (( #3457 ) ) ;
#1778 = FACE_OUTER_BOUND ( 'NONE', #8523, .T. ) ;
#1779 = CARTESIAN_POINT ( 'NONE',  ( -38.25000000000000700, -17.31554944214035200, 0.2500000000000012200 ) ) ;
#1780 = VERTEX_POINT ( 'NONE', #501 ) ;
#1781 = DIRECTION ( 'NONE',  ( 1.000000000000000000, -0.0000000000000000000, -0.0000000000000000000 ) ) ;
#1782 = VERTEX_POINT ( 'NONE', #7884 ) ;
#1783 = DIRECTION ( 'NONE',  ( 1.000000000000000000, -0.0000000000000000000, -0.0000000000000000000 ) ) ;
#1784 = EDGE_CURVE ( 'NONE', #6475, #7630, #6979, .T. ) ;
#1785 = CARTESIAN_POINT ( 'NONE',  ( 6.625000000000002700, 5.700000000000000200, 12.20000000000000300 ) ) ;
#1786 = DIRECTION ( 'NONE',  ( 1.000000000000000000, 0.0000000000000000000, -2.168404344971008900E-016 ) ) ;
#1787 = CYLINDRICAL_SURFACE ( 'NONE', #6081, 2.250000000000008900 ) ;
#1788 = DIRECTION ( 'NONE',  ( 1.000000000000000000, 0.0000000000000000000, -0.0000000000000000000 ) ) ;
#1789 = DIRECTION ( 'NONE',  ( 1.000000000000000000, 0.0000000000000000000, -0.0000000000000000000 ) ) ;
#1790 = EDGE_LOOP ( 'NONE', ( #4857, #1132, #5637, #3126 ) ) ;
#1791 = CARTESIAN_POINT ( 'NONE',  ( 6.750000000000002700, 4.650000000000002100, 12.79999999999999900 ) ) ;
#1792 = DIRECTION ( 'NONE',  ( 0.0000000000000000000, 0.0000000000000000000, 1.000000000000000000 ) ) ;
#1793 = DIRECTION ( 'NONE',  ( 1.000000000000000000, -0.0000000000000000000, 0.0000000000000000000 ) ) ;
#1794 = EDGE_CURVE ( 'NONE', #7632, #2435, #1433, .T. ) ;
#1795 = VECTOR ( 'NONE', #6916, 1000.000000000000000 ) ;
#1796 = EDGE_CURVE ( 'NONE', #3002, #3414, #3427, .T. ) ;
#1797 = CARTESIAN_POINT ( 'NONE',  ( -3.249999999999997800, -4.699999999999997500, 12.80000000000000200 ) ) ;
#1798 = ORIENTED_EDGE ( 'NONE', *, *, #247, .T. ) ;
#1799 = ORIENTED_EDGE ( 'NONE', *, *, #1401, .F. ) ;
#1800 = CARTESIAN_POINT ( 'NONE',  ( -34.40000000000000600, 6.899999999999998600, -6.249999999999999100 ) ) ;
#1801 =( GEOMETRIC_REPRESENTATION_CONTEXT ( 3 ) GLOBAL_UNCERTAINTY_ASSIGNED_CONTEXT ( ( #7590 ) ) GLOBAL_UNIT_ASSIGNED_CONTEXT ( ( #3420, #98, #4118 ) ) REPRESENTATION_CONTEXT ( 'NONE', 'WORKASPACE' ) );
#1802 = VECTOR ( 'NONE', #5408, 1000.000000000000000 ) ;
#1803 = VERTEX_POINT ( 'NONE', #7943 ) ;
#1804 = CARTESIAN_POINT ( 'NONE',  ( -34.90000000000000600, 4.100000000000000500, 12.50000000000000200 ) ) ;
#1805 = AXIS2_PLACEMENT_3D ( 'NONE', #231, #1586, #4920 ) ;
#1806 = DIRECTION ( 'NONE',  ( 0.0000000000000000000, 0.0000000000000000000, -1.000000000000000000 ) ) ;
#1807 = LINE ( 'NONE', #1430, #8317 ) ;
#1808 = CARTESIAN_POINT ( 'NONE',  ( -6.010887296633280000, 4.350000000000000500, 16.51477711838690600 ) ) ;
#1809 = VERTEX_POINT ( 'NONE', #8613 ) ;
#1810 = AXIS2_PLACEMENT_3D ( 'NONE', #357, #7747, #2949 ) ;
#1811 = ORIENTED_EDGE ( 'NONE', *, *, #2190, .F. ) ;
#1812 = ORIENTED_EDGE ( 'NONE', *, *, #6913, .T. ) ;
#1813 = DIRECTION ( 'NONE',  ( 1.000000000000000000, 0.0000000000000000000, -0.0000000000000000000 ) ) ;
#1814 = CARTESIAN_POINT ( 'NONE',  ( -34.90000000000000600, 5.700000000000000200, 12.50000000000000200 ) ) ;
#1815 = DIRECTION ( 'NONE',  ( 1.000000000000000000, 0.0000000000000000000, -0.0000000000000000000 ) ) ;
#1816 = EDGE_CURVE ( 'NONE', #2059, #7931, #3201, .T. ) ;
#1817 = CARTESIAN_POINT ( 'NONE',  ( 34.89999999999999900, -74.14202586927336800, -12.50000000000000400 ) ) ;
#1818 = LINE ( 'NONE', #1907, #4764 ) ;
#1819 = CIRCLE ( 'NONE', #108, 0.8999999999999980200 ) ;
#1820 = ORIENTED_EDGE ( 'NONE', *, *, #369, .F. ) ;
#1821 = CARTESIAN_POINT ( 'NONE',  ( 0.7500000000000024400, 5.049999999999999800, 12.20000000000000300 ) ) ;
#1822 = CARTESIAN_POINT ( 'NONE',  ( -34.90000000000000600, 7.100000000000008500, -12.50000000000000400 ) ) ;
#1823 = CARTESIAN_POINT ( 'NONE',  ( 4.750000000000002700, 5.049999999999999800, 12.20000000000000300 ) ) ;
#1824 = DIRECTION ( 'NONE',  ( 0.0000000000000000000, 0.0000000000000000000, 1.000000000000000000 ) ) ;
#1825 = LINE ( 'NONE', #2722, #6037 ) ;
#1826 = EDGE_LOOP ( 'NONE', ( #3860, #3216, #7036, #1121 ) ) ;
#1827 = ORIENTED_EDGE ( 'NONE', *, *, #7329, .T. ) ;
#1828 = AXIS2_PLACEMENT_3D ( 'NONE', #459, #8524, #7193 ) ;
#1829 = EDGE_CURVE ( 'NONE', #5479, #4367, #1726, .T. ) ;
#1830 = CARTESIAN_POINT ( 'NONE',  ( 7.250000000000002700, -4.699999999999999300, 12.50000000000000200 ) ) ;
#1831 = VECTOR ( 'NONE', #6429, 1000.000000000000000 ) ;
#1832 = ORIENTED_EDGE ( 'NONE', *, *, #1358, .F. ) ;
#1833 = DIRECTION ( 'NONE',  ( 1.387778780781446500E-015, 0.0000000000000000000, 1.000000000000000000 ) ) ;
#1834 = VECTOR ( 'NONE', #4000, 1000.000000000000000 ) ;
#1835 = ORIENTED_EDGE ( 'NONE', *, *, #5737, .F. ) ;
#1836 = EDGE_LOOP ( 'NONE', ( #238, #581, #7710, #478 ) ) ;
#1837 = EDGE_LOOP ( 'NONE', ( #6158, #1131, #1250, #6778 ) ) ;
#1838 = DIRECTION ( 'NONE',  ( -0.0000000000000000000, 1.000000000000000000, -0.0000000000000000000 ) ) ;
#1839 = EDGE_LOOP ( 'NONE', ( #6658, #829, #2443, #8152 ) ) ;
#1840 = CARTESIAN_POINT ( 'NONE',  ( 0.7500000000000024400, 4.750000000000000900, 12.20000000000000300 ) ) ;
#1841 = CARTESIAN_POINT ( 'NONE',  ( 7.375000000000002700, 4.100000000000000500, 12.20000000000000300 ) ) ;
#1842 = VECTOR ( 'NONE', #3711, 1000.000000000000000 ) ;
#1843 = VECTOR ( 'NONE', #59, 1000.000000000000000 ) ;
#1844 = ORIENTED_EDGE ( 'NONE', *, *, #7478, .F. ) ;
#1846 = CLOSED_SHELL ( 'NONE', ( #7487, #3297, #3678, #6818, #707, #3648, #2727 ) ) ;
#1845 = PRODUCT ( 'NHD-C0220BIZ-FSW-FBW-3V3M', 'NHD-C0220BIZ-FSW-FBW-3V3M', '', ( #5121 ) ) ;
#1847 = CARTESIAN_POINT ( 'NONE',  ( -6.624999999999997300, 5.400000000000000400, 12.50000000000000200 ) ) ;
#1848 = VECTOR ( 'NONE', #899, 1000.000000000000000 ) ;
#1849 = VERTEX_POINT ( 'NONE', #8088 ) ;
#1850 = ORIENTED_EDGE ( 'NONE', *, *, #6771, .F. ) ;
#1851 = ORIENTED_EDGE ( 'NONE', *, *, #5446, .T. ) ;
#1852 = EDGE_CURVE ( 'NONE', #3004, #3285, #8354, .T. ) ;
#1853 = ADVANCED_FACE ( 'NONE', ( #1524 ), #3344, .F. ) ;
#1854 = DIRECTION ( 'NONE',  ( -1.387778780781446500E-015, -0.0000000000000000000, -1.000000000000000000 ) ) ;
#1855 = MECHANICAL_DESIGN_GEOMETRIC_PRESENTATION_REPRESENTATION (  '', ( #3956 ), #7715 ) ;
#1856 = VECTOR ( 'NONE', #3887, 1000.000000000000000 ) ;
#1857 = ORIENTED_EDGE ( 'NONE', *, *, #2860, .F. ) ;
#1858 = EDGE_LOOP ( 'NONE', ( #367, #887, #6647, #647 ) ) ;
#1859 = ORIENTED_EDGE ( 'NONE', *, *, #5377, .T. ) ;
#1860 = EDGE_LOOP ( 'NONE', ( #3677, #3267, #4899, #2029 ) ) ;
#1861 = DIRECTION ( 'NONE',  ( 1.000000000000000000, 0.0000000000000000000, 0.0000000000000000000 ) ) ;
#1862 = CARTESIAN_POINT ( 'NONE',  ( -7.249999999999997300, 5.049999999999998000, 12.40000000000000400 ) ) ;
#1863 = EDGE_CURVE ( 'NONE', #291, #4500, #7738, .T. ) ;
#1864 = VECTOR ( 'NONE', #1665, 1000.000000000000000 ) ;
#1865 = VECTOR ( 'NONE', #4958, 1000.000000000000000 ) ;
#1866 = ORIENTED_EDGE ( 'NONE', *, *, #43, .F. ) ;
#1867 = ORIENTED_EDGE ( 'NONE', *, *, #8636, .T. ) ;
#1868 = AXIS2_PLACEMENT_3D ( 'NONE', #4085, #717, #7435 ) ;
#1869 = DIRECTION ( 'NONE',  ( 0.0000000000000000000, 1.000000000000000000, -0.0000000000000000000 ) ) ;
#1870 = CARTESIAN_POINT ( 'NONE',  ( -34.40000000000000600, 5.700000000000000200, -7.449999999999998400 ) ) ;
#1871 = DIRECTION ( 'NONE',  ( 0.0000000000000000000, 0.0000000000000000000, 1.000000000000000000 ) ) ;
#1872 = ORIENTED_EDGE ( 'NONE', *, *, #8351, .T. ) ;
#1873 = CARTESIAN_POINT ( 'NONE',  ( 34.89999999999999900, 0.9000000000000000200, -12.50000000000000400 ) ) ;
#1874 = DIRECTION ( 'NONE',  ( -1.000000000000000000, -0.0000000000000000000, -0.0000000000000000000 ) ) ;
#1875 = VECTOR ( 'NONE', #6976, 1000.000000000000000 ) ;
#1876 = VECTOR ( 'NONE', #3079, 1000.000000000000000 ) ;
#1877 = EDGE_LOOP ( 'NONE', ( #2988, #7925, #2271, #5950 ) ) ;
#1878 = DIRECTION ( 'NONE',  ( -0.0000000000000000000, 1.000000000000000000, -0.0000000000000000000 ) ) ;
#1879 = CARTESIAN_POINT ( 'NONE',  ( 0.7500000000000024400, 4.750000000000000900, 12.20000000000000300 ) ) ;
#1880 = ORIENTED_EDGE ( 'NONE', *, *, #7772, .F. ) ;
#1881 = AXIS2_PLACEMENT_3D ( 'NONE', #5543, #959, #937 ) ;
#1882 = CARTESIAN_POINT ( 'NONE',  ( 10.00000000000000000, 5.700000000000000200, 11.25000000000000400 ) ) ;
#1883 = LINE ( 'NONE', #4045, #7326 ) ;
#1884 = ORIENTED_EDGE ( 'NONE', *, *, #568, .F. ) ;
#1885 = DIRECTION ( 'NONE',  ( 0.0000000000000000000, 0.0000000000000000000, -1.000000000000000000 ) ) ;
#1886 = MANIFOLD_SOLID_BREP ( 'LPattern1[7]', #1937 ) ;
#1887 = CARTESIAN_POINT ( 'NONE',  ( 28.52499999999999500, 7.299999999999999800, -10.80000000000001100 ) ) ;
#1888 = LINE ( 'NONE', #3383, #5152 ) ;
#1889 = EDGE_CURVE ( 'NONE', #2260, #1388, #1947, .T. ) ;
#1890 = VECTOR ( 'NONE', #5603, 1000.000000000000000 ) ;
#1891 = EDGE_LOOP ( 'NONE', ( #1025, #2744, #2856, #2783 ) ) ;
#1892 = ADVANCED_FACE ( 'NONE', ( #5298 ), #4631, .F. ) ;
#1893 = CARTESIAN_POINT ( 'NONE',  ( 2.625000000000002200, 4.100000000000000500, 11.25000000000000400 ) ) ;
#1894 = DIRECTION ( 'NONE',  ( -1.000000000000000000, -0.0000000000000000000, -0.0000000000000000000 ) ) ;
#1895 = DIRECTION ( 'NONE',  ( -1.000000000000000000, 0.0000000000000000000, 1.206764157201257300E-016 ) ) ;
#1896 = CARTESIAN_POINT ( 'NONE',  ( -32.49999999999999300, 2.500000000000000000, 16.55000000000000400 ) ) ;
#1897 = LINE ( 'NONE', #6011, #6106 ) ;
#1898 = CARTESIAN_POINT ( 'NONE',  ( 34.75000000000001400, 0.0000000000000000000, 16.54999999999998600 ) ) ;
#1899 = VERTEX_POINT ( 'NONE', #2012 ) ;
#1900 = EDGE_CURVE ( 'NONE', #6852, #5886, #7628, .T. ) ;
#1901 = LINE ( 'NONE', #4923, #8413 ) ;
#1902 = DIRECTION ( 'NONE',  ( 0.0000000000000000000, 1.000000000000000000, 0.0000000000000000000 ) ) ;
#1903 = VERTEX_POINT ( 'NONE', #4907 ) ;
#1904 = EDGE_CURVE ( 'NONE', #8030, #7024, #5730, .T. ) ;
#1905 = EDGE_CURVE ( 'NONE', #86, #4915, #7185, .T. ) ;
#1906 = CARTESIAN_POINT ( 'NONE',  ( -34.90000000000001300, 4.100000000000000500, 6.000000000000005300 ) ) ;
#1907 = CARTESIAN_POINT ( 'NONE',  ( -0.7499999999999972200, 4.750000000000000900, 12.20000000000000300 ) ) ;
#1908 = FACE_OUTER_BOUND ( 'NONE', #5628, .T. ) ;
#1909 = PLANE ( 'NONE',  #1709 ) ;
#1910 = ORIENTED_EDGE ( 'NONE', *, *, #8026, .T. ) ;
#1911 = DIRECTION ( 'NONE',  ( -0.0000000000000000000, 1.000000000000000000, -3.710638451287287400E-016 ) ) ;
#1912 = ORIENTED_EDGE ( 'NONE', *, *, #3235, .T. ) ;
#1913 = AXIS2_PLACEMENT_3D ( 'NONE', #7240, #7983, #5339 ) ;
#1914 = CARTESIAN_POINT ( 'NONE',  ( -7.374999999999998200, 4.100000000000000500, 0.0000000000000000000 ) ) ;
#1915 = CARTESIAN_POINT ( 'NONE',  ( -34.40000000000000600, 4.500000000000002700, -0.2499999999999987000 ) ) ;
#1916 = ORIENTED_EDGE ( 'NONE', *, *, #1905, .F. ) ;
#1917 = EDGE_CURVE ( 'NONE', #4376, #6487, #5411, .T. ) ;
#1918 = CARTESIAN_POINT ( 'NONE',  ( 1.250000000000002900, 4.650000000000002100, 12.40000000000000400 ) ) ;
#1919 = VERTEX_POINT ( 'NONE', #6793 ) ;
#1920 = VERTEX_POINT ( 'NONE', #2867 ) ;
#1921 = ADVANCED_FACE ( 'NONE', ( #8449 ), #2814, .F. ) ;
#1922 = CARTESIAN_POINT ( 'NONE',  ( 1.375000000000001300, 5.400000000000000400, 11.25000000000000400 ) ) ;
#1923 = AXIS2_PLACEMENT_3D ( 'NONE', #3893, #4453, #5285 ) ;
#1924 = FACE_BOUND ( 'NONE', #2556, .T. ) ;
#1925 = LINE ( 'NONE', #2441, #3402 ) ;
#1926 = ORIENTED_EDGE ( 'NONE', *, *, #7656, .F. ) ;
#1927 = VECTOR ( 'NONE', #6358, 1000.000000000000000 ) ;
#1928 = ORIENTED_EDGE ( 'NONE', *, *, #1676, .T. ) ;
#1929 = CARTESIAN_POINT ( 'NONE',  ( -34.40000000000000600, 6.899999999999998600, -6.249999999999999100 ) ) ;
#1930 = EDGE_CURVE ( 'NONE', #4567, #1731, #588, .T. ) ;
#1931 = DIRECTION ( 'NONE',  ( 0.0000000000000000000, 1.000000000000000000, -3.710638451287287400E-016 ) ) ;
#1932 = AXIS2_PLACEMENT_3D ( 'NONE', #5468, #2802, #4182 ) ;
#1933 = LINE ( 'NONE', #1167, #8017 ) ;
#1934 = EDGE_CURVE ( 'NONE', #3971, #4849, #683, .T. ) ;
#1935 = ORIENTED_EDGE ( 'NONE', *, *, #710, .F. ) ;
#1936 = FACE_OUTER_BOUND ( 'NONE', #1626, .T. ) ;
#1937 = CLOSED_SHELL ( 'NONE', ( #6612, #4808, #2497, #5323, #5558, #5902, #1141, #3234, #1113, #1440, #4026, #7988, #8237, #5363, #5940 ) ) ;
#1938 = ORIENTED_EDGE ( 'NONE', *, *, #8165, .T. ) ;
#1939 = ORIENTED_EDGE ( 'NONE', *, *, #8417, .T. ) ;
#1940 = CARTESIAN_POINT ( 'NONE',  ( 2.750000000000002700, -4.699999999999999300, 12.50000000000000200 ) ) ;
#1941 = CARTESIAN_POINT ( 'NONE',  ( 3.250000000000002700, 4.650000000000002100, 12.40000000000000400 ) ) ;
#1942 = CARTESIAN_POINT ( 'NONE',  ( -30.24999999999998600, 2.500000000000000000, 16.54999999999998600 ) ) ;
#1943 = CARTESIAN_POINT ( 'NONE',  ( -34.75000000000000700, 7.299999999999999800, -13.54999999999999900 ) ) ;
#1944 = DIRECTION ( 'NONE',  ( 0.0000000000000000000, 0.0000000000000000000, -1.000000000000000000 ) ) ;
#1945 = DIRECTION ( 'NONE',  ( -0.0000000000000000000, 1.000000000000000000, -3.710638451287287400E-016 ) ) ;
#1946 = DIRECTION ( 'NONE',  ( -1.000000000000000000, 0.0000000000000000000, -0.0000000000000000000 ) ) ;
#1947 = LINE ( 'NONE', #7449, #397 ) ;
#1948 = FACE_OUTER_BOUND ( 'NONE', #4072, .T. ) ;
#1949 = ORIENTED_EDGE ( 'NONE', *, *, #6332, .T. ) ;
#1950 = VECTOR ( 'NONE', #6195, 1000.000000000000000 ) ;
#1951 = VERTEX_POINT ( 'NONE', #857 ) ;
#1952 = ORIENTED_EDGE ( 'NONE', *, *, #3845, .T. ) ;
#1953 = ORIENTED_EDGE ( 'NONE', *, *, #5319, .T. ) ;
#1954 = AXIS2_PLACEMENT_3D ( 'NONE', #1918, #7344, #41 ) ;
#1955 = EDGE_CURVE ( 'NONE', #2060, #2901, #3413, .T. ) ;
#1956 = CARTESIAN_POINT ( 'NONE',  ( 28.52499999999999500, 7.000000000000000000, -10.80000000000001000 ) ) ;
#1957 = VECTOR ( 'NONE', #3478, 1000.000000000000000 ) ;
#1958 = LINE ( 'NONE', #1109, #2058 ) ;
#1959 = ORIENTED_EDGE ( 'NONE', *, *, #4736, .T. ) ;
#1960 = VERTEX_POINT ( 'NONE', #4883 ) ;
#1961 = ORIENTED_EDGE ( 'NONE', *, *, #2018, .F. ) ;
#1962 = ORIENTED_EDGE ( 'NONE', *, *, #3300, .T. ) ;
#1963 = EDGE_CURVE ( 'NONE', #6587, #4050, #6334, .T. ) ;
#1964 = DIRECTION ( 'NONE',  ( 1.000000000000000000, 0.0000000000000000000, 0.0000000000000000000 ) ) ;
#1965 = PLANE ( 'NONE',  #6264 ) ;
#1966 = VERTEX_POINT ( 'NONE', #2131 ) ;
#1967 = FACE_OUTER_BOUND ( 'NONE', #7585, .T. ) ;
#1968 = LINE ( 'NONE', #4436, #4701 ) ;
#1969 = EDGE_CURVE ( 'NONE', #7735, #5632, #3859, .T. ) ;
#1970 = ORIENTED_EDGE ( 'NONE', *, *, #1627, .T. ) ;
#1971 = AXIS2_PLACEMENT_3D ( 'NONE', #1512, #8182, #4878 ) ;
#1972 = LINE ( 'NONE', #8616, #4312 ) ;
#1973 = VECTOR ( 'NONE', #7714, 1000.000000000000000 ) ;
#1974 = CARTESIAN_POINT ( 'NONE',  ( -28.97500000000000100, 7.000000000000000000, -10.80000000000000200 ) ) ;
#1975 = DIRECTION ( 'NONE',  ( -1.000000000000000000, 0.0000000000000000000, 0.0000000000000000000 ) ) ;
#1976 = VERTEX_POINT ( 'NONE', #961 ) ;
#1977 = EDGE_CURVE ( 'NONE', #5520, #7984, #4561, .T. ) ;
#1978 = ADVANCED_FACE ( 'NONE', ( #5189 ), #4304, .F. ) ;
#1979 = CARTESIAN_POINT ( 'NONE',  ( -1.374999999999997800, 4.100000000000000500, 0.0000000000000000000 ) ) ;
#1980 = CARTESIAN_POINT ( 'NONE',  ( 7.374999999999985800, 4.100000000000000500, 9.194034422677102800E-015 ) ) ;
#1981 = COLOUR_RGB ( '',0.7921568627450980000, 0.8196078431372548800, 0.9333333333333333500 ) ;
#1982 = FACE_OUTER_BOUND ( 'NONE', #2040, .T. ) ;
#1983 = AXIS2_PLACEMENT_3D ( 'NONE', #6129, #112, #2105 ) ;
#1984 = CARTESIAN_POINT ( 'NONE',  ( 6.750000000000002700, 5.049999999999999800, 12.20000000000000300 ) ) ;
#1985 = EDGE_LOOP ( 'NONE', ( #5075, #5244, #7707, #5117 ) ) ;
#1986 = CARTESIAN_POINT ( 'NONE',  ( 14.00000000000000000, 0.0000000000000000000, 12.20000000000000300 ) ) ;
#1987 = AXIS2_PLACEMENT_3D ( 'NONE', #1800, #6898, #2882 ) ;
#1988 = VECTOR ( 'NONE', #6209, 1000.000000000000000 ) ;
#1989 =( NAMED_UNIT ( * ) PLANE_ANGLE_UNIT ( ) SI_UNIT ( $, .RADIAN. ) );
#1990 = ORIENTED_EDGE ( 'NONE', *, *, #2144, .T. ) ;
#1991 = DIRECTION ( 'NONE',  ( 0.0000000000000000000, 0.7071067811865597900, -0.7071067811865352500 ) ) ;
#1992 = ORIENTED_EDGE ( 'NONE', *, *, #6574, .F. ) ;
#1993 = UNCERTAINTY_MEASURE_WITH_UNIT (LENGTH_MEASURE( 1.000000000000000100E-005 ), #6720, 'distance_accuracy_value', 'NONE');
#1994 = VECTOR ( 'NONE', #2090, 1000.000000000000000 ) ;
#1995 = VECTOR ( 'NONE', #3613, 1000.000000000000000 ) ;
#1996 = CARTESIAN_POINT ( 'NONE',  ( -4.749999999999997300, 4.650000000000002100, 12.40000000000000400 ) ) ;
#1997 = CIRCLE ( 'NONE', #2411, 0.09999999999999939500 ) ;
#1998 = CARTESIAN_POINT ( 'NONE',  ( -39.90000000000000600, 4.100000000000000500, 0.0000000000000000000 ) ) ;
#1999 = CARTESIAN_POINT ( 'NONE',  ( 34.89999999999999900, 4.100000000000000500, 12.50000000000000200 ) ) ;
#2000 = EDGE_CURVE ( 'NONE', #2296, #2427, #2771, .T. ) ;
#2001 = SURFACE_SIDE_STYLE ('',( #1537 ) ) ;
#2002 = VECTOR ( 'NONE', #760, 1000.000000000000000 ) ;
#2003 = ORIENTED_EDGE ( 'NONE', *, *, #535, .F. ) ;
#2004 = CARTESIAN_POINT ( 'NONE',  ( 0.7500000000000024400, -4.699999999999999300, 12.50000000000000200 ) ) ;
#2005 = DIRECTION ( 'NONE',  ( -1.000000000000000000, 0.0000000000000000000, 0.0000000000000000000 ) ) ;
#2006 = CARTESIAN_POINT ( 'NONE',  ( -34.90000000000001300, 4.350000000000000500, 6.000000000000005300 ) ) ;
#2007 = PLANE ( 'NONE',  #3398 ) ;
#2008 = CARTESIAN_POINT ( 'NONE',  ( -34.90000000000000600, 4.100000000000000500, 7.499999999999996400 ) ) ;
#2009 = EDGE_CURVE ( 'NONE', #1753, #2657, #5398, .T. ) ;
#2010 = ORIENTED_EDGE ( 'NONE', *, *, #3400, .F. ) ;
#2011 = DIRECTION ( 'NONE',  ( 0.0000000000000000000, 0.0000000000000000000, 1.000000000000000000 ) ) ;
#2012 = CARTESIAN_POINT ( 'NONE',  ( 34.89999999999999900, 7.299999999999999800, 12.50000000000000200 ) ) ;
#2013 = EDGE_CURVE ( 'NONE', #3205, #5568, #8343, .T. ) ;
#2014 = DIRECTION ( 'NONE',  ( 0.0000000000000000000, 1.000000000000000000, 0.0000000000000000000 ) ) ;
#2015 = ADVANCED_FACE ( 'NONE', ( #7506 ), #8410, .F. ) ;
#2016 = FACE_OUTER_BOUND ( 'NONE', #6973, .T. ) ;
#2017 = VERTEX_POINT ( 'NONE', #5868 ) ;
#2018 = EDGE_CURVE ( 'NONE', #1578, #4789, #278, .T. ) ;
#2019 = CARTESIAN_POINT ( 'NONE',  ( 6.625000000000002700, 4.100000000000000500, 0.0000000000000000000 ) ) ;
#2020 = DIRECTION ( 'NONE',  ( 2.168404344971008900E-016, 0.0000000000000000000, 1.000000000000000000 ) ) ;
#2021 = DIRECTION ( 'NONE',  ( 0.0000000000000000000, 0.0000000000000000000, 1.000000000000000000 ) ) ;
#2022 = DIRECTION ( 'NONE',  ( -1.000000000000000000, 0.0000000000000000000, 0.0000000000000000000 ) ) ;
#2023 = CIRCLE ( 'NONE', #4834, 1.200000000000000200 ) ;
#2024 = DIRECTION ( 'NONE',  ( -0.0000000000000000000, 1.000000000000000000, -0.0000000000000000000 ) ) ;
#2025 = ADVANCED_FACE ( 'NONE', ( #7912 ), #6695, .F. ) ;
#2026 = ORIENTED_EDGE ( 'NONE', *, *, #8153, .T. ) ;
#2027 = AXIS2_PLACEMENT_3D ( 'NONE', #7921, #641, #1946 ) ;
#2028 = LINE ( 'NONE', #7960, #5490 ) ;
#2029 = ORIENTED_EDGE ( 'NONE', *, *, #8468, .T. ) ;
#2030 = DIRECTION ( 'NONE',  ( 0.0000000000000000000, 0.0000000000000000000, 1.000000000000000000 ) ) ;
#2031 = VECTOR ( 'NONE', #971, 1000.000000000000000 ) ;
#2032 = DIRECTION ( 'NONE',  ( 1.000000000000000000, -0.0000000000000000000, -0.0000000000000000000 ) ) ;
#2033 = VECTOR ( 'NONE', #524, 1000.000000000000000 ) ;
#2034 = VERTEX_POINT ( 'NONE', #1702 ) ;
#2035 = ORIENTED_EDGE ( 'NONE', *, *, #3281, .T. ) ;
#2036 = CARTESIAN_POINT ( 'NONE',  ( -0.7499999999999972200, 4.650000000000002100, 12.79999999999999900 ) ) ;
#2037 = AXIS2_PLACEMENT_3D ( 'NONE', #7885, #3170, #7864 ) ;
#2038 = FACE_OUTER_BOUND ( 'NONE', #2934, .T. ) ;
#2039 = FACE_OUTER_BOUND ( 'NONE', #807, .T. ) ;
#2040 = EDGE_LOOP ( 'NONE', ( #2458, #1362, #6837, #2563 ) ) ;
#2041 = ORIENTED_EDGE ( 'NONE', *, *, #4492, .F. ) ;
#2042 = ORIENTED_EDGE ( 'NONE', *, *, #1917, .F. ) ;
#2043 = ORIENTED_EDGE ( 'NONE', *, *, #7764, .F. ) ;
#2044 = DIRECTION ( 'NONE',  ( 0.0000000000000000000, 0.0000000000000000000, -1.000000000000000000 ) ) ;
#2045 = AXIS2_PLACEMENT_3D ( 'NONE', #8050, #8080, #4721 ) ;
#2046 = EDGE_CURVE ( 'NONE', #1763, #6727, #6435, .T. ) ;
#2047 = EDGE_CURVE ( 'NONE', #4567, #151, #1421, .T. ) ;
#2048 = VECTOR ( 'NONE', #3748, 1000.000000000000000 ) ;
#2049 = VECTOR ( 'NONE', #5345, 1000.000000000000000 ) ;
#2050 = ORIENTED_EDGE ( 'NONE', *, *, #6407, .T. ) ;
#2051 = DIRECTION ( 'NONE',  ( -0.0000000000000000000, -1.000000000000000000, -0.0000000000000000000 ) ) ;
#2052 = VECTOR ( 'NONE', #5793, 1000.000000000000000 ) ;
#2053 = ORIENTED_EDGE ( 'NONE', *, *, #6220, .T. ) ;
#2054 = ORIENTED_EDGE ( 'NONE', *, *, #6319, .T. ) ;
#2055 = DIRECTION ( 'NONE',  ( 1.000000000000000000, -0.0000000000000000000, -0.0000000000000000000 ) ) ;
#2056 = DIRECTION ( 'NONE',  ( -1.000000000000000000, -0.0000000000000000000, -0.0000000000000000000 ) ) ;
#2057 = VECTOR ( 'NONE', #4363, 1000.000000000000000 ) ;
#2058 = VECTOR ( 'NONE', #3764, 1000.000000000000000 ) ;
#2059 = VERTEX_POINT ( 'NONE', #7766 ) ;
#2060 = VERTEX_POINT ( 'NONE', #2311 ) ;
#2061 = ADVANCED_FACE ( 'NONE', ( #2038 ), #7014, .F. ) ;
#2062 = DIRECTION ( 'NONE',  ( -0.0000000000000000000, 0.0000000000000000000, -1.000000000000000000 ) ) ;
#2063 = EDGE_LOOP ( 'NONE', ( #7887, #3770, #6934, #8283, #3124, #1519, #8633, #4467 ) ) ;
#2064 = EDGE_CURVE ( 'NONE', #8634, #4003, #6135, .T. ) ;
#2065 = CARTESIAN_POINT ( 'NONE',  ( 4.000000000000000000, 0.0000000000000000000, 12.20000000000000300 ) ) ;
#2066 = PLANE ( 'NONE',  #1169 ) ;
#2067 = CARTESIAN_POINT ( 'NONE',  ( 7.375000000000001800, 4.100000000000000500, 11.25000000000000400 ) ) ;
#2068 = EDGE_CURVE ( 'NONE', #1753, #8674, #7171, .T. ) ;
#2069 = CARTESIAN_POINT ( 'NONE',  ( 4.750000000000002700, 4.750000000000000900, 12.20000000000000300 ) ) ;
#2070 = PLANE ( 'NONE',  #5017 ) ;
#2071 = LINE ( 'NONE', #667, #7000 ) ;
#2072 = SURFACE_STYLE_USAGE ( .BOTH. , #6662 ) ;
#2073 = ADVANCED_FACE ( 'NONE', ( #73 ), #4506, .F. ) ;
#2074 = EDGE_CURVE ( 'NONE', #6982, #393, #787, .T. ) ;
#2075 = CLOSED_SHELL ( 'NONE', ( #5787, #5156, #5683, #8071, #6857, #957 ) ) ;
#2076 = CARTESIAN_POINT ( 'NONE',  ( -3.249999999999997800, -4.699999999999999300, 12.50000000000000200 ) ) ;
#2077 = EDGE_CURVE ( 'NONE', #2251, #2670, #3629, .T. ) ;
#2078 = LINE ( 'NONE', #796, #7762 ) ;
#2080 = VECTOR ( 'NONE', #1064, 1000.000000000000000 ) ;
#2079 = DIRECTION ( 'NONE',  ( 1.000000000000000000, -0.0000000000000000000, -0.0000000000000000000 ) ) ;
#2081 = VERTEX_POINT ( 'NONE', #2519 ) ;
#2082 = ORIENTED_EDGE ( 'NONE', *, *, #3944, .T. ) ;
#2083 = CARTESIAN_POINT ( 'NONE',  ( 6.625000000000002700, 4.100000000000000500, 0.0000000000000000000 ) ) ;
#2084 = DIRECTION ( 'NONE',  ( -0.0000000000000000000, -1.000000000000000000, -0.0000000000000000000 ) ) ;
#2085 = VECTOR ( 'NONE', #5935, 1000.000000000000000 ) ;
#2086 = DIRECTION ( 'NONE',  ( 0.0000000000000000000, 0.0000000000000000000, -1.000000000000000000 ) ) ;
#2087 = VECTOR ( 'NONE', #1895, 1000.000000000000000 ) ;
#2088 = AXIS2_PLACEMENT_3D ( 'NONE', #8041, #2022, #6678 ) ;
#2089 = ORIENTED_EDGE ( 'NONE', *, *, #710, .T. ) ;
#2090 = DIRECTION ( 'NONE',  ( 0.0000000000000000000, 0.0000000000000000000, 1.000000000000000000 ) ) ;
#2091 = CARTESIAN_POINT ( 'NONE',  ( 0.6250000000000023300, 4.100000000000000500, 0.0000000000000000000 ) ) ;
#2092 = LINE ( 'NONE', #3331, #6699 ) ;
#2093 = LINE ( 'NONE', #7254, #739 ) ;
#2094 = DIRECTION ( 'NONE',  ( -0.0000000000000000000, 5.782411586589358800E-015, 1.000000000000000000 ) ) ;
#2095 = VERTEX_POINT ( 'NONE', #1077 ) ;
#2096 = EDGE_CURVE ( 'NONE', #1803, #1340, #2886, .T. ) ;
#2097 = ORIENTED_EDGE ( 'NONE', *, *, #7586, .F. ) ;
#2098 = CARTESIAN_POINT ( 'NONE',  ( -34.75000000000000000, 0.0000000000000000000, 16.55000000000000400 ) ) ;
#2099 = UNCERTAINTY_MEASURE_WITH_UNIT (LENGTH_MEASURE( 1.000000000000000100E-005 ), #128, 'distance_accuracy_value', 'NONE');
#2100 = FACE_OUTER_BOUND ( 'NONE', #1826, .T. ) ;
#2101 = CARTESIAN_POINT ( 'NONE',  ( 34.89999999999999900, 0.8999999999999980200, -12.50000000000000400 ) ) ;
#2102 = VERTEX_POINT ( 'NONE', #1823 ) ;
#2103 = DIRECTION ( 'NONE',  ( 0.0000000000000000000, 0.0000000000000000000, 1.000000000000000000 ) ) ;
#2104 = ORIENTED_EDGE ( 'NONE', *, *, #6589, .F. ) ;
#2105 = DIRECTION ( 'NONE',  ( 0.0000000000000000000, 0.0000000000000000000, -1.000000000000000000 ) ) ;
#2106 = CARTESIAN_POINT ( 'NONE',  ( -1.374999999999997800, 5.700000000000000200, 12.20000000000000300 ) ) ;
#2107 = CARTESIAN_POINT ( 'NONE',  ( -1.374999999999997800, 4.100000000000000500, 12.20000000000000300 ) ) ;
#2108 = EDGE_CURVE ( 'NONE', #4875, #4176, #2985, .T. ) ;
#2109 = DIRECTION ( 'NONE',  ( 0.0000000000000000000, -0.0000000000000000000, -1.000000000000000000 ) ) ;
#2110 = CARTESIAN_POINT ( 'NONE',  ( 1.375000000000001300, 4.100000000000000500, 11.25000000000000400 ) ) ;
#2111 = ORIENTED_EDGE ( 'NONE', *, *, #8595, .F. ) ;
#2112 = CARTESIAN_POINT ( 'NONE',  ( 32.50000000000000700, 2.500000000000000000, 16.54999999999998600 ) ) ;
#2113 = EDGE_CURVE ( 'NONE', #8261, #2979, #8024, .T. ) ;
#2114 = ADVANCED_FACE ( 'NONE', ( #902 ), #2962, .F. ) ;
#2115 = EDGE_CURVE ( 'NONE', #4881, #1329, #7728, .T. ) ;
#2116 = DIRECTION ( 'NONE',  ( 1.387778780781446500E-015, 0.0000000000000000000, 1.000000000000000000 ) ) ;
#2117 = COLOUR_RGB ( '',0.7921568627450980000, 0.8196078431372548800, 0.9333333333333333500 ) ;
#2118 = CARTESIAN_POINT ( 'NONE',  ( -4.749999999999997300, 4.750000000000000900, 12.40000000000000400 ) ) ;
#2119 = DIRECTION ( 'NONE',  ( 0.0000000000000000000, 0.0000000000000000000, 1.000000000000000000 ) ) ;
#2120 = EDGE_LOOP ( 'NONE', ( #1959, #6325, #7121, #1705 ) ) ;
#2121 = CARTESIAN_POINT ( 'NONE',  ( -6.624999999999997300, 4.100000000000000500, 12.20000000000000300 ) ) ;
#2122 = ORIENTED_EDGE ( 'NONE', *, *, #5253, .T. ) ;
#2123 =( NAMED_UNIT ( * ) PLANE_ANGLE_UNIT ( ) SI_UNIT ( $, .RADIAN. ) );
#2124 = DIRECTION ( 'NONE',  ( 1.000000000000000000, -0.0000000000000000000, -1.206764157201257300E-016 ) ) ;
#2125 = EDGE_CURVE ( 'NONE', #4608, #4839, #4898, .T. ) ;
#2126 = VECTOR ( 'NONE', #1418, 1000.000000000000000 ) ;
#2127 = CARTESIAN_POINT ( 'NONE',  ( 6.000000000000000000, 4.100000000000000500, 11.25000000000000400 ) ) ;
#2128 = LINE ( 'NONE', #8548, #2977 ) ;
#2129 = ORIENTED_EDGE ( 'NONE', *, *, #3714, .T. ) ;
#2130 = CARTESIAN_POINT ( 'NONE',  ( -34.90000000000000600, 5.700000000000000200, -7.449999999999998400 ) ) ;
#2131 = CARTESIAN_POINT ( 'NONE',  ( 5.250000000000002700, 4.650000000000002100, 12.79999999999999900 ) ) ;
#2132 = AXIS2_PLACEMENT_3D ( 'NONE', #1107, #1774, #4420 ) ;
#2133 = CARTESIAN_POINT ( 'NONE',  ( 34.89999999999999100, 7.100000000000008500, 6.000000000000005300 ) ) ;
#2134 = VECTOR ( 'NONE', #973, 1000.000000000000000 ) ;
#2135 = LINE ( 'NONE', #8212, #6741 ) ;
#2136 = VERTEX_POINT ( 'NONE', #7636 ) ;
#2137 = VERTEX_POINT ( 'NONE', #5758 ) ;
#2138 = FACE_OUTER_BOUND ( 'NONE', #4358, .T. ) ;
#2139 = EDGE_CURVE ( 'NONE', #188, #7350, #8550, .T. ) ;
#2140 = DIRECTION ( 'NONE',  ( 0.0000000000000000000, 0.0000000000000000000, 1.000000000000000000 ) ) ;
#2141 = DIRECTION ( 'NONE',  ( 0.0000000000000000000, -1.000000000000000000, -8.673617379884013400E-015 ) ) ;
#2142 = CARTESIAN_POINT ( 'NONE',  ( -0.6249999999999987800, 4.100000000000000500, 11.25000000000000400 ) ) ;
#2143 = LINE ( 'NONE', #5126, #4456 ) ;
#2144 = EDGE_CURVE ( 'NONE', #6302, #8266, #4173, .T. ) ;
#2145 = VECTOR ( 'NONE', #7203, 1000.000000000000000 ) ;
#2146 = ORIENTED_EDGE ( 'NONE', *, *, #8303, .F. ) ;
#2147 = ORIENTED_EDGE ( 'NONE', *, *, #2863, .F. ) ;
#2148 = CARTESIAN_POINT ( 'NONE',  ( -35.80000000000000400, 7.299999999999999800, -13.54999999999999900 ) ) ;
#2149 =( LENGTH_UNIT ( ) NAMED_UNIT ( * ) SI_UNIT ( .MILLI., .METRE. ) );
#2150 = CARTESIAN_POINT ( 'NONE',  ( 34.75000000000001400, 2.500000000000000000, 16.54999999999998600 ) ) ;
#2151 = DIRECTION ( 'NONE',  ( 1.000000000000000000, 1.836970198721029700E-016, 0.0000000000000000000 ) ) ;
#2152 = EDGE_LOOP ( 'NONE', ( #615, #1970, #6461, #5457 ) ) ;
#2153 = VECTOR ( 'NONE', #4287, 1000.000000000000100 ) ;
#2154 = ORIENTED_EDGE ( 'NONE', *, *, #733, .F. ) ;
#2155 = ORIENTED_EDGE ( 'NONE', *, *, #1134, .T. ) ;
#2156 = ORIENTED_EDGE ( 'NONE', *, *, #8416, .F. ) ;
#2157 = ORIENTED_EDGE ( 'NONE', *, *, #7008, .T. ) ;
#2158 = CARTESIAN_POINT ( 'NONE',  ( 0.7500000000000024400, 4.650000000000002100, 12.50000000000000200 ) ) ;
#2159 = ADVANCED_FACE ( 'NONE', ( #2344 ), #1693, .F. ) ;
#2160 = DIRECTION ( 'NONE',  ( -3.750753461571473500E-016, -0.0000000000000000000, 1.000000000000000000 ) ) ;
#2161 = VECTOR ( 'NONE', #4520, 1000.000000000000000 ) ;
#2162 = LINE ( 'NONE', #6103, #2579 ) ;
#2163 = ORIENTED_EDGE ( 'NONE', *, *, #2169, .F. ) ;
#2164 = VERTEX_POINT ( 'NONE', #5109 ) ;
#2165 = VECTOR ( 'NONE', #1124, 1000.000000000000000 ) ;
#2166 = ORIENTED_EDGE ( 'NONE', *, *, #3886, .T. ) ;
#2167 = VERTEX_POINT ( 'NONE', #467 ) ;
#2168 = AXIS2_PLACEMENT_3D ( 'NONE', #4169, #2749, #5459 ) ;
#2169 = EDGE_CURVE ( 'NONE', #6915, #897, #2457, .T. ) ;
#2170 = EDGE_CURVE ( 'NONE', #1951, #4235, #2247, .T. ) ;
#2171 = LINE ( 'NONE', #7427, #6447 ) ;
#2172 = FACE_BOUND ( 'NONE', #1023, .T. ) ;
#2173 = ORIENTED_EDGE ( 'NONE', *, *, #116, .F. ) ;
#2174 = ORIENTED_EDGE ( 'NONE', *, *, #7627, .T. ) ;
#2175 = CARTESIAN_POINT ( 'NONE',  ( 0.7500000000000024400, 4.650000000000002100, 12.40000000000000400 ) ) ;
#2176 = DIRECTION ( 'NONE',  ( 0.0000000000000000000, -4.336808689942017700E-016, -1.000000000000000000 ) ) ;
#2177 = DIRECTION ( 'NONE',  ( -1.000000000000000000, 0.0000000000000000000, -0.0000000000000000000 ) ) ;
#2178 = LINE ( 'NONE', #4244, #6567 ) ;
#2179 = FACE_OUTER_BOUND ( 'NONE', #8038, .T. ) ;
#2180 = EDGE_CURVE ( 'NONE', #1523, #7843, #4996, .T. ) ;
#2181 = ORIENTED_EDGE ( 'NONE', *, *, #4503, .F. ) ;
#2182 = DIRECTION ( 'NONE',  ( -1.000000000000000000, 0.0000000000000000000, 0.0000000000000000000 ) ) ;
#2183 = CARTESIAN_POINT ( 'NONE',  ( -34.90000000000000600, 7.100000000000008500, 6.000000000000005300 ) ) ;
#2184 = VERTEX_POINT ( 'NONE', #2708 ) ;
#2185 = DIRECTION ( 'NONE',  ( 1.000000000000000000, -0.0000000000000000000, -0.0000000000000000000 ) ) ;
#2186 = AXIS2_PLACEMENT_3D ( 'NONE', #5434, #1416, #8127 ) ;
#2187 = VECTOR ( 'NONE', #589, 1000.000000000000000 ) ;
#2188 = CARTESIAN_POINT ( 'NONE',  ( -35.80000000000000400, 4.350000000000000500, -6.749999999999999100 ) ) ;
#2189 = ORIENTED_EDGE ( 'NONE', *, *, #4837, .T. ) ;
#2190 = EDGE_CURVE ( 'NONE', #3639, #2833, #4466, .T. ) ;
#2191 = LINE ( 'NONE', #2004, #4941 ) ;
#2192 = AXIS2_PLACEMENT_3D ( 'NONE', #503, #537, #7140 ) ;
#2193 = VECTOR ( 'NONE', #7674, 1000.000000000000000 ) ;
#2194 = DIRECTION ( 'NONE',  ( 0.0000000000000000000, 8.673617379884013400E-015, -1.000000000000000000 ) ) ;
#2195 = ORIENTED_EDGE ( 'NONE', *, *, #6376, .T. ) ;
#2196 = ORIENTED_EDGE ( 'NONE', *, *, #4761, .F. ) ;
#2197 = PLANE ( 'NONE',  #7626 ) ;
#2198 = VERTEX_POINT ( 'NONE', #6176 ) ;
#2199 = CARTESIAN_POINT ( 'NONE',  ( -34.40000000000000600, 5.700000000000000200, 0.9500000000000016200 ) ) ;
#2200 = DIRECTION ( 'NONE',  ( 1.000000000000000000, -0.0000000000000000000, -0.0000000000000000000 ) ) ;
#2201 = ADVANCED_FACE ( 'NONE', ( #1218 ), #5981, .F. ) ;
#2202 = ORIENTED_EDGE ( 'NONE', *, *, #5066, .F. ) ;
#2203 = FACE_OUTER_BOUND ( 'NONE', #1836, .T. ) ;
#2204 = FACE_OUTER_BOUND ( 'NONE', #106, .T. ) ;
#2205 = CARTESIAN_POINT ( 'NONE',  ( -5.374999999999998200, 5.700000000000000200, 12.20000000000000300 ) ) ;
#2206 = DIRECTION ( 'NONE',  ( 0.0000000000000000000, 0.0000000000000000000, 1.000000000000000000 ) ) ;
#2207 =( NAMED_UNIT ( * ) PLANE_ANGLE_UNIT ( ) SI_UNIT ( $, .RADIAN. ) );
#2208 = DIRECTION ( 'NONE',  ( 1.000000000000000000, -0.0000000000000000000, 0.0000000000000000000 ) ) ;
#2209 = SURFACE_SIDE_STYLE ('',( #8214 ) ) ;
#2210 = DIRECTION ( 'NONE',  ( 0.0000000000000000000, -0.0000000000000000000, 1.000000000000000000 ) ) ;
#2211 = LINE ( 'NONE', #2521, #3594 ) ;
#2212 = CARTESIAN_POINT ( 'NONE',  ( 4.000000000000000000, 4.100000000000000500, 0.0000000000000000000 ) ) ;
#2213 = EDGE_LOOP ( 'NONE', ( #6951, #1884, #7164, #2600 ) ) ;
#2214 = EDGE_CURVE ( 'NONE', #3921, #412, #7400, .T. ) ;
#2215 = DIRECTION ( 'NONE',  ( -0.0000000000000000000, -1.000000000000000000, -0.0000000000000000000 ) ) ;
#2216 = CARTESIAN_POINT ( 'NONE',  ( 6.750000000000002700, 4.650000000000002100, 12.40000000000000400 ) ) ;
#2217 = VERTEX_POINT ( 'NONE', #4927 ) ;
#2218 = VERTEX_POINT ( 'NONE', #4318 ) ;
#2219 = DIRECTION ( 'NONE',  ( 0.0000000000000000000, 0.0000000000000000000, -1.000000000000000000 ) ) ;
#2220 = DIRECTION ( 'NONE',  ( 0.0000000000000000000, -0.0000000000000000000, 1.000000000000000000 ) ) ;
#2221 = CARTESIAN_POINT ( 'NONE',  ( 0.0000000000000000000, 4.100000000000000500, 0.0000000000000000000 ) ) ;
#2222 = CARTESIAN_POINT ( 'NONE',  ( 5.250000000000002700, 4.650000000000002100, 12.50000000000000200 ) ) ;
#2223 = DIRECTION ( 'NONE',  ( -0.0000000000000000000, -1.000000000000000000, -0.0000000000000000000 ) ) ;
#2224 = CARTESIAN_POINT ( 'NONE',  ( -34.40000000000000600, 4.499999999999999100, -6.249999999999997300 ) ) ;
#2225 = VECTOR ( 'NONE', #4928, 1000.000000000000000 ) ;
#2226 = EDGE_CURVE ( 'NONE', #2017, #412, #7827, .T. ) ;
#2227 = ORIENTED_EDGE ( 'NONE', *, *, #1182, .F. ) ;
#2228 = ORIENTED_EDGE ( 'NONE', *, *, #6591, .F. ) ;
#2229 = CARTESIAN_POINT ( 'NONE',  ( -1.374999999999997800, 4.100000000000000500, 12.20000000000000300 ) ) ;
#2230 = DIRECTION ( 'NONE',  ( 0.0000000000000000000, -1.000000000000000000, 0.0000000000000000000 ) ) ;
#2231 = CYLINDRICAL_SURFACE ( 'NONE', #6588, 1.750000000000002400 ) ;
#2232 = CARTESIAN_POINT ( 'NONE',  ( -38.85000000000000900, -17.31554944214035200, 1.750000000000000700 ) ) ;
#2233 = EDGE_CURVE ( 'NONE', #61, #5347, #4271, .T. ) ;
#2234 = DIRECTION ( 'NONE',  ( -0.0000000000000000000, -1.000000000000000000, -0.0000000000000000000 ) ) ;
#2235 = LINE ( 'NONE', #3238, #4157 ) ;
#2236 = EDGE_LOOP ( 'NONE', ( #3233, #3404, #1541, #7649 ) ) ;
#2237 = ORIENTED_EDGE ( 'NONE', *, *, #4249, .T. ) ;
#2238 = CARTESIAN_POINT ( 'NONE',  ( 4.625000000000002700, 4.100000000000000500, 0.0000000000000000000 ) ) ;
#2239 = EDGE_CURVE ( 'NONE', #4811, #137, #3519, .T. ) ;
#2240 = ADVANCED_FACE ( 'NONE', ( #8442 ), #6947, .F. ) ;
#2241 = LINE ( 'NONE', #8219, #5608 ) ;
#2242 = ORIENTED_EDGE ( 'NONE', *, *, #6549, .F. ) ;
#2243 = CARTESIAN_POINT ( 'NONE',  ( 2.750000000000002700, 4.750000000000000900, 12.20000000000000300 ) ) ;
#2244 = LINE ( 'NONE', #3844, #3742 ) ;
#2245 = ORIENTED_EDGE ( 'NONE', *, *, #8521, .T. ) ;
#2246 = ORIENTED_EDGE ( 'NONE', *, *, #3375, .T. ) ;
#2247 = LINE ( 'NONE', #663, #6967 ) ;
#2248 = ORIENTED_EDGE ( 'NONE', *, *, #6552, .T. ) ;
#2249 = VECTOR ( 'NONE', #170, 1000.000000000000000 ) ;
#2250 = DIRECTION ( 'NONE',  ( 0.0000000000000000000, -3.710638451287287400E-016, -1.000000000000000000 ) ) ;
#2251 = VERTEX_POINT ( 'NONE', #6263 ) ;
#2252 = VERTEX_POINT ( 'NONE', #2291 ) ;
#2253 = VERTEX_POINT ( 'NONE', #7677 ) ;
#2254 = ORIENTED_EDGE ( 'NONE', *, *, #5789, .F. ) ;
#2255 = DIRECTION ( 'NONE',  ( 1.000000000000000000, -0.0000000000000000000, -0.0000000000000000000 ) ) ;
#2256 = DIRECTION ( 'NONE',  ( 0.0000000000000000000, 1.000000000000000000, 0.0000000000000000000 ) ) ;
#2257 = EDGE_CURVE ( 'NONE', #5578, #7311, #4665, .T. ) ;
#2258 = VECTOR ( 'NONE', #7421, 1000.000000000000000 ) ;
#2259 = VECTOR ( 'NONE', #1535, 1000.000000000000000 ) ;
#2260 = VERTEX_POINT ( 'NONE', #5041 ) ;
#2261 = FACE_OUTER_BOUND ( 'NONE', #8581, .T. ) ;
#2262 = ORIENTED_EDGE ( 'NONE', *, *, #5548, .F. ) ;
#2263 = ORIENTED_EDGE ( 'NONE', *, *, #6234, .T. ) ;
#2264 = CARTESIAN_POINT ( 'NONE',  ( 0.7500000000000024400, 5.049999999999999800, 12.20000000000000300 ) ) ;
#2265 = DIRECTION ( 'NONE',  ( 1.000000000000000000, -0.0000000000000000000, 0.0000000000000000000 ) ) ;
#2266 = CARTESIAN_POINT ( 'NONE',  ( -5.249999999999997300, 4.650000000000002100, 12.79999999999999900 ) ) ;
#2267 = CIRCLE ( 'NONE', #2954, 2.250000000000016000 ) ;
#2268 = CARTESIAN_POINT ( 'NONE',  ( 30.24999999999998600, 0.0000000000000000000, 16.54999999999998600 ) ) ;
#2269 = VECTOR ( 'NONE', #7271, 1000.000000000000000 ) ;
#2270 = EDGE_LOOP ( 'NONE', ( #896, #2440, #2003, #6017 ) ) ;
#2271 = ORIENTED_EDGE ( 'NONE', *, *, #4540, .F. ) ;
#2272 = CARTESIAN_POINT ( 'NONE',  ( -34.40000000000000600, 4.500000000000002700, -0.2499999999999987000 ) ) ;
#2273 = EDGE_CURVE ( 'NONE', #2167, #6688, #3737, .T. ) ;
#2274 = LINE ( 'NONE', #5453, #1645 ) ;
#2275 = CIRCLE ( 'NONE', #2353, 0.09999999999999939500 ) ;
#2276 = ORIENTED_EDGE ( 'NONE', *, *, #5908, .T. ) ;
#2277 = AXIS2_PLACEMENT_3D ( 'NONE', #1694, #6384, #2372 ) ;
#2278 = EDGE_CURVE ( 'NONE', #4178, #3144, #271, .T. ) ;
#2279 = CARTESIAN_POINT ( 'NONE',  ( -35.80000000000000400, 0.0000000000000000000, 13.55000000000000200 ) ) ;
#2280 = DIRECTION ( 'NONE',  ( 0.0000000000000000000, 0.0000000000000000000, -1.000000000000000000 ) ) ;
#2281 = CARTESIAN_POINT ( 'NONE',  ( -2.624999999999997300, 5.700000000000000200, 12.20000000000000300 ) ) ;
#2282 =( NAMED_UNIT ( * ) PLANE_ANGLE_UNIT ( ) SI_UNIT ( $, .RADIAN. ) );
#2283 = VECTOR ( 'NONE', #6402, 1000.000000000000000 ) ;
#2284 = VECTOR ( 'NONE', #8531, 1000.000000000000000 ) ;
#2285 = VERTEX_POINT ( 'NONE', #1797 ) ;
#2286 = DIRECTION ( 'NONE',  ( 0.0000000000000000000, 1.000000000000000000, 0.0000000000000000000 ) ) ;
#2287 = ADVANCED_FACE ( 'NONE', ( #3399, #3095, #1311, #7605, #6740 ), #3794, .T. ) ;
#2288 = VERTEX_POINT ( 'NONE', #1074 ) ;
#2289 = CARTESIAN_POINT ( 'NONE',  ( 6.625000000000002700, 5.700000000000000200, 0.0000000000000000000 ) ) ;
#2290 = EDGE_CURVE ( 'NONE', #1062, #8665, #1933, .T. ) ;
#2291 = CARTESIAN_POINT ( 'NONE',  ( -6.624999999999999100, 5.700000000000000200, 11.25000000000000400 ) ) ;
#2292 = PLANE ( 'NONE',  #2540 ) ;
#2293 = VECTOR ( 'NONE', #6404, 1000.000000000000000 ) ;
#2294 = CARTESIAN_POINT ( 'NONE',  ( 14.00000000000000000, 4.100000000000000500, 0.0000000000000000000 ) ) ;
#2295 = DIRECTION ( 'NONE',  ( 0.5773502691896323900, 0.5773502691896123000, -0.5773502691896323900 ) ) ;
#2296 = VERTEX_POINT ( 'NONE', #1822 ) ;
#2297 = DIRECTION ( 'NONE',  ( 1.000000000000000000, 0.0000000000000000000, -0.0000000000000000000 ) ) ;
#2298 = LINE ( 'NONE', #7436, #5668 ) ;
#2299 = VECTOR ( 'NONE', #8592, 1000.000000000000100 ) ;
#2300 = EDGE_CURVE ( 'NONE', #1509, #314, #8239, .T. ) ;
#2301 = DIRECTION ( 'NONE',  ( 0.0000000000000000000, 0.0000000000000000000, 1.000000000000000000 ) ) ;
#2302 = ADVANCED_FACE ( 'NONE', ( #7389 ), #1769, .F. ) ;
#2303 = CARTESIAN_POINT ( 'NONE',  ( 2.625000000000002200, 5.700000000000000200, 12.50000000000000200 ) ) ;
#2304 = FACE_OUTER_BOUND ( 'NONE', #741, .T. ) ;
#2305 = DIRECTION ( 'NONE',  ( 1.000000000000000000, -0.0000000000000000000, -0.0000000000000000000 ) ) ;
#2306 = CARTESIAN_POINT ( 'NONE',  ( -2.749999999999997300, 5.049999999999999800, 12.20000000000000300 ) ) ;
#2307 = DIRECTION ( 'NONE',  ( -0.0000000000000000000, 5.782411586589358800E-015, 1.000000000000000000 ) ) ;
#2308 = CIRCLE ( 'NONE', #5332, 1.750000000000000700 ) ;
#2309 = ORIENTED_EDGE ( 'NONE', *, *, #7419, .T. ) ;
#2310 =( GEOMETRIC_REPRESENTATION_CONTEXT ( 3 ) GLOBAL_UNCERTAINTY_ASSIGNED_CONTEXT ( ( #565 ) ) GLOBAL_UNIT_ASSIGNED_CONTEXT ( ( #1539, #953, #8373 ) ) REPRESENTATION_CONTEXT ( 'NONE', 'WORKASPACE' ) );
#2311 = CARTESIAN_POINT ( 'NONE',  ( 2.750000000000002700, 4.650000000000002100, 12.79999999999999900 ) ) ;
#2312 = ORIENTED_EDGE ( 'NONE', *, *, #8483, .F. ) ;
#2313 = ORIENTED_EDGE ( 'NONE', *, *, #4233, .T. ) ;
#2314 = CARTESIAN_POINT ( 'NONE',  ( 12.00000000000000000, 5.700000000000000200, 0.0000000000000000000 ) ) ;
#2315 = CARTESIAN_POINT ( 'NONE',  ( 6.625000000000002700, 5.400000000000000400, 11.25000000000000400 ) ) ;
#2316 = VECTOR ( 'NONE', #8201, 1000.000000000000000 ) ;
#2317 = AXIS2_PLACEMENT_3D ( 'NONE', #4440, #451, #7181 ) ;
#2318 = ORIENTED_EDGE ( 'NONE', *, *, #546, .F. ) ;
#2319 = VERTEX_POINT ( 'NONE', #4615 ) ;
#2320 = EDGE_CURVE ( 'NONE', #3884, #3284, #1717, .T. ) ;
#2321 = EDGE_CURVE ( 'NONE', #3308, #6240, #2875, .T. ) ;
#2322 = CARTESIAN_POINT ( 'NONE',  ( -1.249999999999997600, 4.750000000000000900, 12.20000000000000300 ) ) ;
#2323 = DIRECTION ( 'NONE',  ( -0.0000000000000000000, -1.000000000000000000, -0.0000000000000000000 ) ) ;
#2324 = VECTOR ( 'NONE', #3823, 1000.000000000000000 ) ;
#2325 = PLANE ( 'NONE',  #6956 ) ;
#2326 = VECTOR ( 'NONE', #3858, 1000.000000000000000 ) ;
#2327 = VERTEX_POINT ( 'NONE', #4636 ) ;
#2328 = ORIENTED_EDGE ( 'NONE', *, *, #1, .T. ) ;
#2329 = DIRECTION ( 'NONE',  ( 0.0000000000000000000, -0.0000000000000000000, 1.000000000000000000 ) ) ;
#2330 = DIRECTION ( 'NONE',  ( 1.000000000000000000, 0.0000000000000000000, 0.0000000000000000000 ) ) ;
#2331 = EDGE_CURVE ( 'NONE', #6005, #6509, #2143, .T. ) ;
#2332 = CARTESIAN_POINT ( 'NONE',  ( 32.50000000000000700, 2.500000000000000000, 16.54999999999998600 ) ) ;
#2333 = DIRECTION ( 'NONE',  ( 1.000000000000000000, 0.0000000000000000000, 0.0000000000000000000 ) ) ;
#2334 = FACE_OUTER_BOUND ( 'NONE', #5803, .T. ) ;
#2335 = ORIENTED_EDGE ( 'NONE', *, *, #1905, .T. ) ;
#2336 = ORIENTED_EDGE ( 'NONE', *, *, #1238, .T. ) ;
#2337 = ORIENTED_EDGE ( 'NONE', *, *, #4008, .T. ) ;
#2338 = AXIS2_PLACEMENT_3D ( 'NONE', #6489, #7228, #5871 ) ;
#2339 = CARTESIAN_POINT ( 'NONE',  ( 0.0000000000000000000, 4.100000000000000500, 11.25000000000000400 ) ) ;
#2340 = DIRECTION ( 'NONE',  ( 0.0000000000000000000, 1.000000000000000000, 0.0000000000000000000 ) ) ;
#2341 = EDGE_CURVE ( 'NONE', #5528, #6852, #5389, .T. ) ;
#2342 =( LENGTH_UNIT ( ) NAMED_UNIT ( * ) SI_UNIT ( .MILLI., .METRE. ) );
#2343 = CARTESIAN_POINT ( 'NONE',  ( -35.80000000000000400, 4.100000000000000500, 7.499999999999996400 ) ) ;
#2344 = FACE_OUTER_BOUND ( 'NONE', #1557, .T. ) ;
#2345 = CARTESIAN_POINT ( 'NONE',  ( -15.00000000000000400, 0.0000000000000000000, 12.50000000000000200 ) ) ;
#2346 = DIRECTION ( 'NONE',  ( -0.0000000000000000000, 1.000000000000000000, -0.0000000000000000000 ) ) ;
#2347 = CARTESIAN_POINT ( 'NONE',  ( -4.749999999999997300, 4.750000000000000900, 12.20000000000000300 ) ) ;
#2348 = VECTOR ( 'NONE', #1383, 1000.000000000000000 ) ;
#2349 = ORIENTED_EDGE ( 'NONE', *, *, #4468, .F. ) ;
#2350 = ORIENTED_EDGE ( 'NONE', *, *, #4635, .F. ) ;
#2351 = ORIENTED_EDGE ( 'NONE', *, *, #2606, .F. ) ;
#2352 = EDGE_CURVE ( 'NONE', #6619, #8030, #494, .T. ) ;
#2353 = AXIS2_PLACEMENT_3D ( 'NONE', #1996, #2789, #3230 ) ;
#2354 = DIRECTION ( 'NONE',  ( -0.0000000000000000000, 1.000000000000000000, -0.0000000000000000000 ) ) ;
#2355 = LINE ( 'NONE', #4206, #8355 ) ;
#2356 = ORIENTED_EDGE ( 'NONE', *, *, #1917, .T. ) ;
#2357 = CARTESIAN_POINT ( 'NONE',  ( -1.374999999999997800, 4.100000000000000500, 11.25000000000000400 ) ) ;
#2358 = VECTOR ( 'NONE', #2925, 1000.000000000000000 ) ;
#2359 = ORIENTED_EDGE ( 'NONE', *, *, #8537, .T. ) ;
#2360 = EDGE_LOOP ( 'NONE', ( #3138, #5502, #5207, #1078 ) ) ;
#2361 = EDGE_LOOP ( 'NONE', ( #2890, #6734, #4755, #3405 ) ) ;
#2362 = CARTESIAN_POINT ( 'NONE',  ( -34.40000000000000600, 5.700000000000000200, -6.249999999999998200 ) ) ;
#2363 = DIRECTION ( 'NONE',  ( -0.0000000000000000000, 5.782411586589358800E-015, 1.000000000000000000 ) ) ;
#2364 = UNCERTAINTY_MEASURE_WITH_UNIT (LENGTH_MEASURE( 1.000000000000000100E-005 ), #2990, 'distance_accuracy_value', 'NONE');
#2365 = CARTESIAN_POINT ( 'NONE',  ( 0.7500000000000024400, -4.699999999999999300, 12.50000000000000200 ) ) ;
#2366 = DIRECTION ( 'NONE',  ( -1.000000000000000000, 0.0000000000000000000, 0.0000000000000000000 ) ) ;
#2367 = CARTESIAN_POINT ( 'NONE',  ( 1.375000000000002900, 5.400000000000000400, 12.50000000000000200 ) ) ;
#2368 = CARTESIAN_POINT ( 'NONE',  ( 1.375000000000002900, 4.100000000000000500, 12.50000000000000200 ) ) ;
#2369 = LINE ( 'NONE', #2083, #5743 ) ;
#2370 = LINE ( 'NONE', #1260, #2996 ) ;
#2371 = ORIENTED_EDGE ( 'NONE', *, *, #1357, .T. ) ;
#2372 = DIRECTION ( 'NONE',  ( 0.0000000000000000000, 0.0000000000000000000, 1.000000000000000000 ) ) ;
#2373 = VERTEX_POINT ( 'NONE', #6603 ) ;
#2374 = ORIENTED_EDGE ( 'NONE', *, *, #8670, .F. ) ;
#2375 = DIRECTION ( 'NONE',  ( -0.0000000000000000000, -1.000000000000000000, -0.0000000000000000000 ) ) ;
#2376 = DIRECTION ( 'NONE',  ( 1.000000000000000000, 0.0000000000000000000, 0.0000000000000000000 ) ) ;
#2377 = LINE ( 'NONE', #3429, #703 ) ;
#2378 = LINE ( 'NONE', #6548, #8376 ) ;
#2379 = ORIENTED_EDGE ( 'NONE', *, *, #632, .F. ) ;
#2380 = ORIENTED_EDGE ( 'NONE', *, *, #4609, .F. ) ;
#2381 = DIRECTION ( 'NONE',  ( -1.000000000000000000, 0.0000000000000000000, 1.206764157201257300E-016 ) ) ;
#2382 = CARTESIAN_POINT ( 'NONE',  ( 32.50000000000000000, 2.500000000000000000, -16.54999999999999700 ) ) ;
#2383 = DIRECTION ( 'NONE',  ( -3.750753461571473500E-016, 0.0000000000000000000, 1.000000000000000000 ) ) ;
#2384 = AXIS2_PLACEMENT_3D ( 'NONE', #776, #5535, #2119 ) ;
#2385 = DIRECTION ( 'NONE',  ( 0.0000000000000000000, 1.000000000000000000, -0.0000000000000000000 ) ) ;
#2386 = EDGE_CURVE ( 'NONE', #5081, #5639, #6236, .T. ) ;
#2387 = FACE_OUTER_BOUND ( 'NONE', #3047, .T. ) ;
#2388 = LINE ( 'NONE', #3697, #1865 ) ;
#2389 = ORIENTED_EDGE ( 'NONE', *, *, #3400, .T. ) ;
#2390 = ORIENTED_EDGE ( 'NONE', *, *, #115, .F. ) ;
#2391 = PLANE ( 'NONE',  #6217 ) ;
#2392 = LINE ( 'NONE', #6949, #1264 ) ;
#2393 = VECTOR ( 'NONE', #7685, 1000.000000000000000 ) ;
#2394 = EDGE_CURVE ( 'NONE', #5010, #3343, #894, .T. ) ;
#2395 = DIRECTION ( 'NONE',  ( 1.000000000000000000, 0.0000000000000000000, 0.0000000000000000000 ) ) ;
#2396 = CARTESIAN_POINT ( 'NONE',  ( -0.6249999999999971100, 5.700000000000000200, 12.20000000000000300 ) ) ;
#2397 = DIRECTION ( 'NONE',  ( 0.0000000000000000000, -0.0000000000000000000, 1.000000000000000000 ) ) ;
#2398 = EDGE_LOOP ( 'NONE', ( #2461, #4768, #7145, #1662, #595, #4213, #8558, #2156, #1435, #8300, #7639, #1530, #6473, #6418, #5, #8177, #4368, #7407, #6584, #1522, #802, #199, #7253, #1150, #7913, #6814 ) ) ;
#2399 = FILL_AREA_STYLE_COLOUR ( '', #4668 ) ;
#2400 = VECTOR ( 'NONE', #6484, 1000.000000000000000 ) ;
#2401 = EDGE_CURVE ( 'NONE', #2552, #4398, #6425, .T. ) ;
#2402 = VECTOR ( 'NONE', #1538, 1000.000000000000000 ) ;
#2403 = ORIENTED_EDGE ( 'NONE', *, *, #4957, .F. ) ;
#2404 = ORIENTED_EDGE ( 'NONE', *, *, #8497, .T. ) ;
#2405 = EDGE_CURVE ( 'NONE', #8021, #6897, #1407, .T. ) ;
#2406 = PLANE ( 'NONE',  #617 ) ;
#2407 = CARTESIAN_POINT ( 'NONE',  ( 0.7500000000000024400, 4.650000000000002100, 12.40000000000000400 ) ) ;
#2408 = CARTESIAN_POINT ( 'NONE',  ( 10.00000000000000000, 5.700000000000000200, 0.0000000000000000000 ) ) ;
#2409 = DIRECTION ( 'NONE',  ( 1.000000000000000000, 0.0000000000000000000, -0.0000000000000000000 ) ) ;
#2410 = ORIENTED_EDGE ( 'NONE', *, *, #3491, .T. ) ;
#2411 = AXIS2_PLACEMENT_3D ( 'NONE', #2, #7358, #2219 ) ;
#2412 = CARTESIAN_POINT ( 'NONE',  ( 4.750000000000002700, -4.699999999999999300, 12.50000000000000200 ) ) ;
#2413 = FACE_OUTER_BOUND ( 'NONE', #4012, .T. ) ;
#2414 = LINE ( 'NONE', #2927, #649 ) ;
#2415 = DIRECTION ( 'NONE',  ( 1.000000000000000000, 0.0000000000000000000, 0.0000000000000000000 ) ) ;
#2416 = STYLED_ITEM ( 'NONE', ( #1777 ), #192 ) ;
#2417 = DIRECTION ( 'NONE',  ( 0.0000000000000000000, 0.0000000000000000000, 1.000000000000000000 ) ) ;
#2418 = VECTOR ( 'NONE', #5584, 1000.000000000000000 ) ;
#2419 = CARTESIAN_POINT ( 'NONE',  ( -34.90000000000000600, 4.499999999999999100, -6.249999999999997300 ) ) ;
#2420 = CARTESIAN_POINT ( 'NONE',  ( -6.624999999999997300, 5.700000000000000200, 12.20000000000000300 ) ) ;
#2421 = EDGE_CURVE ( 'NONE', #6571, #6616, #5290, .T. ) ;
#2422 = CARTESIAN_POINT ( 'NONE',  ( -38.85000000000000900, 0.8999999999999980200, 0.2500000000000011100 ) ) ;
#2423 = DIRECTION ( 'NONE',  ( -1.000000000000000000, 0.0000000000000000000, 2.096342569156263300E-016 ) ) ;
#2424 = CARTESIAN_POINT ( 'NONE',  ( 30.27499999999999500, 7.000000000000000000, 2.549999999999989600 ) ) ;
#2425 = CARTESIAN_POINT ( 'NONE',  ( -34.90000000000000600, 4.100000000000000500, -12.50000000000000400 ) ) ;
#2426 = VECTOR ( 'NONE', #3814, 1000.000000000000000 ) ;
#2427 = VERTEX_POINT ( 'NONE', #5337 ) ;
#2428 = CARTESIAN_POINT ( 'NONE',  ( 4.750000000000002700, 4.650000000000002100, 12.79999999999999900 ) ) ;
#2429 = VERTEX_POINT ( 'NONE', #1336 ) ;
#2430 = MECHANICAL_DESIGN_GEOMETRIC_PRESENTATION_REPRESENTATION (  '', ( #1547 ), #7959 ) ;
#2431 = FILL_AREA_STYLE ('',( #1102 ) ) ;
#2432 = CYLINDRICAL_SURFACE ( 'NONE', #4980, 0.09999999999999939500 ) ;
#2433 = ORIENTED_EDGE ( 'NONE', *, *, #5094, .F. ) ;
#2434 = DIRECTION ( 'NONE',  ( 0.0000000000000000000, -0.0000000000000000000, -1.000000000000000000 ) ) ;
#2435 = VERTEX_POINT ( 'NONE', #25 ) ;
#2436 = CARTESIAN_POINT ( 'NONE',  ( 2.750000000000002700, 5.049999999999999800, 12.20000000000000300 ) ) ;
#2437 = AXIS2_PLACEMENT_3D ( 'NONE', #4756, #6722, #630 ) ;
#2438 = LINE ( 'NONE', #3990, #3729 ) ;
#2439 = EDGE_CURVE ( 'NONE', #7520, #3643, #8638, .T. ) ;
#2440 = ORIENTED_EDGE ( 'NONE', *, *, #2726, .F. ) ;
#2441 = CARTESIAN_POINT ( 'NONE',  ( -3.249999999999997800, 4.750000000000000900, 12.20000000000000300 ) ) ;
#2442 = ORIENTED_EDGE ( 'NONE', *, *, #6309, .T. ) ;
#2443 = ORIENTED_EDGE ( 'NONE', *, *, #7202, .F. ) ;
#2444 = DIRECTION ( 'NONE',  ( -1.000000000000000000, 0.0000000000000000000, 0.0000000000000000000 ) ) ;
#2445 = CARTESIAN_POINT ( 'NONE',  ( -5.249999999999997300, 4.650000000000002100, 12.50000000000000200 ) ) ;
#2446 = LINE ( 'NONE', #5394, #5093 ) ;
#2447 = CARTESIAN_POINT ( 'NONE',  ( -28.97500000000000100, 7.299999999999999800, 4.299999999999996300 ) ) ;
#2448 = PLANE ( 'NONE',  #7039 ) ;
#2449 = VERTEX_POINT ( 'NONE', #4042 ) ;
#2450 = CARTESIAN_POINT ( 'NONE',  ( 14.00000000000000000, 4.100000000000000500, 11.25000000000000400 ) ) ;
#2451 = CARTESIAN_POINT ( 'NONE',  ( -28.97500000000000100, 7.000000000000000000, -9.050000000000002500 ) ) ;
#2452 = FACE_OUTER_BOUND ( 'NONE', #4597, .T. ) ;
#2453 = VERTEX_POINT ( 'NONE', #5366 ) ;
#2454 = ORIENTED_EDGE ( 'NONE', *, *, #5970, .T. ) ;
#2455 = DIRECTION ( 'NONE',  ( 0.0000000000000000000, -1.000000000000000000, 0.0000000000000000000 ) ) ;
#2456 = EDGE_CURVE ( 'NONE', #897, #764, #1106, .T. ) ;
#2457 = LINE ( 'NONE', #2422, #3105 ) ;
#2458 = ORIENTED_EDGE ( 'NONE', *, *, #5813, .F. ) ;
#2459 = LINE ( 'NONE', #299, #7404 ) ;
#2460 = ORIENTED_EDGE ( 'NONE', *, *, #21, .T. ) ;
#2461 = ORIENTED_EDGE ( 'NONE', *, *, #8062, .T. ) ;
#2462 = ORIENTED_EDGE ( 'NONE', *, *, #8315, .T. ) ;
#2463 = CARTESIAN_POINT ( 'NONE',  ( 32.50000000000000000, 2.500000000000000000, -16.54999999999999700 ) ) ;
#2464 = DIRECTION ( 'NONE',  ( 0.0000000000000000000, -0.0000000000000000000, 1.000000000000000000 ) ) ;
#2465 = CARTESIAN_POINT ( 'NONE',  ( 7.375000000000001800, 5.700000000000000200, 11.25000000000000400 ) ) ;
#2466 = VECTOR ( 'NONE', #6939, 1000.000000000000000 ) ;
#2467 = LINE ( 'NONE', #7399, #1843 ) ;
#2468 = EDGE_CURVE ( 'NONE', #276, #4071, #2446, .T. ) ;
#2469 = ORIENTED_EDGE ( 'NONE', *, *, #3259, .F. ) ;
#2470 = EDGE_LOOP ( 'NONE', ( #1508, #5518, #81, #1521, #6580, #4973, #7818, #4188 ) ) ;
#2471 = ORIENTED_EDGE ( 'NONE', *, *, #5613, .T. ) ;
#2472 = ORIENTED_EDGE ( 'NONE', *, *, #3845, .F. ) ;
#2473 = MECHANICAL_DESIGN_GEOMETRIC_PRESENTATION_REPRESENTATION (  '', ( #7129 ), #4410 ) ;
#2474 = CARTESIAN_POINT ( 'NONE',  ( 30.24999999999995000, 0.0000000000000000000, -13.54999999999999900 ) ) ;
#2475 = DIRECTION ( 'NONE',  ( 1.000000000000000000, 0.0000000000000000000, 0.0000000000000000000 ) ) ;
#2476 = CARTESIAN_POINT ( 'NONE',  ( -3.999999999999999100, 5.400000000000000400, 7.050000000000003400 ) ) ;
#2477 = FACE_OUTER_BOUND ( 'NONE', #8662, .T. ) ;
#2478 = ORIENTED_EDGE ( 'NONE', *, *, #3304, .T. ) ;
#2479 = VERTEX_POINT ( 'NONE', #7458 ) ;
#2480 = CARTESIAN_POINT ( 'NONE',  ( 2.625000000000002200, 4.100000000000000500, 0.0000000000000000000 ) ) ;
#2481 = CARTESIAN_POINT ( 'NONE',  ( -30.24999999999998600, 2.499999999999999600, -13.54999999999999900 ) ) ;
#2482 = CARTESIAN_POINT ( 'NONE',  ( 6.750000000000002700, 4.750000000000000900, 12.20000000000000300 ) ) ;
#2483 = DIRECTION ( 'NONE',  ( 0.0000000000000000000, -3.710638451287287400E-016, -1.000000000000000000 ) ) ;
#2484 = LINE ( 'NONE', #6072, #3888 ) ;
#2485 = VECTOR ( 'NONE', #981, 1000.000000000000000 ) ;
#2486 = CARTESIAN_POINT ( 'NONE',  ( -34.75000000000000700, 0.0000000000000000000, -13.54999999999999900 ) ) ;
#2487 = ORIENTED_EDGE ( 'NONE', *, *, #1613, .T. ) ;
#2488 = PRESENTATION_LAYER_ASSIGNMENT (  '', '', ( #4630 ) ) ;
#2489 = CARTESIAN_POINT ( 'NONE',  ( 1.250000000000002900, 4.750000000000000900, 12.40000000000000400 ) ) ;
#2490 = DIRECTION ( 'NONE',  ( 0.0000000000000000000, 0.0000000000000000000, 1.000000000000000000 ) ) ;
#2491 = FACE_OUTER_BOUND ( 'NONE', #506, .T. ) ;
#2492 = FACE_OUTER_BOUND ( 'NONE', #4984, .T. ) ;
#2493 = AXIS2_PLACEMENT_3D ( 'NONE', #2175, #7577, #890 ) ;
#2494 = VERTEX_POINT ( 'NONE', #2106 ) ;
#2495 = EDGE_CURVE ( 'NONE', #603, #6780, #1825, .T. ) ;
#2496 = EDGE_LOOP ( 'NONE', ( #4846, #6252, #8517, #8163 ) ) ;
#2497 = ADVANCED_FACE ( 'NONE', ( #5816 ), #4796, .T. ) ;
#2498 = LINE ( 'NONE', #1980, #6692 ) ;
#2499 = VECTOR ( 'NONE', #3516, 1000.000000000000000 ) ;
#2500 = PLANE ( 'NONE',  #4929 ) ;
#2501 = PLANE ( 'NONE',  #4963 ) ;
#2502 = CARTESIAN_POINT ( 'NONE',  ( -30.24999999999998600, 2.499999999999999600, 13.55000000000000200 ) ) ;
#2503 = ORIENTED_EDGE ( 'NONE', *, *, #1829, .F. ) ;
#2504 = PLANE ( 'NONE',  #1585 ) ;
#2505 = CARTESIAN_POINT ( 'NONE',  ( 3.375000000000001300, 5.400000000000000400, 11.25000000000000400 ) ) ;
#2506 = EDGE_CURVE ( 'NONE', #2137, #6627, #3303, .T. ) ;
#2507 = VECTOR ( 'NONE', #6738, 1000.000000000000000 ) ;
#2508 = CARTESIAN_POINT ( 'NONE',  ( -34.40000000000000600, 5.700000000000000200, -6.249999999999998200 ) ) ;
#2509 = VECTOR ( 'NONE', #1563, 1000.000000000000000 ) ;
#2510 = DIRECTION ( 'NONE',  ( 0.0000000000000000000, 0.0000000000000000000, 1.000000000000000000 ) ) ;
#2511 = CARTESIAN_POINT ( 'NONE',  ( -7.249999999999997300, -4.699999999999999300, 12.50000000000000200 ) ) ;
#2512 = EDGE_CURVE ( 'NONE', #1803, #291, #6631, .T. ) ;
#2513 = CARTESIAN_POINT ( 'NONE',  ( 2.750000000000002700, 5.049999999999998000, 12.40000000000000400 ) ) ;
#2514 = CARTESIAN_POINT ( 'NONE',  ( 14.00000000000000000, 4.100000000000000500, 11.25000000000000400 ) ) ;
#2515 = EDGE_CURVE ( 'NONE', #6140, #488, #2241, .T. ) ;
#2516 = FACE_OUTER_BOUND ( 'NONE', #2583, .T. ) ;
#2517 = EDGE_CURVE ( 'NONE', #2571, #7196, #3851, .T. ) ;
#2518 = ORIENTED_EDGE ( 'NONE', *, *, #7324, .F. ) ;
#2519 = CARTESIAN_POINT ( 'NONE',  ( 30.27499999999999500, 7.000000000000000000, 2.549999999999989600 ) ) ;
#2520 = ORIENTED_EDGE ( 'NONE', *, *, #8090, .T. ) ;
#2521 = CARTESIAN_POINT ( 'NONE',  ( -3.374999999999997800, 4.100000000000000500, 12.20000000000000300 ) ) ;
#2522 = AXIS2_PLACEMENT_3D ( 'NONE', #1779, #6531, #3861 ) ;
#2523 = DIRECTION ( 'NONE',  ( 1.000000000000000000, -0.0000000000000000000, -0.0000000000000000000 ) ) ;
#2524 = DIRECTION ( 'NONE',  ( 0.0000000000000000000, 0.0000000000000000000, -1.000000000000000000 ) ) ;
#2525 = CARTESIAN_POINT ( 'NONE',  ( 0.7500000000000024400, 4.650000000000002100, 12.40000000000000400 ) ) ;
#2526 = AXIS2_PLACEMENT_3D ( 'NONE', #7612, #2881, #7582 ) ;
#2527 = PLANE ( 'NONE',  #4448 ) ;
#2528 = DIRECTION ( 'NONE',  ( 1.000000000000000000, -0.0000000000000000000, -0.0000000000000000000 ) ) ;
#2529 = CARTESIAN_POINT ( 'NONE',  ( -15.00000000000000400, 7.299999999999999800, 12.50000000000000200 ) ) ;
#2530 = CIRCLE ( 'NONE', #2384, 1.750000000000000700 ) ;
#2531 = ORIENTED_EDGE ( 'NONE', *, *, #5843, .T. ) ;
#2532 = AXIS2_PLACEMENT_3D ( 'NONE', #8105, #622, #11 ) ;
#2533 = ORIENTED_EDGE ( 'NONE', *, *, #8606, .T. ) ;
#2534 = ORIENTED_EDGE ( 'NONE', *, *, #8540, .T. ) ;
#2535 = CARTESIAN_POINT ( 'NONE',  ( -2.624999999999997300, 5.400000000000000400, 12.50000000000000200 ) ) ;
#2536 = CARTESIAN_POINT ( 'NONE',  ( -34.90000000000000600, 4.350000000000000500, -6.749999999999999100 ) ) ;
#2537 = ADVANCED_FACE ( 'NONE', ( #7822 ), #3565, .F. ) ;
#2538 = DIRECTION ( 'NONE',  ( 0.0000000000000000000, -3.710638451287287400E-016, -1.000000000000000000 ) ) ;
#2539 = VECTOR ( 'NONE', #7308, 1000.000000000000000 ) ;
#2540 = AXIS2_PLACEMENT_3D ( 'NONE', #2972, #1596, #8339 ) ;
#2541 = ORIENTED_EDGE ( 'NONE', *, *, #115, .T. ) ;
#2542 = CIRCLE ( 'NONE', #1598, 1.199999999999999700 ) ;
#2543 = ORIENTED_EDGE ( 'NONE', *, *, #4073, .F. ) ;
#2544 = DIRECTION ( 'NONE',  ( 0.0000000000000000000, 0.0000000000000000000, -1.000000000000000000 ) ) ;
#2545 = CARTESIAN_POINT ( 'NONE',  ( -5.374999999999998200, 4.100000000000000500, 11.25000000000000400 ) ) ;
#2546 = CARTESIAN_POINT ( 'NONE',  ( 7.250000000000002700, 4.750000000000000900, 12.40000000000000400 ) ) ;
#2547 = VECTOR ( 'NONE', #8294, 1000.000000000000000 ) ;
#2548 = DIRECTION ( 'NONE',  ( 0.0000000000000000000, 0.0000000000000000000, 1.000000000000000000 ) ) ;
#2549 = LINE ( 'NONE', #7718, #580 ) ;
#2550 = ORIENTED_EDGE ( 'NONE', *, *, #7684, .T. ) ;
#2551 = VERTEX_POINT ( 'NONE', #800 ) ;
#2552 = VERTEX_POINT ( 'NONE', #1562 ) ;
#2553 = EDGE_CURVE ( 'NONE', #412, #4003, #6520, .T. ) ;
#2554 = AXIS2_PLACEMENT_3D ( 'NONE', #3930, #8601, #5196 ) ;
#2555 = EDGE_CURVE ( 'NONE', #687, #7234, #4986, .T. ) ;
#2556 = EDGE_LOOP ( 'NONE', ( #3183, #3967, #7321, #8425 ) ) ;
#2557 = CARTESIAN_POINT ( 'NONE',  ( 6.625000000000002700, 5.400000000000000400, 12.50000000000000200 ) ) ;
#2558 = DIRECTION ( 'NONE',  ( -0.0000000000000000000, 1.000000000000000000, -0.0000000000000000000 ) ) ;
#2559 = VECTOR ( 'NONE', #7821, 1000.000000000000000 ) ;
#2560 = DIRECTION ( 'NONE',  ( 0.0000000000000000000, -1.000000000000000000, 0.0000000000000000000 ) ) ;
#2561 = EDGE_LOOP ( 'NONE', ( #7920, #2620, #5611, #1850 ) ) ;
#2562 = VERTEX_POINT ( 'NONE', #7063 ) ;
#2563 = ORIENTED_EDGE ( 'NONE', *, *, #8568, .T. ) ;
#2564 = CARTESIAN_POINT ( 'NONE',  ( -6.749999999999997300, 4.750000000000000900, 12.20000000000000300 ) ) ;
#2565 = ORIENTED_EDGE ( 'NONE', *, *, #619, .F. ) ;
#2566 = ORIENTED_EDGE ( 'NONE', *, *, #2903, .F. ) ;
#2567 = CIRCLE ( 'NONE', #7374, 2.250000000000008900 ) ;
#2568 = ORIENTED_EDGE ( 'NONE', *, *, #5788, .F. ) ;
#2569 = EDGE_LOOP ( 'NONE', ( #7219, #6411, #6052, #6440, #2543, #2403, #4019, #2568 ) ) ;
#2570 = ORIENTED_EDGE ( 'NONE', *, *, #1711, .F. ) ;
#2571 = VERTEX_POINT ( 'NONE', #6191 ) ;
#2572 = EDGE_CURVE ( 'NONE', #4186, #8461, #385, .T. ) ;
#2573 = DIRECTION ( 'NONE',  ( 0.0000000000000000000, 0.0000000000000000000, 1.000000000000000000 ) ) ;
#2574 = CARTESIAN_POINT ( 'NONE',  ( -34.90000000000000600, 4.100000000000000500, -12.50000000000000400 ) ) ;
#2575 = EDGE_LOOP ( 'NONE', ( #555, #7212, #4688, #4014 ) ) ;
#2576 = EDGE_CURVE ( 'NONE', #8281, #2866, #1507, .T. ) ;
#2577 = AXIS2_PLACEMENT_3D ( 'NONE', #3762, #8495, #427 ) ;
#2578 = CYLINDRICAL_SURFACE ( 'NONE', #4278, 1.249999999999997600 ) ;
#2579 = VECTOR ( 'NONE', #2734, 1000.000000000000000 ) ;
#2580 = ORIENTED_EDGE ( 'NONE', *, *, #4658, .F. ) ;
#2581 = DIRECTION ( 'NONE',  ( 2.096342569156263500E-016, -0.0000000000000000000, 1.000000000000000000 ) ) ;
#2582 = ORIENTED_EDGE ( 'NONE', *, *, #7772, .T. ) ;
#2583 = EDGE_LOOP ( 'NONE', ( #6277, #8169, #509, #2181, #4888, #1339, #6755, #4769 ) ) ;
#2584 = CARTESIAN_POINT ( 'NONE',  ( 34.89999999999999900, -74.14202586927336800, 12.50000000000000200 ) ) ;
#2585 = CARTESIAN_POINT ( 'NONE',  ( 1.375000000000001300, 5.700000000000000200, 11.25000000000000400 ) ) ;
#2586 = AXIS2_PLACEMENT_3D ( 'NONE', #8395, #7810, #406 ) ;
#2587 = FACE_OUTER_BOUND ( 'NONE', #2628, .T. ) ;
#2588 = LINE ( 'NONE', #5851, #1646 ) ;
#2589 = ADVANCED_FACE ( 'NONE', ( #2334 ), #5187, .F. ) ;
#2590 = CARTESIAN_POINT ( 'NONE',  ( -30.72500000000000500, 7.000000000000000000, 2.549999999999996700 ) ) ;
#2591 = AXIS2_PLACEMENT_3D ( 'NONE', #5297, #5961, #5925 ) ;
#2592 = EDGE_CURVE ( 'NONE', #8574, #7875, #5926, .T. ) ;
#2593 = CARTESIAN_POINT ( 'NONE',  ( -34.90000000000000600, 4.350000000000000500, 1.149999999999998100 ) ) ;
#2594 = FACE_OUTER_BOUND ( 'NONE', #5195, .T. ) ;
#2595 = LINE ( 'NONE', #3659, #7763 ) ;
#2596 = VERTEX_POINT ( 'NONE', #413 ) ;
#2597 = CARTESIAN_POINT ( 'NONE',  ( -2.749999999999997300, 4.650000000000002100, 12.79999999999999900 ) ) ;
#2598 = DIRECTION ( 'NONE',  ( -0.0000000000000000000, -0.0000000000000000000, 1.000000000000000000 ) ) ;
#2599 = FACE_OUTER_BOUND ( 'NONE', #4252, .T. ) ;
#2600 = ORIENTED_EDGE ( 'NONE', *, *, #6771, .T. ) ;
#2601 = DIRECTION ( 'NONE',  ( 1.000000000000000000, -0.0000000000000000000, -0.0000000000000000000 ) ) ;
#2602 = AXIS2_PLACEMENT_3D ( 'NONE', #2424, #998, #1669 ) ;
#2603 = DIRECTION ( 'NONE',  ( -0.0000000000000000000, -1.000000000000000000, -0.0000000000000000000 ) ) ;
#2604 = FACE_OUTER_BOUND ( 'NONE', #5689, .T. ) ;
#2605 = CARTESIAN_POINT ( 'NONE',  ( 34.75000000000001400, 0.0000000000000000000, 16.54999999999998600 ) ) ;
#2606 = EDGE_CURVE ( 'NONE', #2102, #2910, #4774, .T. ) ;
#2607 = CIRCLE ( 'NONE', #6909, 2.250000000000016000 ) ;
#2608 = ORIENTED_EDGE ( 'NONE', *, *, #1287, .T. ) ;
#2609 = EDGE_LOOP ( 'NONE', ( #5095, #1491, #198, #7906, #6175, #4100, #2889, #6239 ) ) ;
#2610 = CARTESIAN_POINT ( 'NONE',  ( -34.70000000000001000, 7.299999999999999800, 5.800000000000006900 ) ) ;
#2611 = DIRECTION ( 'NONE',  ( 1.000000000000000000, 0.0000000000000000000, 0.0000000000000000000 ) ) ;
#2612 = DIRECTION ( 'NONE',  ( 0.0000000000000000000, 0.0000000000000000000, 1.000000000000000000 ) ) ;
#2613 = CARTESIAN_POINT ( 'NONE',  ( -34.80000000000000400, 4.500000000000002700, -0.2499999999999987000 ) ) ;
#2614 = ORIENTED_EDGE ( 'NONE', *, *, #43, .T. ) ;
#2615 = DIRECTION ( 'NONE',  ( -1.000000000000000000, 0.0000000000000000000, 1.206764157201257300E-016 ) ) ;
#2616 = LINE ( 'NONE', #2107, #4627 ) ;
#2617 = VERTEX_POINT ( 'NONE', #7294 ) ;
#2618 = FACE_OUTER_BOUND ( 'NONE', #206, .T. ) ;
#2619 = CARTESIAN_POINT ( 'NONE',  ( -34.90000000000000600, 7.299999999999999800, -12.50000000000000400 ) ) ;
#2620 = ORIENTED_EDGE ( 'NONE', *, *, #5253, .F. ) ;
#2621 = CARTESIAN_POINT ( 'NONE',  ( 5.375000000000000900, 5.400000000000000400, 11.25000000000000400 ) ) ;
#2622 = EDGE_CURVE ( 'NONE', #5922, #7833, #6024, .T. ) ;
#2623 = CARTESIAN_POINT ( 'NONE',  ( 28.52499999999999500, 7.000000000000000000, -9.050000000000009600 ) ) ;
#2624 = AXIS2_PLACEMENT_3D ( 'NONE', #3606, #7652, #2383 ) ;
#2625 = DIRECTION ( 'NONE',  ( -0.0000000000000000000, 0.0000000000000000000, -1.000000000000000000 ) ) ;
#2626 = LINE ( 'NONE', #27, #3489 ) ;
#2627 = ORIENTED_EDGE ( 'NONE', *, *, #2689, .T. ) ;
#2628 = EDGE_LOOP ( 'NONE', ( #2810, #500, #8673, #7347 ) ) ;
#2629 = CARTESIAN_POINT ( 'NONE',  ( -30.72500000000000100, 7.299999999999999800, -9.050000000000002500 ) ) ;
#2630 = CARTESIAN_POINT ( 'NONE',  ( -4.624999999999997300, 5.400000000000000400, 12.50000000000000200 ) ) ;
#2631 = EDGE_CURVE ( 'NONE', #2898, #3373, #2438, .T. ) ;
#2632 = CARTESIAN_POINT ( 'NONE',  ( 6.750000000000002700, 4.650000000000002100, 12.40000000000000400 ) ) ;
#2633 = VECTOR ( 'NONE', #8494, 1000.000000000000000 ) ;
#2634 = CARTESIAN_POINT ( 'NONE',  ( 0.0000000000000000000, 0.9000000000000000200, 0.0000000000000000000 ) ) ;
#2635 = CLOSED_SHELL ( 'NONE', ( #8115, #6497, #5593, #2953, #7148, #4704 ) ) ;
#2636 = DIRECTION ( 'NONE',  ( -1.000000000000000000, 0.0000000000000000000, 0.0000000000000000000 ) ) ;
#2637 = AXIS2_PLACEMENT_3D ( 'NONE', #6942, #1589, #6286 ) ;
#2638 = CARTESIAN_POINT ( 'NONE',  ( -3.249999999999997800, -4.699999999999999300, 12.50000000000000200 ) ) ;
#2639 = DIRECTION ( 'NONE',  ( -2.990902544787598600E-016, 0.0000000000000000000, 1.000000000000000000 ) ) ;
#2640 = FACE_BOUND ( 'NONE', #835, .T. ) ;
#2641 = PLANE ( 'NONE',  #48 ) ;
#2642 = ORIENTED_EDGE ( 'NONE', *, *, #8585, .F. ) ;
#2643 = ORIENTED_EDGE ( 'NONE', *, *, #5564, .T. ) ;
#2644 = CARTESIAN_POINT ( 'NONE',  ( 1.375000000000001300, 4.100000000000000500, 11.25000000000000400 ) ) ;
#2645 = CARTESIAN_POINT ( 'NONE',  ( 0.0000000000000000000, -4.200000000000000200, 0.0000000000000000000 ) ) ;
#2646 = CIRCLE ( 'NONE', #1954, 0.09999999999999939500 ) ;
#2647 = ADVANCED_FACE ( 'NONE', ( #8009 ), #2653, .T. ) ;
#2648 = LINE ( 'NONE', #5465, #6231 ) ;
#2649 = ORIENTED_EDGE ( 'NONE', *, *, #1457, .T. ) ;
#2650 = FILL_AREA_STYLE_COLOUR ( '', #5005 ) ;
#2651 = CARTESIAN_POINT ( 'NONE',  ( -6.749999999999997300, 4.650000000000002100, 12.40000000000000400 ) ) ;
#2652 = EDGE_CURVE ( 'NONE', #844, #1809, #7717, .T. ) ;
#2653 = PLANE ( 'NONE',  #3779 ) ;
#2654 = AXIS2_PLACEMENT_3D ( 'NONE', #3038, #6476, #6501 ) ;
#2655 = VECTOR ( 'NONE', #3289, 1000.000000000000000 ) ;
#2656 = EDGE_CURVE ( 'NONE', #4839, #2319, #7595, .T. ) ;
#2657 = VERTEX_POINT ( 'NONE', #6724 ) ;
#2658 = PRESENTATION_STYLE_ASSIGNMENT (( #8397 ) ) ;
#2659 = ORIENTED_EDGE ( 'NONE', *, *, #2711, .F. ) ;
#2660 = EDGE_LOOP ( 'NONE', ( #5569, #6197, #7741, #7938 ) ) ;
#2661 = ADVANCED_FACE ( 'NONE', ( #484, #1924 ), #859, .T. ) ;
#2662 = DIRECTION ( 'NONE',  ( 0.0000000000000000000, 0.0000000000000000000, 1.000000000000000000 ) ) ;
#2663 = CARTESIAN_POINT ( 'NONE',  ( -4.624999999999997300, 5.700000000000000200, 12.20000000000000300 ) ) ;
#2664 = DIRECTION ( 'NONE',  ( 0.0000000000000000000, 1.000000000000000000, 0.0000000000000000000 ) ) ;
#2665 = CARTESIAN_POINT ( 'NONE',  ( 5.250000000000002700, 5.049999999999998000, 12.40000000000000400 ) ) ;
#2666 = DIRECTION ( 'NONE',  ( 1.000000000000000000, -0.0000000000000000000, -0.0000000000000000000 ) ) ;
#2667 = CARTESIAN_POINT ( 'NONE',  ( -2.624999999999995600, 5.700000000000000200, 12.50000000000000200 ) ) ;
#2668 = VECTOR ( 'NONE', #4400, 1000.000000000000000 ) ;
#2669 = ORIENTED_EDGE ( 'NONE', *, *, #4324, .F. ) ;
#2670 = VERTEX_POINT ( 'NONE', #1553 ) ;
#2671 = EDGE_LOOP ( 'NONE', ( #7842, #4575, #2798, #5249 ) ) ;
#2672 = EDGE_LOOP ( 'NONE', ( #6974, #7759, #6057, #5992, #7916, #3834 ) ) ;
#2673 = ADVANCED_FACE ( 'NONE', ( #4447 ), #4940, .T. ) ;
#2674 = PLANE ( 'NONE',  #7824 ) ;
#2675 = DIRECTION ( 'NONE',  ( -1.000000000000000000, -0.0000000000000000000, -0.0000000000000000000 ) ) ;
#2676 = EDGE_CURVE ( 'NONE', #6797, #3416, #381, .T. ) ;
#2677 = CARTESIAN_POINT ( 'NONE',  ( 4.750000000000002700, -4.699999999999999300, 12.50000000000000200 ) ) ;
#2678 = EDGE_CURVE ( 'NONE', #6654, #414, #7497, .T. ) ;
#2679 = CARTESIAN_POINT ( 'NONE',  ( 30.24999999999998600, 0.0000000000000000000, 16.54999999999998600 ) ) ;
#2680 = PLANE ( 'NONE',  #2045 ) ;
#2681 = FACE_BOUND ( 'NONE', #7899, .T. ) ;
#2682 = LINE ( 'NONE', #3533, #289 ) ;
#2683 = ORIENTED_EDGE ( 'NONE', *, *, #6466, .T. ) ;
#2684 = VECTOR ( 'NONE', #7362, 1000.000000000000000 ) ;
#2685 = ORIENTED_EDGE ( 'NONE', *, *, #1478, .F. ) ;
#2686 = CARTESIAN_POINT ( 'NONE',  ( -34.90000000000000600, 5.700000000000000200, -12.50000000000000400 ) ) ;
#2687 = ORIENTED_EDGE ( 'NONE', *, *, #6832, .F. ) ;
#2688 = CARTESIAN_POINT ( 'NONE',  ( -6.749999999999997300, 5.049999999999998000, 12.40000000000000400 ) ) ;
#2689 = EDGE_CURVE ( 'NONE', #2562, #5734, #4657, .T. ) ;
#2690 = DIRECTION ( 'NONE',  ( -1.000000000000000000, 0.0000000000000000000, 0.0000000000000000000 ) ) ;
#2691 = VECTOR ( 'NONE', #6041, 1000.000000000000000 ) ;
#2692 = VECTOR ( 'NONE', #3273, 1000.000000000000000 ) ;
#2693 = EDGE_CURVE ( 'NONE', #6140, #3341, #3293, .T. ) ;
#2694 = VERTEX_POINT ( 'NONE', #2474 ) ;
#2695 = AXIS2_PLACEMENT_3D ( 'NONE', #4339, #7681, #6929 ) ;
#2696 = CARTESIAN_POINT ( 'NONE',  ( -3.249999999999997800, -4.699999999999999300, 12.50000000000000200 ) ) ;
#2697 = VECTOR ( 'NONE', #1086, 1000.000000000000000 ) ;
#2698 = FACE_OUTER_BOUND ( 'NONE', #3914, .T. ) ;
#2699 = ORIENTED_EDGE ( 'NONE', *, *, #8417, .F. ) ;
#2700 = CARTESIAN_POINT ( 'NONE',  ( -2.625000000000014700, 4.100000000000000500, 9.194034422677102800E-015 ) ) ;
#2701 = DIRECTION ( 'NONE',  ( 0.0000000000000000000, 0.0000000000000000000, 1.000000000000000000 ) ) ;
#2702 = DIRECTION ( 'NONE',  ( -0.0000000000000000000, 1.000000000000000000, -3.710638451287287400E-016 ) ) ;
#2703 = PLANE ( 'NONE',  #5717 ) ;
#2704 = AXIS2_PLACEMENT_3D ( 'NONE', #1050, #6518, #7217 ) ;
#2705 = DIRECTION ( 'NONE',  ( 0.0000000000000000000, -0.0000000000000000000, 1.000000000000000000 ) ) ;
#2706 = CIRCLE ( 'NONE', #4160, 0.09999999999999939500 ) ;
#2707 = VECTOR ( 'NONE', #3841, 1000.000000000000000 ) ;
#2708 = CARTESIAN_POINT ( 'NONE',  ( -15.00000000000000400, 7.299999999999999800, 13.55000000000000200 ) ) ;
#2709 = DIRECTION ( 'NONE',  ( 0.0000000000000000000, 0.0000000000000000000, 1.000000000000000000 ) ) ;
#2710 = ORIENTED_EDGE ( 'NONE', *, *, #8213, .T. ) ;
#2711 = EDGE_CURVE ( 'NONE', #6369, #3808, #2646, .T. ) ;
#2712 = ORIENTED_EDGE ( 'NONE', *, *, #474, .F. ) ;
#2713 = ADVANCED_FACE ( 'NONE', ( #7816 ), #3104, .T. ) ;
#2714 = DIRECTION ( 'NONE',  ( -0.0000000000000000000, -4.336808689942017700E-016, -1.000000000000000000 ) ) ;
#2715 = DIRECTION ( 'NONE',  ( 0.0000000000000000000, -0.0000000000000000000, -1.000000000000000000 ) ) ;
#2716 = FACE_OUTER_BOUND ( 'NONE', #2152, .T. ) ;
#2717 = AXIS2_PLACEMENT_3D ( 'NONE', #7420, #6214, #8210 ) ;
#2718 = CARTESIAN_POINT ( 'NONE',  ( 6.750000000000002700, 4.650000000000002100, 12.50000000000000200 ) ) ;
#2719 = DIRECTION ( 'NONE',  ( 0.0000000000000000000, 0.0000000000000000000, 1.000000000000000000 ) ) ;
#2720 = FACE_OUTER_BOUND ( 'NONE', #4138, .T. ) ;
#2721 = LINE ( 'NONE', #5456, #3913 ) ;
#2722 = CARTESIAN_POINT ( 'NONE',  ( 6.625000000000002700, 4.100000000000000500, 11.25000000000000400 ) ) ;
#2723 = VERTEX_POINT ( 'NONE', #3302 ) ;
#2724 = CARTESIAN_POINT ( 'NONE',  ( -34.40000000000000600, 4.500000000000002700, -0.2499999999999987000 ) ) ;
#2725 = CARTESIAN_POINT ( 'NONE',  ( -35.80000000000000400, 7.299999999999999800, 13.55000000000000200 ) ) ;
#2726 = EDGE_CURVE ( 'NONE', #7634, #4202, #4264, .T. ) ;
#2727 = ADVANCED_FACE ( 'NONE', ( #5711 ), #8626, .T. ) ;
#2728 = CARTESIAN_POINT ( 'NONE',  ( 2.625000000000002200, 5.700000000000000200, 12.20000000000000300 ) ) ;
#2729 = LINE ( 'NONE', #3832, #858 ) ;
#2730 = PLANE ( 'NONE',  #4853 ) ;
#2731 = CARTESIAN_POINT ( 'NONE',  ( 30.24999999999998600, 0.0000000000000000000, -16.54999999999999700 ) ) ;
#2732 = CARTESIAN_POINT ( 'NONE',  ( -6.749999999999997300, 5.049999999999999800, 12.20000000000000300 ) ) ;
#2733 = DIRECTION ( 'NONE',  ( -1.206764157201257300E-016, 0.0000000000000000000, -1.000000000000000000 ) ) ;
#2734 = DIRECTION ( 'NONE',  ( 1.000000000000000000, -0.0000000000000000000, -0.0000000000000000000 ) ) ;
#2735 = FACE_OUTER_BOUND ( 'NONE', #1242, .T. ) ;
#2736 = DIRECTION ( 'NONE',  ( -0.0000000000000000000, 1.000000000000000000, -0.0000000000000000000 ) ) ;
#2737 = EDGE_CURVE ( 'NONE', #5011, #2479, #670, .T. ) ;
#2738 = CARTESIAN_POINT ( 'NONE',  ( 10.00000000000000000, 4.100000000000000500, 0.0000000000000000000 ) ) ;
#2739 = ORIENTED_EDGE ( 'NONE', *, *, #2047, .T. ) ;
#2740 = AXIS2_PLACEMENT_3D ( 'NONE', #4599, #4004, #4646 ) ;
#2741 = DIRECTION ( 'NONE',  ( -1.000000000000000000, -0.0000000000000000000, -0.0000000000000000000 ) ) ;
#2742 = CIRCLE ( 'NONE', #1932, 1.250000000000004700 ) ;
#2743 = DIRECTION ( 'NONE',  ( -1.000000000000000000, -0.0000000000000000000, 1.084202172485504400E-016 ) ) ;
#2744 = ORIENTED_EDGE ( 'NONE', *, *, #7352, .F. ) ;
#2745 = VERTEX_POINT ( 'NONE', #2679 ) ;
#2746 = EDGE_CURVE ( 'NONE', #5185, #2296, #2869, .T. ) ;
#2747 = CARTESIAN_POINT ( 'NONE',  ( -6.749999999999997300, 4.750000000000000900, 12.20000000000000300 ) ) ;
#2748 = DIRECTION ( 'NONE',  ( -0.0000000000000000000, -1.000000000000000000, -0.0000000000000000000 ) ) ;
#2749 = DIRECTION ( 'NONE',  ( -1.000000000000000000, 0.0000000000000000000, 0.0000000000000000000 ) ) ;
#2750 = VECTOR ( 'NONE', #3255, 1000.000000000000000 ) ;
#2751 = CARTESIAN_POINT ( 'NONE',  ( -7.374999999999998200, 5.400000000000000400, 11.25000000000000400 ) ) ;
#2752 = AXIS2_PLACEMENT_3D ( 'NONE', #7727, #8415, #1716 ) ;
#2753 = VECTOR ( 'NONE', #6296, 1000.000000000000000 ) ;
#2754 = ORIENTED_EDGE ( 'NONE', *, *, #7142, .T. ) ;
#2755 = ADVANCED_FACE ( 'NONE', ( #6415 ), #2231, .F. ) ;
#2756 = CARTESIAN_POINT ( 'NONE',  ( 34.89999999999999900, 7.299999999999999800, -12.50000000000000400 ) ) ;
#2757 = CARTESIAN_POINT ( 'NONE',  ( 5.250000000000002700, -4.699999999999999300, 12.50000000000000200 ) ) ;
#2758 = PLANE ( 'NONE',  #2885 ) ;
#2759 = CARTESIAN_POINT ( 'NONE',  ( -34.90000000000000600, 5.700000000000000200, -12.50000000000000400 ) ) ;
#2760 = DIRECTION ( 'NONE',  ( 1.000000000000000000, -0.0000000000000000000, -0.0000000000000000000 ) ) ;
#2761 = LINE ( 'NONE', #148, #3510 ) ;
#2762 = VERTEX_POINT ( 'NONE', #727 ) ;
#2763 = DIRECTION ( 'NONE',  ( 1.000000000000000000, 0.0000000000000000000, -0.0000000000000000000 ) ) ;
#2764 = CIRCLE ( 'NONE', #4033, 0.09999999999999939500 ) ;
#2765 = VERTEX_POINT ( 'NONE', #6179 ) ;
#2766 = LINE ( 'NONE', #6326, #6525 ) ;
#2767 = DIRECTION ( 'NONE',  ( 0.0000000000000000000, 1.000000000000000000, -3.710638451287287400E-016 ) ) ;
#2768 = DIRECTION ( 'NONE',  ( -2.990902544787598600E-016, -0.0000000000000000000, 1.000000000000000000 ) ) ;
#2769 = DIRECTION ( 'NONE',  ( -0.0000000000000000000, 0.0000000000000000000, -1.000000000000000000 ) ) ;
#2770 = ADVANCED_FACE ( 'NONE', ( #1208 ), #6783, .F. ) ;
#2771 = LINE ( 'NONE', #5684, #992 ) ;
#2772 = EDGE_LOOP ( 'NONE', ( #917, #2976, #794, #5380 ) ) ;
#2773 = ORIENTED_EDGE ( 'NONE', *, *, #6589, .T. ) ;
#2774 = ORIENTED_EDGE ( 'NONE', *, *, #942, .T. ) ;
#2775 = AXIS2_PLACEMENT_3D ( 'NONE', #6206, #2763, #1432 ) ;
#2776 = VERTEX_POINT ( 'NONE', #127 ) ;
#2777 = EDGE_CURVE ( 'NONE', #7731, #5313, #7266, .T. ) ;
#2778 = EDGE_CURVE ( 'NONE', #5639, #473, #6849, .T. ) ;
#2779 = VECTOR ( 'NONE', #3122, 1000.000000000000000 ) ;
#2780 = LINE ( 'NONE', #6062, #1227 ) ;
#2781 = ORIENTED_EDGE ( 'NONE', *, *, #2800, .T. ) ;
#2782 = DIRECTION ( 'NONE',  ( 1.000000000000000000, 0.0000000000000000000, 1.807003620809164000E-016 ) ) ;
#2783 = ORIENTED_EDGE ( 'NONE', *, *, #6946, .T. ) ;
#2784 = VECTOR ( 'NONE', #7333, 1000.000000000000000 ) ;
#2785 = VERTEX_POINT ( 'NONE', #1462 ) ;
#2786 = VERTEX_POINT ( 'NONE', #777 ) ;
#2787 = ORIENTED_EDGE ( 'NONE', *, *, #5557, .T. ) ;
#2788 = CARTESIAN_POINT ( 'NONE',  ( 1.250000000000002900, 4.650000000000002100, 12.79999999999999900 ) ) ;
#2789 = DIRECTION ( 'NONE',  ( 1.000000000000000000, -0.0000000000000000000, -0.0000000000000000000 ) ) ;
#2790 = DIRECTION ( 'NONE',  ( -1.000000000000000000, 0.0000000000000000000, 0.0000000000000000000 ) ) ;
#2791 = CARTESIAN_POINT ( 'NONE',  ( -34.90000000000000600, 5.700000000000000200, -6.249999999999998200 ) ) ;
#2792 = ORIENTED_EDGE ( 'NONE', *, *, #6700, .T. ) ;
#2793 = LINE ( 'NONE', #7641, #3213 ) ;
#2794 = LINE ( 'NONE', #7336, #4386 ) ;
#2795 = ORIENTED_EDGE ( 'NONE', *, *, #4013, .T. ) ;
#2796 = CARTESIAN_POINT ( 'NONE',  ( -38.85000000000000900, -17.31554944214035200, 0.2500000000000011100 ) ) ;
#2797 = LINE ( 'NONE', #466, #2165 ) ;
#2798 = ORIENTED_EDGE ( 'NONE', *, *, #1692, .F. ) ;
#2799 = ORIENTED_EDGE ( 'NONE', *, *, #1262, .T. ) ;
#2800 = EDGE_CURVE ( 'NONE', #1148, #7141, #4047, .T. ) ;
#2801 = PLANE ( 'NONE',  #1049 ) ;
#2802 = DIRECTION ( 'NONE',  ( 0.0000000000000000000, 1.000000000000000000, 0.0000000000000000000 ) ) ;
#2803 = CARTESIAN_POINT ( 'NONE',  ( 6.000000000000000000, 5.700000000000000200, 11.25000000000000400 ) ) ;
#2804 = CARTESIAN_POINT ( 'NONE',  ( -7.249999999999997300, -4.699999999999997500, 12.80000000000000200 ) ) ;
#2805 = PLANE ( 'NONE',  #3760 ) ;
#2806 = EDGE_CURVE ( 'NONE', #5754, #4344, #7065, .T. ) ;
#2807 = AXIS2_PLACEMENT_3D ( 'NONE', #4032, #3366, #16 ) ;
#2808 = DIRECTION ( 'NONE',  ( 1.387778780781446900E-015, 0.0000000000000000000, 1.000000000000000000 ) ) ;
#2809 = LINE ( 'NONE', #491, #1145 ) ;
#2810 = ORIENTED_EDGE ( 'NONE', *, *, #2903, .T. ) ;
#2811 = ORIENTED_EDGE ( 'NONE', *, *, #1045, .T. ) ;
#2812 = EDGE_CURVE ( 'NONE', #6914, #3753, #2761, .T. ) ;
#2813 = DIRECTION ( 'NONE',  ( -0.0000000000000000000, 1.000000000000000000, -0.0000000000000000000 ) ) ;
#2814 = PLANE ( 'NONE',  #8467 ) ;
#2815 = DIRECTION ( 'NONE',  ( -0.0000000000000000000, -4.336808689942017700E-016, -1.000000000000000000 ) ) ;
#2816 = EDGE_CURVE ( 'NONE', #3639, #1229, #8437, .T. ) ;
#2817 = LINE ( 'NONE', #241, #1038 ) ;
#2818 = LINE ( 'NONE', #5082, #2707 ) ;
#2819 = ORIENTED_EDGE ( 'NONE', *, *, #273, .F. ) ;
#2820 = CARTESIAN_POINT ( 'NONE',  ( -7.249999999999997300, 4.750000000000000900, 12.40000000000000400 ) ) ;
#2821 = LINE ( 'NONE', #4641, #3797 ) ;
#2822 = LINE ( 'NONE', #3163, #3240 ) ;
#2823 = ADVANCED_FACE ( 'NONE', ( #3087 ), #6713, .F. ) ;
#2824 = ORIENTED_EDGE ( 'NONE', *, *, #2074, .T. ) ;
#2825 = SURFACE_SIDE_STYLE ('',( #5988 ) ) ;
#2826 = CARTESIAN_POINT ( 'NONE',  ( -35.80000000000000400, 2.499999999999999600, -13.54999999999999900 ) ) ;
#2827 = CARTESIAN_POINT ( 'NONE',  ( -38.85000000000000900, -4.199999999999999300, -6.750000000000000000 ) ) ;
#2828 = CARTESIAN_POINT ( 'NONE',  ( -5.249999999999997300, -4.699999999999997500, 12.80000000000000200 ) ) ;
#2829 = VECTOR ( 'NONE', #3602, 1000.000000000000000 ) ;
#2830 = CARTESIAN_POINT ( 'NONE',  ( 34.74999999999999300, 0.0000000000000000000, -13.54999999999999900 ) ) ;
#2831 = LINE ( 'NONE', #8113, #1988 ) ;
#2832 = DIRECTION ( 'NONE',  ( 0.0000000000000000000, 1.000000000000000000, 0.0000000000000000000 ) ) ;
#2833 = VERTEX_POINT ( 'NONE', #1505 ) ;
#2834 = EDGE_CURVE ( 'NONE', #1699, #6240, #1097, .T. ) ;
#2835 = CLOSED_SHELL ( 'NONE', ( #7267, #4582, #856, #8534, #8193, #62, #1071, #7245, #1608, #7580, #1921, #3537, #6791, #4820, #4117 ) ) ;
#2836 = CARTESIAN_POINT ( 'NONE',  ( 7.250000000000002700, -4.699999999999999300, 12.50000000000000200 ) ) ;
#2837 = AXIS2_PLACEMENT_3D ( 'NONE', #1461, #6833, #1481 ) ;
#2838 = EDGE_CURVE ( 'NONE', #5322, #564, #4354, .T. ) ;
#2839 = ORIENTED_EDGE ( 'NONE', *, *, #5437, .F. ) ;
#2840 = DIRECTION ( 'NONE',  ( 1.000000000000000000, 0.0000000000000000000, -0.0000000000000000000 ) ) ;
#2841 = LINE ( 'NONE', #7403, #6500 ) ;
#2842 = EDGE_LOOP ( 'NONE', ( #2276, #7273, #2839, #216 ) ) ;
#2843 = DIRECTION ( 'NONE',  ( 0.0000000000000000000, -1.000000000000000000, 0.0000000000000000000 ) ) ;
#2844 = VECTOR ( 'NONE', #3987, 1000.000000000000000 ) ;
#2845 = ORIENTED_EDGE ( 'NONE', *, *, #3836, .F. ) ;
#2846 = DIRECTION ( 'NONE',  ( -0.0000000000000000000, -1.000000000000000000, -0.0000000000000000000 ) ) ;
#2847 = VECTOR ( 'NONE', #1587, 1000.000000000000000 ) ;
#2848 = AXIS2_PLACEMENT_3D ( 'NONE', #511, #7765, #5169 ) ;
#2849 = CARTESIAN_POINT ( 'NONE',  ( -32.49999999999999300, 0.0000000000000000000, 17.80000000000001100 ) ) ;
#2850 = CARTESIAN_POINT ( 'NONE',  ( 7.250000000000002700, 4.750000000000000900, 12.20000000000000300 ) ) ;
#2851 = EDGE_CURVE ( 'NONE', #7055, #188, #6625, .T. ) ;
#2852 = CARTESIAN_POINT ( 'NONE',  ( -0.6249999999999987800, 5.700000000000000200, 11.25000000000000400 ) ) ;
#2853 = DIRECTION ( 'NONE',  ( 0.0000000000000000000, 0.0000000000000000000, 1.000000000000000000 ) ) ;
#2854 = LINE ( 'NONE', #5378, #45 ) ;
#2855 = CARTESIAN_POINT ( 'NONE',  ( 15.00000000000000000, 5.510910596163088800E-015, 12.50000000000000200 ) ) ;
#2856 = ORIENTED_EDGE ( 'NONE', *, *, #4713, .T. ) ;
#2857 = PLANE ( 'NONE',  #5246 ) ;
#2858 = DIRECTION ( 'NONE',  ( 1.000000000000000000, 0.0000000000000000000, 0.0000000000000000000 ) ) ;
#2859 = ORIENTED_EDGE ( 'NONE', *, *, #7053, .F. ) ;
#2860 = EDGE_CURVE ( 'NONE', #2449, #8094, #6130, .T. ) ;
#2861 = CARTESIAN_POINT ( 'NONE',  ( -6.624999999999999100, 5.400000000000000400, 11.25000000000000400 ) ) ;
#2862 = CARTESIAN_POINT ( 'NONE',  ( 30.24999999999999300, 7.299999999999999800, 13.55000000000000200 ) ) ;
#2863 = EDGE_CURVE ( 'NONE', #393, #3043, #1304, .T. ) ;
#2864 = VECTOR ( 'NONE', #6770, 1000.000000000000000 ) ;
#2865 = ADVANCED_FACE ( 'NONE', ( #5703 ), #3610, .F. ) ;
#2866 = VERTEX_POINT ( 'NONE', #6948 ) ;
#2867 = CARTESIAN_POINT ( 'NONE',  ( -7.374999999999998200, 5.700000000000000200, 11.25000000000000400 ) ) ;
#2868 = AXIS2_PLACEMENT_3D ( 'NONE', #2315, #936, #482 ) ;
#2869 = LINE ( 'NONE', #4601, #7381 ) ;
#2870 = CIRCLE ( 'NONE', #5085, 0.09999999999999939500 ) ;
#2871 = ORIENTED_EDGE ( 'NONE', *, *, #7857, .F. ) ;
#2872 = CARTESIAN_POINT ( 'NONE',  ( 34.75000000000002100, 7.299999999999999800, -13.54999999999999900 ) ) ;
#2873 = CARTESIAN_POINT ( 'NONE',  ( 34.75000000000001400, 2.500000000000000000, 16.54999999999998600 ) ) ;
#2874 = AXIS2_PLACEMENT_3D ( 'NONE', #2696, #4739, #6089 ) ;
#2875 = LINE ( 'NONE', #5256, #172 ) ;
#2876 = SURFACE_STYLE_FILL_AREA ( #1695 ) ;
#2877 = ORIENTED_EDGE ( 'NONE', *, *, #2806, .T. ) ;
#2878 = EDGE_LOOP ( 'NONE', ( #8003, #4689, #2410, #4800 ) ) ;
#2879 = VERTEX_POINT ( 'NONE', #3549 ) ;
#2880 = PLANE ( 'NONE',  #789 ) ;
#2881 = DIRECTION ( 'NONE',  ( 0.0000000000000000000, 1.000000000000000000, 0.0000000000000000000 ) ) ;
#2882 = DIRECTION ( 'NONE',  ( 0.0000000000000000000, 4.336808689942017700E-016, 1.000000000000000000 ) ) ;
#2883 = CARTESIAN_POINT ( 'NONE',  ( -0.6249999999999987800, 4.100000000000000500, 11.25000000000000400 ) ) ;
#2884 = CARTESIAN_POINT ( 'NONE',  ( 30.24999999999998600, 2.500000000000000000, 16.54999999999998600 ) ) ;
#2885 = AXIS2_PLACEMENT_3D ( 'NONE', #6812, #3547, #8141 ) ;
#2886 = LINE ( 'NONE', #8573, #5934 ) ;
#2887 = EDGE_LOOP ( 'NONE', ( #8328, #3276, #4406, #7188 ) ) ;
#2888 = LINE ( 'NONE', #4170, #7518 ) ;
#2889 = ORIENTED_EDGE ( 'NONE', *, *, #3716, .T. ) ;
#2890 = ORIENTED_EDGE ( 'NONE', *, *, #7524, .T. ) ;
#2891 = ORIENTED_EDGE ( 'NONE', *, *, #1236, .F. ) ;
#2892 = ORIENTED_EDGE ( 'NONE', *, *, #4592, .F. ) ;
#2893 =( NAMED_UNIT ( * ) PLANE_ANGLE_UNIT ( ) SI_UNIT ( $, .RADIAN. ) );
#2894 = FACE_OUTER_BOUND ( 'NONE', #5304, .T. ) ;
#2895 = VECTOR ( 'NONE', #8258, 1000.000000000000000 ) ;
#2896 = ORIENTED_EDGE ( 'NONE', *, *, #7702, .T. ) ;
#2897 = LINE ( 'NONE', #4872, #3873 ) ;
#2898 = VERTEX_POINT ( 'NONE', #4897 ) ;
#2899 = ORIENTED_EDGE ( 'NONE', *, *, #891, .F. ) ;
#2900 = VERTEX_POINT ( 'NONE', #3626 ) ;
#2901 = VERTEX_POINT ( 'NONE', #4978 ) ;
#2902 = MECHANICAL_DESIGN_GEOMETRIC_PRESENTATION_REPRESENTATION (  '', ( #5895 ), #6320 ) ;
#2903 = EDGE_CURVE ( 'NONE', #5903, #1782, #1818, .T. ) ;
#2904 = EDGE_CURVE ( 'NONE', #5020, #1223, #1498, .T. ) ;
#2905 = CARTESIAN_POINT ( 'NONE',  ( 2.625000000000002200, 4.100000000000000500, 12.20000000000000300 ) ) ;
#2906 = DIRECTION ( 'NONE',  ( 0.0000000000000000000, -0.0000000000000000000, 1.000000000000000000 ) ) ;
#2907 = DIRECTION ( 'NONE',  ( 0.0000000000000000000, -0.0000000000000000000, 1.000000000000000000 ) ) ;
#2908 = FACE_OUTER_BOUND ( 'NONE', #3419, .T. ) ;
#2909 = LINE ( 'NONE', #4530, #4301 ) ;
#2910 = VERTEX_POINT ( 'NONE', #8456 ) ;
#2911 = ORIENTED_EDGE ( 'NONE', *, *, #4215, .F. ) ;
#2912 = DIRECTION ( 'NONE',  ( 0.0000000000000000000, 0.0000000000000000000, 1.000000000000000000 ) ) ;
#2913 = CARTESIAN_POINT ( 'NONE',  ( -3.249999999999997800, 4.650000000000002100, 12.40000000000000400 ) ) ;
#2914 = CARTESIAN_POINT ( 'NONE',  ( 23.13333333333343200, 18.86666666666644000, -5.766666666666836200 ) ) ;
#2915 = MANIFOLD_SOLID_BREP ( 'Boss-Extrude13[1]', #2635 ) ;
#2916 = DIRECTION ( 'NONE',  ( -0.0000000000000000000, -1.000000000000000000, -0.0000000000000000000 ) ) ;
#2917 = ADVANCED_FACE ( 'NONE', ( #5174 ), #2406, .T. ) ;
#2918 = CARTESIAN_POINT ( 'NONE',  ( -32.50000000000000000, 0.0000000000000000000, -15.30000000000000100 ) ) ;
#2919 = CARTESIAN_POINT ( 'NONE',  ( -4.749999999999997300, -4.699999999999997500, 12.80000000000000200 ) ) ;
#2920 = FACE_OUTER_BOUND ( 'NONE', #3777, .T. ) ;
#2921 = LINE ( 'NONE', #4959, #7206 ) ;
#2922 = EDGE_CURVE ( 'NONE', #8639, #3672, #6408, .T. ) ;
#2923 = ORIENTED_EDGE ( 'NONE', *, *, #1376, .T. ) ;
#2924 = CARTESIAN_POINT ( 'NONE',  ( -38.85000000000000900, -4.199999999999999300, 1.750000000000000700 ) ) ;
#2925 = DIRECTION ( 'NONE',  ( 0.0000000000000000000, 0.0000000000000000000, 1.000000000000000000 ) ) ;
#2926 = VERTEX_POINT ( 'NONE', #1771 ) ;
#2927 = CARTESIAN_POINT ( 'NONE',  ( 3.375000000000003100, 4.100000000000000500, 12.20000000000000300 ) ) ;
#2928 = AXIS2_PLACEMENT_3D ( 'NONE', #429, #5742, #8407 ) ;
#2929 = DIRECTION ( 'NONE',  ( 0.0000000000000000000, 0.0000000000000000000, 1.000000000000000000 ) ) ;
#2930 = ORIENTED_EDGE ( 'NONE', *, *, #955, .F. ) ;
#2931 = LINE ( 'NONE', #1998, #3141 ) ;
#2932 = CIRCLE ( 'NONE', #8217, 1.250000000000004700 ) ;
#2933 = ORIENTED_EDGE ( 'NONE', *, *, #1676, .F. ) ;
#2934 = EDGE_LOOP ( 'NONE', ( #4997, #4462, #1200, #5203 ) ) ;
#2935 = EDGE_CURVE ( 'NONE', #7931, #117, #1197, .T. ) ;
#2936 = ADVANCED_FACE ( 'NONE', ( #7896 ), #4417, .F. ) ;
#2937 = CARTESIAN_POINT ( 'NONE',  ( 34.89999999999999900, 0.8999999999999980200, -12.50000000000000400 ) ) ;
#2938 = EDGE_LOOP ( 'NONE', ( #6676, #1952, #96, #3847 ) ) ;
#2939 = CARTESIAN_POINT ( 'NONE',  ( 28.52499999999999500, 7.000000000000000000, -10.80000000000001100 ) ) ;
#2940 = DIRECTION ( 'NONE',  ( -1.000000000000000000, 0.0000000000000000000, 0.0000000000000000000 ) ) ;
#2941 = DIRECTION ( 'NONE',  ( -0.0000000000000000000, 0.0000000000000000000, -1.000000000000000000 ) ) ;
#2942 = DIRECTION ( 'NONE',  ( 0.0000000000000000000, 0.0000000000000000000, 1.000000000000000000 ) ) ;
#2943 = CYLINDRICAL_SURFACE ( 'NONE', #2740, 1.200000000000000200 ) ;
#2944 = FACE_BOUND ( 'NONE', #6270, .T. ) ;
#2945 = DIRECTION ( 'NONE',  ( 0.0000000000000000000, 0.0000000000000000000, 1.000000000000000000 ) ) ;
#2946 = ORIENTED_EDGE ( 'NONE', *, *, #337, .T. ) ;
#2947 = DIRECTION ( 'NONE',  ( -0.0000000000000000000, 0.0000000000000000000, 1.000000000000000000 ) ) ;
#2948 =( GEOMETRIC_REPRESENTATION_CONTEXT ( 3 ) GLOBAL_UNCERTAINTY_ASSIGNED_CONTEXT ( ( #6134 ) ) GLOBAL_UNIT_ASSIGNED_CONTEXT ( ( #5732, #4393, #7097 ) ) REPRESENTATION_CONTEXT ( 'NONE', 'WORKASPACE' ) );
#2949 = DIRECTION ( 'NONE',  ( 0.0000000000000000000, 0.0000000000000000000, 1.000000000000000000 ) ) ;
#2950 = CARTESIAN_POINT ( 'NONE',  ( -34.90000000000000600, 0.9000000000000000200, -12.50000000000000400 ) ) ;
#2951 = LINE ( 'NONE', #1940, #6930 ) ;
#2952 = ORIENTED_EDGE ( 'NONE', *, *, #5263, .F. ) ;
#2953 = ADVANCED_FACE ( 'NONE', ( #768 ), #3065, .F. ) ;
#2954 = AXIS2_PLACEMENT_3D ( 'NONE', #217, #3488, #873 ) ;
#2955 = EDGE_CURVE ( 'NONE', #2617, #3753, #3393, .T. ) ;
#2956 = DIRECTION ( 'NONE',  ( -1.000000000000000000, 0.0000000000000000000, 0.0000000000000000000 ) ) ;
#2957 = DIRECTION ( 'NONE',  ( -0.0000000000000000000, -1.000000000000000000, -0.0000000000000000000 ) ) ;
#2958 = VECTOR ( 'NONE', #8117, 1000.000000000000000 ) ;
#2959 = ORIENTED_EDGE ( 'NONE', *, *, #1052, .T. ) ;
#2960 = DIRECTION ( 'NONE',  ( 2.096342569156263500E-016, -0.0000000000000000000, 1.000000000000000000 ) ) ;
#2961 = PLANE ( 'NONE',  #4519 ) ;
#2962 = PLANE ( 'NONE',  #6824 ) ;
#2963 = SURFACE_STYLE_USAGE ( .BOTH. , #4969 ) ;
#2964 = DIRECTION ( 'NONE',  ( -1.000000000000000000, 0.0000000000000000000, 0.0000000000000000000 ) ) ;
#2965 = CARTESIAN_POINT ( 'NONE',  ( 34.89999999999999100, 7.100000000000008500, 6.000000000000005300 ) ) ;
#2966 = CIRCLE ( 'NONE', #1652, 2.250000000000008900 ) ;
#2967 = EDGE_CURVE ( 'NONE', #334, #4291, #4648, .T. ) ;
#2968 = PLANE ( 'NONE',  #5076 ) ;
#2969 = ORIENTED_EDGE ( 'NONE', *, *, #4324, .T. ) ;
#2970 = EDGE_LOOP ( 'NONE', ( #7394, #4038, #1147, #5144 ) ) ;
#2971 = DIRECTION ( 'NONE',  ( 0.0000000000000000000, 0.0000000000000000000, -1.000000000000000000 ) ) ;
#2972 = CARTESIAN_POINT ( 'NONE',  ( -7.374999999999998200, 5.700000000000000200, 11.25000000000000400 ) ) ;
#2973 = DIRECTION ( 'NONE',  ( -0.0000000000000000000, -1.000000000000000000, -0.0000000000000000000 ) ) ;
#2974 = VECTOR ( 'NONE', #681, 1000.000000000000000 ) ;
#2975 = EDGE_CURVE ( 'NONE', #7843, #1523, #7258, .T. ) ;
#2976 = ORIENTED_EDGE ( 'NONE', *, *, #8670, .T. ) ;
#2977 = VECTOR ( 'NONE', #7220, 1000.000000000000000 ) ;
#2978 = ORIENTED_EDGE ( 'NONE', *, *, #1560, .F. ) ;
#2979 = VERTEX_POINT ( 'NONE', #475 ) ;
#2980 = EDGE_CURVE ( 'NONE', #6323, #2427, #1607, .T. ) ;
#2981 = VECTOR ( 'NONE', #8202, 1000.000000000000000 ) ;
#2982 = VERTEX_POINT ( 'NONE', #7746 ) ;
#2983 = LINE ( 'NONE', #6401, #4558 ) ;
#2984 = DIRECTION ( 'NONE',  ( 0.0000000000000000000, 1.000000000000000000, 0.0000000000000000000 ) ) ;
#2985 = CIRCLE ( 'NONE', #4108, 0.3999999999999958600 ) ;
#2986 = LINE ( 'NONE', #3345, #6341 ) ;
#2987 = ORIENTED_EDGE ( 'NONE', *, *, #4663, .T. ) ;
#2988 = ORIENTED_EDGE ( 'NONE', *, *, #2693, .T. ) ;
#2989 = ORIENTED_EDGE ( 'NONE', *, *, #6763, .T. ) ;
#2990 =( LENGTH_UNIT ( ) NAMED_UNIT ( * ) SI_UNIT ( .MILLI., .METRE. ) );
#2991 = DIRECTION ( 'NONE',  ( 0.0000000000000000000, 0.0000000000000000000, -1.000000000000000000 ) ) ;
#2992 = CARTESIAN_POINT ( 'NONE',  ( -7.249999999999997300, 4.650000000000002100, 12.79999999999999900 ) ) ;
#2993 = DIRECTION ( 'NONE',  ( -0.0000000000000000000, -0.0000000000000000000, 1.000000000000000000 ) ) ;
#2994 = DIRECTION ( 'NONE',  ( 0.0000000000000000000, 0.0000000000000000000, 1.000000000000000000 ) ) ;
#2995 = LINE ( 'NONE', #7093, #3311 ) ;
#2996 = VECTOR ( 'NONE', #1225, 1000.000000000000000 ) ;
#2997 = EDGE_LOOP ( 'NONE', ( #1492, #5194, #1812, #8454 ) ) ;
#2998 = CARTESIAN_POINT ( 'NONE',  ( 1.250000000000002900, 4.650000000000002100, 12.40000000000000400 ) ) ;
#2999 = EDGE_CURVE ( 'NONE', #487, #5258, #4347, .T. ) ;
#3000 = LINE ( 'NONE', #637, #2784 ) ;
#3001 = CARTESIAN_POINT ( 'NONE',  ( -0.7499999999999972200, 4.650000000000002100, 12.79999999999999900 ) ) ;
#3002 = VERTEX_POINT ( 'NONE', #5282 ) ;
#3003 = ORIENTED_EDGE ( 'NONE', *, *, #6242, .T. ) ;
#3004 = VERTEX_POINT ( 'NONE', #4399 ) ;
#3005 = DIRECTION ( 'NONE',  ( -0.0000000000000000000, 1.000000000000000000, -0.0000000000000000000 ) ) ;
#3006 = PLANE ( 'NONE',  #251 ) ;
#3007 = VECTOR ( 'NONE', #2223, 1000.000000000000000 ) ;
#3008 = DIRECTION ( 'NONE',  ( 1.000000000000000000, -0.0000000000000000000, -0.0000000000000000000 ) ) ;
#3009 = CYLINDRICAL_SURFACE ( 'NONE', #3857, 0.3999999999999958600 ) ;
#3010 = VERTEX_POINT ( 'NONE', #5738 ) ;
#3011 = ORIENTED_EDGE ( 'NONE', *, *, #562, .T. ) ;
#3012 = FACE_OUTER_BOUND ( 'NONE', #8321, .T. ) ;
#3013 = ORIENTED_EDGE ( 'NONE', *, *, #4911, .T. ) ;
#3014 = ADVANCED_FACE ( 'NONE', ( #5918 ), #3354, .F. ) ;
#3015 = ORIENTED_EDGE ( 'NONE', *, *, #3034, .T. ) ;
#3016 = CARTESIAN_POINT ( 'NONE',  ( -34.90000000000000600, 5.700000000000000200, 12.50000000000000200 ) ) ;
#3017 = CARTESIAN_POINT ( 'NONE',  ( 30.24999999999998600, 2.500000000000000000, 16.54999999999998600 ) ) ;
#3018 = CARTESIAN_POINT ( 'NONE',  ( -34.90000000000000600, -74.14202586927336800, 12.50000000000000200 ) ) ;
#3019 = CARTESIAN_POINT ( 'NONE',  ( 30.24999999999998600, 2.500000000000000000, -16.54999999999999700 ) ) ;
#3020 = DIRECTION ( 'NONE',  ( 0.0000000000000000000, 0.0000000000000000000, -1.000000000000000000 ) ) ;
#3021 = CYLINDRICAL_SURFACE ( 'NONE', #3131, 1.250000000000004700 ) ;
#3022 = LINE ( 'NONE', #4454, #7538 ) ;
#3023 = ORIENTED_EDGE ( 'NONE', *, *, #3259, .T. ) ;
#3024 = VERTEX_POINT ( 'NONE', #659 ) ;
#3025 = PLANE ( 'NONE',  #2752 ) ;
#3026 = CARTESIAN_POINT ( 'NONE',  ( 0.6250000000000023300, 4.100000000000000500, 0.0000000000000000000 ) ) ;
#3027 = EDGE_CURVE ( 'NONE', #7311, #3002, #6731, .T. ) ;
#3028 = DIRECTION ( 'NONE',  ( 0.0000000000000000000, 1.000000000000000000, 0.0000000000000000000 ) ) ;
#3029 = DIRECTION ( 'NONE',  ( -1.000000000000000000, 0.0000000000000000000, 0.0000000000000000000 ) ) ;
#3030 = CARTESIAN_POINT ( 'NONE',  ( -38.25000000000000700, 0.8999999999999980200, -6.750000000000000000 ) ) ;
#3031 = CARTESIAN_POINT ( 'NONE',  ( 14.00000000000000000, 5.700000000000000200, 11.25000000000000400 ) ) ;
#3032 = VECTOR ( 'NONE', #1475, 1000.000000000000000 ) ;
#3033 = LINE ( 'NONE', #3842, #5334 ) ;
#3034 = EDGE_CURVE ( 'NONE', #414, #7234, #7706, .T. ) ;
#3035 = CARTESIAN_POINT ( 'NONE',  ( 5.374999999999985800, 4.100000000000000500, -7.459310946700254700E-015 ) ) ;
#3036 = DIRECTION ( 'NONE',  ( 1.000000000000000000, -0.0000000000000000000, -0.0000000000000000000 ) ) ;
#3037 = DIRECTION ( 'NONE',  ( 1.000000000000000000, -0.0000000000000000000, -0.0000000000000000000 ) ) ;
#3038 = CARTESIAN_POINT ( 'NONE',  ( -34.40000000000000600, 4.499999999999999100, -6.249999999999997300 ) ) ;
#3039 = FACE_OUTER_BOUND ( 'NONE', #759, .T. ) ;
#3040 = LINE ( 'NONE', #7930, #2187 ) ;
#3041 =( NAMED_UNIT ( * ) SI_UNIT ( $, .STERADIAN. ) SOLID_ANGLE_UNIT ( ) );
#3042 = AXIS2_PLACEMENT_3D ( 'NONE', #3487, #8269, #2767 ) ;
#3043 = VERTEX_POINT ( 'NONE', #5372 ) ;
#3044 = CARTESIAN_POINT ( 'NONE',  ( -34.90000000000000600, 4.350000000000000500, 0.0000000000000000000 ) ) ;
#3045 = ADVANCED_FACE ( 'NONE', ( #6321 ), #1368, .F. ) ;
#3046 = LINE ( 'NONE', #2852, #3239 ) ;
#3047 = EDGE_LOOP ( 'NONE', ( #2614, #7633, #1278, #905 ) ) ;
#3048 = VECTOR ( 'NONE', #6154, 1000.000000000000000 ) ;
#3049 = AXIS2_PLACEMENT_3D ( 'NONE', #4145, #6142, #7492 ) ;
#3050 = DIRECTION ( 'NONE',  ( 1.000000000000000000, -0.0000000000000000000, -0.0000000000000000000 ) ) ;
#3051 = VERTEX_POINT ( 'NONE', #5344 ) ;
#3052 = DIRECTION ( 'NONE',  ( 1.000000000000000000, 0.0000000000000000000, -0.0000000000000000000 ) ) ;
#3053 = AXIS2_PLACEMENT_3D ( 'NONE', #2069, #1317, #6074 ) ;
#3054 = CARTESIAN_POINT ( 'NONE',  ( -4.749999999999997300, -4.699999999999997500, 12.80000000000000200 ) ) ;
#3055 = PLANE ( 'NONE',  #8644 ) ;
#3056 = CARTESIAN_POINT ( 'NONE',  ( -35.80000000000000400, 4.350000000000000500, -6.749999999999999100 ) ) ;
#3057 = EDGE_CURVE ( 'NONE', #4291, #5011, #8114, .T. ) ;
#3058 = FACE_OUTER_BOUND ( 'NONE', #4926, .T. ) ;
#3059 = DIRECTION ( 'NONE',  ( -0.0000000000000000000, 1.000000000000000000, -0.0000000000000000000 ) ) ;
#3060 = VERTEX_POINT ( 'NONE', #715 ) ;
#3061 = VECTOR ( 'NONE', #1874, 1000.000000000000000 ) ;
#3062 = EDGE_LOOP ( 'NONE', ( #457, #424, #6257, #2877 ) ) ;
#3063 = CARTESIAN_POINT ( 'NONE',  ( -15.00000000000000400, 7.299999999999999800, 12.50000000000000200 ) ) ;
#3064 = LINE ( 'NONE', #2110, #4246 ) ;
#3065 = PLANE ( 'NONE',  #1235 ) ;
#3066 = CARTESIAN_POINT ( 'NONE',  ( 4.750000000000002700, -4.699999999999997500, 12.80000000000000200 ) ) ;
#3067 = CARTESIAN_POINT ( 'NONE',  ( 32.50000000000000700, 2.500000000000000000, 16.54999999999998600 ) ) ;
#3068 = CARTESIAN_POINT ( 'NONE',  ( 34.89999999999999100, 7.299999999999999800, 6.000000000000005300 ) ) ;
#3069 = DIRECTION ( 'NONE',  ( 1.000000000000000000, -0.0000000000000000000, 0.0000000000000000000 ) ) ;
#3070 = FACE_OUTER_BOUND ( 'NONE', #5231, .T. ) ;
#3071 = AXIS2_PLACEMENT_3D ( 'NONE', #1096, #5806, #5759 ) ;
#3072 = ORIENTED_EDGE ( 'NONE', *, *, #4040, .T. ) ;
#3073 = EDGE_CURVE ( 'NONE', #2251, #1520, #7485, .T. ) ;
#3074 = CARTESIAN_POINT ( 'NONE',  ( 2.625000000000002200, 4.100000000000000500, 12.20000000000000300 ) ) ;
#3075 = CARTESIAN_POINT ( 'NONE',  ( -2.624999999999997300, 4.100000000000000500, 12.20000000000000300 ) ) ;
#3076 = FACE_OUTER_BOUND ( 'NONE', #6162, .T. ) ;
#3077 = VERTEX_POINT ( 'NONE', #3380 ) ;
#3078 = ORIENTED_EDGE ( 'NONE', *, *, #7665, .F. ) ;
#3079 = DIRECTION ( 'NONE',  ( -1.000000000000000000, -0.0000000000000000000, -0.0000000000000000000 ) ) ;
#3080 = DIRECTION ( 'NONE',  ( 0.0000000000000000000, 0.0000000000000000000, -1.000000000000000000 ) ) ;
#3081 = DIRECTION ( 'NONE',  ( 0.0000000000000000000, 8.673617379884013400E-015, -1.000000000000000000 ) ) ;
#3082 = PLANE ( 'NONE',  #2586 ) ;
#3083 = CARTESIAN_POINT ( 'NONE',  ( -34.40000000000000600, 5.700000000000000200, 0.9500000000000016200 ) ) ;
#3084 = EDGE_CURVE ( 'NONE', #2296, #8493, #370, .T. ) ;
#3085 = CARTESIAN_POINT ( 'NONE',  ( -34.90000000000000600, -74.14202586927336800, -12.50000000000000400 ) ) ;
#3086 = ADVANCED_FACE ( 'NONE', ( #1299 ), #6610, .T. ) ;
#3087 = FACE_OUTER_BOUND ( 'NONE', #4544, .T. ) ;
#3088 = ORIENTED_EDGE ( 'NONE', *, *, #5455, .T. ) ;
#3089 = LINE ( 'NONE', #2557, #2033 ) ;
#3090 = VERTEX_POINT ( 'NONE', #2605 ) ;
#3091 = AXIS2_PLACEMENT_3D ( 'NONE', #2623, #6661, #6122 ) ;
#3092 = CARTESIAN_POINT ( 'NONE',  ( 8.000000000000000000, 4.100000000000000500, 11.25000000000000400 ) ) ;
#3093 = ORIENTED_EDGE ( 'NONE', *, *, #5964, .F. ) ;
#3094 = CARTESIAN_POINT ( 'NONE',  ( -34.80000000000000400, 5.700000000000002800, -0.2499999999999985000 ) ) ;
#3095 = FACE_BOUND ( 'NONE', #1083, .T. ) ;
#3096 = DIRECTION ( 'NONE',  ( 0.0000000000000000000, 0.0000000000000000000, 1.000000000000000000 ) ) ;
#3097 = DIRECTION ( 'NONE',  ( -0.0000000000000000000, 1.000000000000000000, -3.710638451287287400E-016 ) ) ;
#3098 = FACE_OUTER_BOUND ( 'NONE', #2609, .T. ) ;
#3099 = ORIENTED_EDGE ( 'NONE', *, *, #5071, .F. ) ;
#3100 = ORIENTED_EDGE ( 'NONE', *, *, #2967, .F. ) ;
#3101 = EDGE_CURVE ( 'NONE', #1089, #7555, #1703, .T. ) ;
#3102 = AXIS2_PLACEMENT_3D ( 'NONE', #4435, #6496, #441 ) ;
#3103 = CARTESIAN_POINT ( 'NONE',  ( -2.749999999999997300, 4.750000000000000900, 12.20000000000000300 ) ) ;
#3104 = PLANE ( 'NONE',  #4645 ) ;
#3105 = VECTOR ( 'NONE', #4460, 1000.000000000000000 ) ;
#3106 = FACE_OUTER_BOUND ( 'NONE', #4651, .T. ) ;
#3107 = VERTEX_POINT ( 'NONE', #4022 ) ;
#3108 = DIRECTION ( 'NONE',  ( 1.387778780781446500E-015, 0.0000000000000000000, 1.000000000000000000 ) ) ;
#3109 = DIRECTION ( 'NONE',  ( 1.000000000000000000, -0.0000000000000000000, 0.0000000000000000000 ) ) ;
#3110 = CIRCLE ( 'NONE', #6570, 1.200000000000000200 ) ;
#3111 = ORIENTED_EDGE ( 'NONE', *, *, #2321, .T. ) ;
#3112 = ORIENTED_EDGE ( 'NONE', *, *, #247, .F. ) ;
#3113 = EDGE_LOOP ( 'NONE', ( #5480, #4284 ) ) ;
#3114 = CLOSED_SHELL ( 'NONE', ( #6488, #5909, #6957, #4906, #7651, #1978, #7625, #6638, #1047, #6757, #123, #761, #5579, #8155, #54 ) ) ;
#3115 = CARTESIAN_POINT ( 'NONE',  ( -3.249999999999997800, 5.049999999999999800, 12.20000000000000300 ) ) ;
#3116 = CARTESIAN_POINT ( 'NONE',  ( 6.750000000000002700, -4.699999999999999300, 12.50000000000000200 ) ) ;
#3117 = CARTESIAN_POINT ( 'NONE',  ( -34.40000000000000600, 6.900000000000001200, -0.2499999999999989200 ) ) ;
#3118 = CARTESIAN_POINT ( 'NONE',  ( 28.52499999999999500, 7.000000000000000000, 2.549999999999989600 ) ) ;
#3119 = VECTOR ( 'NONE', #7987, 1000.000000000000000 ) ;
#3120 = VECTOR ( 'NONE', #1093, 1000.000000000000000 ) ;
#3121 = ORIENTED_EDGE ( 'NONE', *, *, #522, .T. ) ;
#3122 = DIRECTION ( 'NONE',  ( 0.0000000000000000000, 0.0000000000000000000, 1.000000000000000000 ) ) ;
#3123 = FACE_OUTER_BOUND ( 'NONE', #3919, .T. ) ;
#3124 = ORIENTED_EDGE ( 'NONE', *, *, #2214, .F. ) ;
#3125 = CARTESIAN_POINT ( 'NONE',  ( -1.374999999999997800, 5.700000000000000200, 11.25000000000000400 ) ) ;
#3126 = ORIENTED_EDGE ( 'NONE', *, *, #5052, .T. ) ;
#3127 = ORIENTED_EDGE ( 'NONE', *, *, #8416, .T. ) ;
#3128 = ADVANCED_FACE ( 'NONE', ( #4548 ), #2703, .F. ) ;
#3129 = VECTOR ( 'NONE', #4584, 1000.000000000000000 ) ;
#3130 = ORIENTED_EDGE ( 'NONE', *, *, #8112, .F. ) ;
#3131 = AXIS2_PLACEMENT_3D ( 'NONE', #7388, #6083, #2044 ) ;
#3132 = CARTESIAN_POINT ( 'NONE',  ( 4.625000000000002700, 5.700000000000000200, 11.25000000000000400 ) ) ;
#3133 = EDGE_CURVE ( 'NONE', #5258, #5963, #2023, .T. ) ;
#3134 = VECTOR ( 'NONE', #862, 1000.000000000000000 ) ;
#3135 = LINE ( 'NONE', #3063, #534 ) ;
#3136 = ORIENTED_EDGE ( 'NONE', *, *, #4415, .F. ) ;
#3137 = CARTESIAN_POINT ( 'NONE',  ( -34.90000000000000600, 7.299999999999999800, 6.000000000000005300 ) ) ;
#3138 = ORIENTED_EDGE ( 'NONE', *, *, #5512, .T. ) ;
#3139 = ORIENTED_EDGE ( 'NONE', *, *, #8023, .T. ) ;
#3140 = CARTESIAN_POINT ( 'NONE',  ( -5.249999999999997300, 4.750000000000000900, 12.20000000000000300 ) ) ;
#3141 = VECTOR ( 'NONE', #4110, 1000.000000000000000 ) ;
#3142 = VECTOR ( 'NONE', #7861, 1000.000000000000000 ) ;
#3143 = EDGE_CURVE ( 'NONE', #697, #3664, #155, .T. ) ;
#3144 = VERTEX_POINT ( 'NONE', #57 ) ;
#3145 = DIRECTION ( 'NONE',  ( 0.0000000000000000000, 1.000000000000000000, -3.710638451287287400E-016 ) ) ;
#3146 = CARTESIAN_POINT ( 'NONE',  ( -38.25000000000000700, -4.199999999999999300, 0.2500000000000012200 ) ) ;
#3147 = DIRECTION ( 'NONE',  ( -0.0000000000000000000, 0.0000000000000000000, -1.000000000000000000 ) ) ;
#3148 = CARTESIAN_POINT ( 'NONE',  ( -4.625000000000014200, 4.100000000000000500, 9.194034422677102800E-015 ) ) ;
#3149 = DIRECTION ( 'NONE',  ( 0.0000000000000000000, -0.0000000000000000000, -1.000000000000000000 ) ) ;
#3150 = ADVANCED_FACE ( 'NONE', ( #573, #3846 ), #3294, .T. ) ;
#3151 = CARTESIAN_POINT ( 'NONE',  ( -34.90000000000000600, 5.700000000000000200, 6.000000000000005300 ) ) ;
#3152 = LINE ( 'NONE', #4734, #1367 ) ;
#3153 = EDGE_CURVE ( 'NONE', #7050, #3416, #6842, .T. ) ;
#3154 = LINE ( 'NONE', #3275, #1284 ) ;
#3155 = ORIENTED_EDGE ( 'NONE', *, *, #7901, .F. ) ;
#3156 = VERTEX_POINT ( 'NONE', #770 ) ;
#3157 = EDGE_CURVE ( 'NONE', #1919, #1474, #6614, .T. ) ;
#3158 = FACE_OUTER_BOUND ( 'NONE', #6609, .T. ) ;
#3159 = AXIS2_PLACEMENT_3D ( 'NONE', #4340, #363, #5677 ) ;
#3160 = DIRECTION ( 'NONE',  ( -1.387778780781446500E-015, -0.0000000000000000000, -1.000000000000000000 ) ) ;
#3161 = VECTOR ( 'NONE', #4457, 1000.000000000000000 ) ;
#3162 = CARTESIAN_POINT ( 'NONE',  ( -34.75000000000000000, 2.500000000000000000, 16.55000000000000400 ) ) ;
#3163 = CARTESIAN_POINT ( 'NONE',  ( 34.89999999999999900, 0.9000000000000000200, 12.50000000000000200 ) ) ;
#3164 = CARTESIAN_POINT ( 'NONE',  ( 6.750000000000002700, 4.650000000000002100, 12.40000000000000400 ) ) ;
#3165 = VECTOR ( 'NONE', #4806, 1000.000000000000000 ) ;
#3166 = ADVANCED_FACE ( 'NONE', ( #3722 ), #4171, .F. ) ;
#3167 = EDGE_LOOP ( 'NONE', ( #4894, #792, #7086, #383 ) ) ;
#3168 = CARTESIAN_POINT ( 'NONE',  ( -2.749999999999997300, 4.650000000000002100, 12.40000000000000400 ) ) ;
#3169 = STYLED_ITEM ( 'NONE', ( #7303 ), #7199 ) ;
#3170 = DIRECTION ( 'NONE',  ( 1.000000000000000000, -0.0000000000000000000, -0.0000000000000000000 ) ) ;
#3171 = DIRECTION ( 'NONE',  ( 1.206764157201257300E-016, 0.0000000000000000000, 1.000000000000000000 ) ) ;
#3172 = ADVANCED_FACE ( 'NONE', ( #3076 ), #50, .F. ) ;
#3173 = ORIENTED_EDGE ( 'NONE', *, *, #8234, .T. ) ;
#3174 = DIRECTION ( 'NONE',  ( -0.0000000000000000000, 5.782411586589358800E-015, 1.000000000000000000 ) ) ;
#3175 = VECTOR ( 'NONE', #871, 1000.000000000000000 ) ;
#3176 = UNCERTAINTY_MEASURE_WITH_UNIT (LENGTH_MEASURE( 1.000000000000000100E-005 ), #4546, 'distance_accuracy_value', 'NONE');
#3177 = DIRECTION ( 'NONE',  ( -0.0000000000000000000, 0.0000000000000000000, -1.000000000000000000 ) ) ;
#3178 = ORIENTED_EDGE ( 'NONE', *, *, #1001, .T. ) ;
#3179 = ORIENTED_EDGE ( 'NONE', *, *, #7805, .T. ) ;
#3180 = DIRECTION ( 'NONE',  ( 1.000000000000000000, 0.0000000000000000000, -0.0000000000000000000 ) ) ;
#3181 = EDGE_CURVE ( 'NONE', #5012, #7753, #5274, .T. ) ;
#3182 = EDGE_CURVE ( 'NONE', #3024, #7055, #3933, .T. ) ;
#3183 = ORIENTED_EDGE ( 'NONE', *, *, #3597, .T. ) ;
#3184 = CARTESIAN_POINT ( 'NONE',  ( -7.374999999999998200, 5.700000000000000200, 11.25000000000000400 ) ) ;
#3185 = DIRECTION ( 'NONE',  ( 4.752667057470704400E-016, -1.000000000000000000, 0.0000000000000000000 ) ) ;
#3186 = CARTESIAN_POINT ( 'NONE',  ( -7.374999999999998200, 5.700000000000000200, 11.25000000000000400 ) ) ;
#3187 = VECTOR ( 'NONE', #2662, 1000.000000000000000 ) ;
#3188 = DIRECTION ( 'NONE',  ( 1.000000000000000000, -0.0000000000000000000, -0.0000000000000000000 ) ) ;
#3189 = VECTOR ( 'NONE', #6590, 1000.000000000000000 ) ;
#3190 = ORIENTED_EDGE ( 'NONE', *, *, #5437, .T. ) ;
#3191 = ORIENTED_EDGE ( 'NONE', *, *, #4713, .F. ) ;
#3192 = CARTESIAN_POINT ( 'NONE',  ( 5.250000000000002700, 5.049999999999999800, 12.20000000000000300 ) ) ;
#3193 = EDGE_CURVE ( 'NONE', #4387, #97, #6224, .T. ) ;
#3194 = ORIENTED_EDGE ( 'NONE', *, *, #4181, .F. ) ;
#3195 = LINE ( 'NONE', #1621, #2668 ) ;
#3196 = VECTOR ( 'NONE', #3536, 1000.000000000000000 ) ;
#3197 = EDGE_LOOP ( 'NONE', ( #7722, #5417, #5792, #8151, #1445, #864, #6659, #4738 ) ) ;
#3198 = ORIENTED_EDGE ( 'NONE', *, *, #1061, .F. ) ;
#3199 = EDGE_LOOP ( 'NONE', ( #2163, #4133, #7745, #4165 ) ) ;
#3200 = CARTESIAN_POINT ( 'NONE',  ( 4.625000000000002700, 4.100000000000000500, 11.25000000000000400 ) ) ;
#3201 = LINE ( 'NONE', #5269, #2258 ) ;
#3202 = VECTOR ( 'NONE', #4288, 1000.000000000000000 ) ;
#3203 = EDGE_CURVE ( 'NONE', #5387, #2765, #6726, .T. ) ;
#3204 = ORIENTED_EDGE ( 'NONE', *, *, #303, .T. ) ;
#3205 = VERTEX_POINT ( 'NONE', #6739 ) ;
#3206 = LINE ( 'NONE', #6686, #7414 ) ;
#3207 = ORIENTED_EDGE ( 'NONE', *, *, #1642, .T. ) ;
#3208 = ORIENTED_EDGE ( 'NONE', *, *, #4492, .T. ) ;
#3209 = ORIENTED_EDGE ( 'NONE', *, *, #4296, .F. ) ;
#3210 = ADVANCED_FACE ( 'NONE', ( #877, #4342 ), #7276, .T. ) ;
#3211 = PLANE ( 'NONE',  #157 ) ;
#3212 = DIRECTION ( 'NONE',  ( 0.0000000000000000000, 0.0000000000000000000, -1.000000000000000000 ) ) ;
#3213 = VECTOR ( 'NONE', #2256, 1000.000000000000000 ) ;
#3214 = LINE ( 'NONE', #3673, #704 ) ;
#3215 = ORIENTED_EDGE ( 'NONE', *, *, #7979, .F. ) ;
#3216 = ORIENTED_EDGE ( 'NONE', *, *, #5120, .F. ) ;
#3217 = EDGE_LOOP ( 'NONE', ( #5948, #6681, #7608, #1413 ) ) ;
#3218 = CARTESIAN_POINT ( 'NONE',  ( 28.52499999999999500, 7.000000000000000000, 4.299999999999989200 ) ) ;
#3219 = EDGE_LOOP ( 'NONE', ( #1166, #3296, #3461, #6944 ) ) ;
#3220 = DIRECTION ( 'NONE',  ( -1.387778780781446500E-015, -0.0000000000000000000, -1.000000000000000000 ) ) ;
#3221 = SURFACE_SIDE_STYLE ('',( #6161 ) ) ;
#3222 = VECTOR ( 'NONE', #736, 1000.000000000000000 ) ;
#3223 = LINE ( 'NONE', #4542, #6269 ) ;
#3224 = ORIENTED_EDGE ( 'NONE', *, *, #6385, .F. ) ;
#3225 = DIRECTION ( 'NONE',  ( 0.0000000000000000000, 1.000000000000000000, -0.0000000000000000000 ) ) ;
#3226 = AXIS2_PLACEMENT_3D ( 'NONE', #4632, #1991, #5360 ) ;
#3227 = DIRECTION ( 'NONE',  ( 0.0000000000000000000, 0.0000000000000000000, -1.000000000000000000 ) ) ;
#3228 = ORIENTED_EDGE ( 'NONE', *, *, #1073, .T. ) ;
#3229 = CARTESIAN_POINT ( 'NONE',  ( 8.000000000000000000, 5.700000000000000200, 0.0000000000000000000 ) ) ;
#3230 = DIRECTION ( 'NONE',  ( 0.0000000000000000000, 0.0000000000000000000, -1.000000000000000000 ) ) ;
#3231 = VECTOR ( 'NONE', #6856, 1000.000000000000000 ) ;
#3232 = LINE ( 'NONE', #7208, #5037 ) ;
#3233 = ORIENTED_EDGE ( 'NONE', *, *, #882, .T. ) ;
#3234 = ADVANCED_FACE ( 'NONE', ( #5477 ), #2641, .F. ) ;
#3235 = EDGE_CURVE ( 'NONE', #6240, #7024, #4543, .T. ) ;
#3236 = DIRECTION ( 'NONE',  ( 0.0000000000000000000, 0.0000000000000000000, -1.000000000000000000 ) ) ;
#3237 = VERTEX_POINT ( 'NONE', #3974 ) ;
#3238 = CARTESIAN_POINT ( 'NONE',  ( -34.90000000000000600, 4.100000000000000500, 7.499999999999996400 ) ) ;
#3239 = VECTOR ( 'NONE', #3220, 1000.000000000000000 ) ;
#3240 = VECTOR ( 'NONE', #3212, 1000.000000000000000 ) ;
#3241 = CARTESIAN_POINT ( 'NONE',  ( -1.249999999999997600, 4.750000000000000900, 12.20000000000000300 ) ) ;
#3242 = DIRECTION ( 'NONE',  ( 0.0000000000000000000, 0.0000000000000000000, 1.000000000000000000 ) ) ;
#3243 = DIRECTION ( 'NONE',  ( -1.000000000000000000, -0.0000000000000000000, -0.0000000000000000000 ) ) ;
#3244 = EDGE_LOOP ( 'NONE', ( #3604, #1054, #2649, #7246 ) ) ;
#3245 = ADVANCED_FACE ( 'NONE', ( #4441 ), #4719, .T. ) ;
#3246 = DIRECTION ( 'NONE',  ( -2.096342569156263500E-016, 0.0000000000000000000, -1.000000000000000000 ) ) ;
#3247 = DIRECTION ( 'NONE',  ( 0.9396926207859105400, 0.0000000000000000000, 0.3420201433256627200 ) ) ;
#3248 = EDGE_CURVE ( 'NONE', #2596, #4786, #2742, .T. ) ;
#3249 = VECTOR ( 'NONE', #8198, 1000.000000000000000 ) ;
#3250 = ORIENTED_EDGE ( 'NONE', *, *, #8066, .T. ) ;
#3251 = VECTOR ( 'NONE', #1294, 1000.000000000000000 ) ;
#3252 = DIRECTION ( 'NONE',  ( -1.000000000000000000, 0.0000000000000000000, 1.387778780781446900E-015 ) ) ;
#3253 = DIRECTION ( 'NONE',  ( -0.0000000000000000000, -1.000000000000000000, -0.0000000000000000000 ) ) ;
#3254 = CARTESIAN_POINT ( 'NONE',  ( -6.624999999999999100, 4.100000000000000500, 11.25000000000000400 ) ) ;
#3255 = DIRECTION ( 'NONE',  ( -1.000000000000000000, -0.0000000000000000000, 1.084202172485504400E-016 ) ) ;
#3256 = ADVANCED_FACE ( 'NONE', ( #4759 ), #5982, .T. ) ;
#3257 = PLANE ( 'NONE',  #8350 ) ;
#3258 = DIRECTION ( 'NONE',  ( 0.0000000000000000000, 0.0000000000000000000, 1.000000000000000000 ) ) ;
#3259 = EDGE_CURVE ( 'NONE', #7261, #1899, #1807, .T. ) ;
#3260 = FACE_OUTER_BOUND ( 'NONE', #3346, .T. ) ;
#3261 = EDGE_CURVE ( 'NONE', #318, #7338, #8002, .T. ) ;
#3262 = DIRECTION ( 'NONE',  ( 0.0000000000000000000, 0.0000000000000000000, -1.000000000000000000 ) ) ;
#3263 = ORIENTED_EDGE ( 'NONE', *, *, #3355, .F. ) ;
#3264 = CARTESIAN_POINT ( 'NONE',  ( 0.0000000000000000000, 7.299999999999999800, 0.0000000000000000000 ) ) ;
#3265 = CARTESIAN_POINT ( 'NONE',  ( -7.249999999999997300, 4.650000000000002100, 12.40000000000000400 ) ) ;
#3266 = VECTOR ( 'NONE', #2748, 1000.000000000000000 ) ;
#3267 = ORIENTED_EDGE ( 'NONE', *, *, #4851, .F. ) ;
#3268 = PLANE ( 'NONE',  #3049 ) ;
#3269 = DIRECTION ( 'NONE',  ( 1.000000000000000000, 0.0000000000000000000, -0.0000000000000000000 ) ) ;
#3270 = DIRECTION ( 'NONE',  ( 0.0000000000000000000, -0.0000000000000000000, 1.000000000000000000 ) ) ;
#3271 = DIRECTION ( 'NONE',  ( -0.0000000000000000000, -1.000000000000000000, -0.0000000000000000000 ) ) ;
#3272 = CARTESIAN_POINT ( 'NONE',  ( -3.249999999999997800, 4.750000000000000900, 12.40000000000000400 ) ) ;
#3273 = DIRECTION ( 'NONE',  ( 0.0000000000000000000, 0.0000000000000000000, 1.000000000000000000 ) ) ;
#3274 = LINE ( 'NONE', #8478, #8308 ) ;
#3275 = CARTESIAN_POINT ( 'NONE',  ( -34.90000000000000600, 4.100000000000000500, -12.50000000000000400 ) ) ;
#3276 = ORIENTED_EDGE ( 'NONE', *, *, #4477, .F. ) ;
#3277 = AXIS2_PLACEMENT_3D ( 'NONE', #4824, #6820, #5423 ) ;
#3278 = VERTEX_POINT ( 'NONE', #8178 ) ;
#3279 = CARTESIAN_POINT ( 'NONE',  ( -34.40000000000000600, 5.700000000000002800, -0.2499999999999985000 ) ) ;
#3280 = PLANE ( 'NONE',  #5188 ) ;
#3281 = EDGE_CURVE ( 'NONE', #7392, #78, #2530, .T. ) ;
#3282 = VECTOR ( 'NONE', #2790, 1000.000000000000000 ) ;
#3283 = STYLED_ITEM ( 'NONE', ( #4486 ), #1198 ) ;
#3284 = VERTEX_POINT ( 'NONE', #2731 ) ;
#3285 = VERTEX_POINT ( 'NONE', #102 ) ;
#3286 = ORIENTED_EDGE ( 'NONE', *, *, #5994, .F. ) ;
#3287 = EDGE_CURVE ( 'NONE', #1520, #5322, #477, .T. ) ;
#3288 = ADVANCED_FACE ( 'NONE', ( #7589 ), #6177, .F. ) ;
#3289 = DIRECTION ( 'NONE',  ( 1.000000000000000000, -0.0000000000000000000, 0.0000000000000000000 ) ) ;
#3290 = CARTESIAN_POINT ( 'NONE',  ( 6.750000000000002700, -4.699999999999999300, 12.50000000000000200 ) ) ;
#3291 = DIRECTION ( 'NONE',  ( -2.096342569156263500E-016, 0.0000000000000000000, -1.000000000000000000 ) ) ;
#3292 = PLANE ( 'NONE',  #597 ) ;
#3293 = LINE ( 'NONE', #1870, #884 ) ;
#3294 = PLANE ( 'NONE',  #7522 ) ;
#3295 = VECTOR ( 'NONE', #7593, 1000.000000000000000 ) ;
#3296 = ORIENTED_EDGE ( 'NONE', *, *, #2816, .F. ) ;
#3297 = ADVANCED_FACE ( 'NONE', ( #2016 ), #7369, .T. ) ;
#3298 = AXIS2_PLACEMENT_3D ( 'NONE', #4873, #1396, #8106 ) ;
#3299 = DIRECTION ( 'NONE',  ( 0.0000000000000000000, 0.0000000000000000000, 1.000000000000000000 ) ) ;
#3300 = EDGE_CURVE ( 'NONE', #2762, #5922, #253, .T. ) ;
#3301 = PLANE ( 'NONE',  #7382 ) ;
#3302 = CARTESIAN_POINT ( 'NONE',  ( -1.374999999999997800, 5.700000000000000200, 11.25000000000000400 ) ) ;
#3303 = LINE ( 'NONE', #4859, #1515 ) ;
#3304 = EDGE_CURVE ( 'NONE', #916, #6055, #967, .T. ) ;
#3305 = CARTESIAN_POINT ( 'NONE',  ( -7.374999999999998200, 5.700000000000000200, 12.20000000000000300 ) ) ;
#3306 = LINE ( 'NONE', #2425, #498 ) ;
#3307 = ORIENTED_EDGE ( 'NONE', *, *, #6997, .T. ) ;
#3308 = VERTEX_POINT ( 'NONE', #7558 ) ;
#3309 = CARTESIAN_POINT ( 'NONE',  ( 7.375000000000001800, 4.100000000000000500, 11.25000000000000400 ) ) ;
#3310 = EDGE_CURVE ( 'NONE', #8461, #8266, #4970, .T. ) ;
#3311 = VECTOR ( 'NONE', #3059, 1000.000000000000000 ) ;
#3312 = ORIENTED_EDGE ( 'NONE', *, *, #7096, .T. ) ;
#3313 = DIRECTION ( 'NONE',  ( 1.000000000000000000, 0.0000000000000000000, 0.0000000000000000000 ) ) ;
#3314 = LINE ( 'NONE', #2343, #7084 ) ;
#3315 = EDGE_LOOP ( 'NONE', ( #7323, #1728, #5300, #545 ) ) ;
#3316 = EDGE_LOOP ( 'NONE', ( #4051, #6753, #2811, #8427 ) ) ;
#3317 = EDGE_CURVE ( 'NONE', #886, #4369, #4036, .T. ) ;
#3318 = ORIENTED_EDGE ( 'NONE', *, *, #5852, .T. ) ;
#3319 = VECTOR ( 'NONE', #2021, 1000.000000000000000 ) ;
#3320 = ORIENTED_EDGE ( 'NONE', *, *, #8200, .T. ) ;
#3321 = ORIENTED_EDGE ( 'NONE', *, *, #6799, .F. ) ;
#3322 = FACE_OUTER_BOUND ( 'NONE', #6450, .T. ) ;
#3323 = ORIENTED_EDGE ( 'NONE', *, *, #8087, .F. ) ;
#3324 = ORIENTED_EDGE ( 'NONE', *, *, #6332, .F. ) ;
#3325 = ORIENTED_EDGE ( 'NONE', *, *, #5571, .F. ) ;
#3326 = PRESENTATION_LAYER_ASSIGNMENT (  '', '', ( #6611 ) ) ;
#3327 = VECTOR ( 'NONE', #6784, 1000.000000000000000 ) ;
#3328 = VECTOR ( 'NONE', #7227, 1000.000000000000000 ) ;
#3329 = EDGE_LOOP ( 'NONE', ( #8556, #2933, #924, #6975, #8145, #4356, #6331, #8462 ) ) ;
#3330 = ORIENTED_EDGE ( 'NONE', *, *, #2737, .T. ) ;
#3331 = CARTESIAN_POINT ( 'NONE',  ( 4.750000000000002700, 4.750000000000000900, 12.20000000000000300 ) ) ;
#3332 = DIRECTION ( 'NONE',  ( -1.000000000000000000, 0.0000000000000000000, 0.0000000000000000000 ) ) ;
#3333 = DIRECTION ( 'NONE',  ( 0.0000000000000000000, 1.000000000000000000, -0.0000000000000000000 ) ) ;
#3334 = DIRECTION ( 'NONE',  ( 1.000000000000000000, -0.0000000000000000000, -0.0000000000000000000 ) ) ;
#3335 = EDGE_CURVE ( 'NONE', #4550, #2562, #2966, .T. ) ;
#3336 = ADVANCED_FACE ( 'NONE', ( #3386 ), #2758, .F. ) ;
#3337 = DIRECTION ( 'NONE',  ( 0.0000000000000000000, -0.0000000000000000000, -1.000000000000000000 ) ) ;
#3338 = PLANE ( 'NONE',  #812 ) ;
#3339 = LINE ( 'NONE', #7249, #8053 ) ;
#3340 = LINE ( 'NONE', #4526, #5552 ) ;
#3341 = VERTEX_POINT ( 'NONE', #4242 ) ;
#3342 = AXIS2_PLACEMENT_3D ( 'NONE', #6432, #1095, #1788 ) ;
#3343 = VERTEX_POINT ( 'NONE', #1545 ) ;
#3344 = PLANE ( 'NONE',  #2437 ) ;
#3345 = CARTESIAN_POINT ( 'NONE',  ( -0.6249999999999971100, 5.700000000000000200, 12.20000000000000300 ) ) ;
#3346 = EDGE_LOOP ( 'NONE', ( #51, #3634, #1412, #6355 ) ) ;
#3347 = ADVANCED_FACE ( 'NONE', ( #1191 ), #180, .F. ) ;
#3348 = LINE ( 'NONE', #8508, #3142 ) ;
#3349 = VERTEX_POINT ( 'NONE', #3423 ) ;
#3350 = EDGE_LOOP ( 'NONE', ( #8591, #3358, #1219, #2174 ) ) ;
#3351 = CARTESIAN_POINT ( 'NONE',  ( -15.00000000000000400, 7.299999999999999800, 12.50000000000000200 ) ) ;
#3352 =( LENGTH_UNIT ( ) NAMED_UNIT ( * ) SI_UNIT ( .MILLI., .METRE. ) );
#3353 = VECTOR ( 'NONE', #6894, 1000.000000000000000 ) ;
#3354 = PLANE ( 'NONE',  #8414 ) ;
#3355 = EDGE_CURVE ( 'NONE', #6556, #2136, #5592, .T. ) ;
#3356 = FACE_OUTER_BOUND ( 'NONE', #2878, .T. ) ;
#3357 = ORIENTED_EDGE ( 'NONE', *, *, #4949, .T. ) ;
#3358 = ORIENTED_EDGE ( 'NONE', *, *, #4728, .F. ) ;
#3359 = CARTESIAN_POINT ( 'NONE',  ( -3.374999999999997800, 4.100000000000000500, 11.25000000000000400 ) ) ;
#3360 = CARTESIAN_POINT ( 'NONE',  ( 10.00000000000000000, 0.0000000000000000000, 12.20000000000000300 ) ) ;
#3361 = PLANE ( 'NONE',  #7495 ) ;
#3362 = LINE ( 'NONE', #3484, #1994 ) ;
#3363 = LINE ( 'NONE', #878, #234 ) ;
#3364 = ORIENTED_EDGE ( 'NONE', *, *, #6389, .F. ) ;
#3365 = CARTESIAN_POINT ( 'NONE',  ( -34.40000000000000600, 6.899999999999998600, -6.249999999999999100 ) ) ;
#3366 = DIRECTION ( 'NONE',  ( 0.0000000000000000000, 1.000000000000000000, 0.0000000000000000000 ) ) ;
#3367 = EDGE_CURVE ( 'NONE', #5010, #1674, #7144, .T. ) ;
#3368 = CARTESIAN_POINT ( 'NONE',  ( 4.750000000000002700, 4.650000000000002100, 12.50000000000000200 ) ) ;
#3369 = CARTESIAN_POINT ( 'NONE',  ( -34.90000000000000600, 5.700000000000000200, 12.50000000000000200 ) ) ;
#3370 =( GEOMETRIC_REPRESENTATION_CONTEXT ( 3 ) GLOBAL_UNCERTAINTY_ASSIGNED_CONTEXT ( ( #1993 ) ) GLOBAL_UNIT_ASSIGNED_CONTEXT ( ( #6720, #6748, #7447 ) ) REPRESENTATION_CONTEXT ( 'NONE', 'WORKASPACE' ) );
#3371 = DIRECTION ( 'NONE',  ( -0.0000000000000000000, -1.000000000000000000, -0.0000000000000000000 ) ) ;
#3372 = LINE ( 'NONE', #801, #1685 ) ;
#3373 = VERTEX_POINT ( 'NONE', #259 ) ;
#3374 = ADVANCED_FACE ( 'NONE', ( #566 ), #6987, .F. ) ;
#3375 = EDGE_CURVE ( 'NONE', #3205, #6571, #3713, .T. ) ;
#3376 = CARTESIAN_POINT ( 'NONE',  ( -38.85000000000000900, 0.8999999999999980200, 0.2500000000000011100 ) ) ;
#3377 = CARTESIAN_POINT ( 'NONE',  ( 4.000000000000000900, 5.400000000000000400, 7.050000000000002500 ) ) ;
#3378 = LINE ( 'NONE', #2826, #2633 ) ;
#3379 = CARTESIAN_POINT ( 'NONE',  ( -5.374999999999998200, 4.100000000000000500, 0.0000000000000000000 ) ) ;
#3380 = CARTESIAN_POINT ( 'NONE',  ( 6.625000000000002700, 4.100000000000000500, 12.50000000000000200 ) ) ;
#3381 = CARTESIAN_POINT ( 'NONE',  ( -5.249999999999997300, 4.650000000000002100, 12.40000000000000400 ) ) ;
#3382 = ADVANCED_FACE ( 'NONE', ( #1393, #2640 ), #2292, .T. ) ;
#3383 = CARTESIAN_POINT ( 'NONE',  ( 0.7500000000000024400, 4.750000000000000900, 12.40000000000000400 ) ) ;
#3384 = CARTESIAN_POINT ( 'NONE',  ( -3.374999999999997800, 5.700000000000000200, 12.20000000000000300 ) ) ;
#3385 = CARTESIAN_POINT ( 'NONE',  ( -32.50000000000000000, 2.500000000000000000, -17.79999999999999700 ) ) ;
#3386 = FACE_OUTER_BOUND ( 'NONE', #6312, .T. ) ;
#3387 = DIRECTION ( 'NONE',  ( 0.0000000000000000000, 0.0000000000000000000, -1.000000000000000000 ) ) ;
#3388 = ORIENTED_EDGE ( 'NONE', *, *, #8631, .T. ) ;
#3389 = VERTEX_POINT ( 'NONE', #5042 ) ;
#3390 = ORIENTED_EDGE ( 'NONE', *, *, #962, .F. ) ;
#3391 = CARTESIAN_POINT ( 'NONE',  ( 2.625000000000002200, 5.700000000000000200, 11.25000000000000400 ) ) ;
#3392 = DIRECTION ( 'NONE',  ( 0.0000000000000000000, 0.0000000000000000000, -1.000000000000000000 ) ) ;
#3393 = LINE ( 'NONE', #6583, #2324 ) ;
#3394 = ADVANCED_FACE ( 'NONE', ( #366 ), #3575, .F. ) ;
#3395 = FACE_OUTER_BOUND ( 'NONE', #7426, .T. ) ;
#3396 = PLANE ( 'NONE',  #2717 ) ;
#3397 = CARTESIAN_POINT ( 'NONE',  ( 6.750000000000002700, 4.650000000000002100, 12.79999999999999900 ) ) ;
#3398 = AXIS2_PLACEMENT_3D ( 'NONE', #8549, #548, #3337 ) ;
#3399 = FACE_OUTER_BOUND ( 'NONE', #2398, .T. ) ;
#3400 = EDGE_CURVE ( 'NONE', #8122, #6719, #6316, .T. ) ;
#3401 = ORIENTED_EDGE ( 'NONE', *, *, #132, .T. ) ;
#3402 = VECTOR ( 'NONE', #3773, 1000.000000000000000 ) ;
#3403 = ORIENTED_EDGE ( 'NONE', *, *, #3728, .F. ) ;
#3404 = ORIENTED_EDGE ( 'NONE', *, *, #8189, .F. ) ;
#3405 = ORIENTED_EDGE ( 'NONE', *, *, #8112, .T. ) ;
#3406 = EDGE_LOOP ( 'NONE', ( #8149, #1912, #1568, #2923 ) ) ;
#3407 = DIRECTION ( 'NONE',  ( 0.0000000000000000000, 0.0000000000000000000, -1.000000000000000000 ) ) ;
#3408 = DIRECTION ( 'NONE',  ( 0.0000000000000000000, 1.000000000000000000, -0.0000000000000000000 ) ) ;
#3409 = DIRECTION ( 'NONE',  ( 1.000000000000000000, 0.0000000000000000000, -2.168404344971008900E-016 ) ) ;
#3410 = CARTESIAN_POINT ( 'NONE',  ( -2.749999999999997300, 5.049999999999998000, 12.40000000000000400 ) ) ;
#3411 = CARTESIAN_POINT ( 'NONE',  ( -38.85000000000000900, -4.199999999999999300, -8.250000000000000000 ) ) ;
#3412 = DIRECTION ( 'NONE',  ( 0.0000000000000000000, 0.0000000000000000000, 1.000000000000000000 ) ) ;
#3413 = CIRCLE ( 'NONE', #4538, 0.3999999999999958600 ) ;
#3414 = VERTEX_POINT ( 'NONE', #4336 ) ;
#3415 = LINE ( 'NONE', #2788, #8251 ) ;
#3416 = VERTEX_POINT ( 'NONE', #5614 ) ;
#3417 = EDGE_LOOP ( 'NONE', ( #87, #8326, #4696, #2147 ) ) ;
#3418 = ORIENTED_EDGE ( 'NONE', *, *, #6574, .T. ) ;
#3419 = EDGE_LOOP ( 'NONE', ( #3970, #178, #5859, #6107 ) ) ;
#3420 =( LENGTH_UNIT ( ) NAMED_UNIT ( * ) SI_UNIT ( .MILLI., .METRE. ) );
#3421 = DIRECTION ( 'NONE',  ( 0.0000000000000000000, 1.000000000000000000, -4.336808689942017700E-016 ) ) ;
#3422 = EDGE_CURVE ( 'NONE', #2453, #7735, #4255, .T. ) ;
#3423 = CARTESIAN_POINT ( 'NONE',  ( -6.749999999999997300, 4.650000000000002100, 12.50000000000000200 ) ) ;
#3424 = DIRECTION ( 'NONE',  ( 0.0000000000000000000, -0.0000000000000000000, 1.000000000000000000 ) ) ;
#3425 = DIRECTION ( 'NONE',  ( 0.0000000000000000000, 0.0000000000000000000, -1.000000000000000000 ) ) ;
#3426 = CARTESIAN_POINT ( 'NONE',  ( 7.374999999999985800, 4.100000000000000500, -1.023486850826314900E-014 ) ) ;
#3427 = LINE ( 'NONE', #3924, #4371 ) ;
#3428 = ADVANCED_FACE ( 'NONE', ( #3609 ), #8102, .F. ) ;
#3429 = CARTESIAN_POINT ( 'NONE',  ( -30.24999999999998600, 2.500000000000000000, 16.54999999999998600 ) ) ;
#3430 = VECTOR ( 'NONE', #661, 1000.000000000000000 ) ;
#3431 = ORIENTED_EDGE ( 'NONE', *, *, #1249, .F. ) ;
#3432 = ORIENTED_EDGE ( 'NONE', *, *, #5388, .F. ) ;
#3433 = CARTESIAN_POINT ( 'NONE',  ( 7.374999999999985800, 4.100000000000000500, 9.194034422677102800E-015 ) ) ;
#3434 = ORIENTED_EDGE ( 'NONE', *, *, #1740, .F. ) ;
#3435 = EDGE_LOOP ( 'NONE', ( #7293, #1741, #165, #2389 ) ) ;
#3436 = EDGE_CURVE ( 'NONE', #3373, #965, #7695, .T. ) ;
#3437 = PLANE ( 'NONE',  #3277 ) ;
#3438 = VECTOR ( 'NONE', #7471, 1000.000000000000000 ) ;
#3439 = SURFACE_STYLE_FILL_AREA ( #44 ) ;
#3440 = EDGE_CURVE ( 'NONE', #7175, #488, #5170, .T. ) ;
#3441 = ORIENTED_EDGE ( 'NONE', *, *, #6869, .F. ) ;
#3442 = ORIENTED_EDGE ( 'NONE', *, *, #6394, .T. ) ;
#3443 = EDGE_LOOP ( 'NONE', ( #2520, #2687, #4156, #6845 ) ) ;
#3444 = DIRECTION ( 'NONE',  ( 0.0000000000000000000, 0.0000000000000000000, -1.000000000000000000 ) ) ;
#3445 = CARTESIAN_POINT ( 'NONE',  ( 35.79999999999999000, 7.299999999999999800, 13.55000000000000200 ) ) ;
#3446 = DIRECTION ( 'NONE',  ( -1.000000000000000000, 0.0000000000000000000, 0.0000000000000000000 ) ) ;
#3447 = LINE ( 'NONE', #8324, #3134 ) ;
#3448 = VECTOR ( 'NONE', #6537, 1000.000000000000000 ) ;
#3449 = EDGE_LOOP ( 'NONE', ( #7688, #1314, #2380, #7621, #1660, #4099, #5089, #5172 ) ) ;
#3450 = VERTEX_POINT ( 'NONE', #4310 ) ;
#3451 = CARTESIAN_POINT ( 'NONE',  ( -3.999999999999999100, 5.400000000000000400, 8.550000000000004300 ) ) ;
#3452 = CARTESIAN_POINT ( 'NONE',  ( 34.89999999999999900, 7.299999999999999800, -12.50000000000000400 ) ) ;
#3453 = ADVANCED_FACE ( 'NONE', ( #7480 ), #2432, .F. ) ;
#3454 = DIRECTION ( 'NONE',  ( 0.0000000000000000000, 0.0000000000000000000, -1.000000000000000000 ) ) ;
#3455 = ORIENTED_EDGE ( 'NONE', *, *, #2000, .T. ) ;
#3456 =( NAMED_UNIT ( * ) SI_UNIT ( $, .STERADIAN. ) SOLID_ANGLE_UNIT ( ) );
#3457 = SURFACE_STYLE_USAGE ( .BOTH. , #2825 ) ;
#3458 = CYLINDRICAL_SURFACE ( 'NONE', #5654, 2.250000000000008900 ) ;
#3459 = MANIFOLD_SOLID_BREP ( 'LPattern1[1]', #5952 ) ;
#3460 = FACE_OUTER_BOUND ( 'NONE', #6431, .T. ) ;
#3461 = ORIENTED_EDGE ( 'NONE', *, *, #5857, .F. ) ;
#3462 = FILL_AREA_STYLE ('',( #7498 ) ) ;
#3463 = ORIENTED_EDGE ( 'NONE', *, *, #4957, .T. ) ;
#3464 = DIRECTION ( 'NONE',  ( -2.096342569156263500E-016, 0.0000000000000000000, -1.000000000000000000 ) ) ;
#3465 = CARTESIAN_POINT ( 'NONE',  ( 0.0000000000000000000, 5.700000000000000200, 11.25000000000000400 ) ) ;
#3466 = ADVANCED_FACE ( 'NONE', ( #5692 ), #5879, .F. ) ;
#3467 = LINE ( 'NONE', #7534, #7446 ) ;
#3468 = CARTESIAN_POINT ( 'NONE',  ( -39.90000000000000600, 4.350000000000000500, 4.180148828669031100 ) ) ;
#3469 = ORIENTED_EDGE ( 'NONE', *, *, #2555, .T. ) ;
#3470 = CARTESIAN_POINT ( 'NONE',  ( -7.249999999999997300, 4.650000000000002100, 12.50000000000000200 ) ) ;
#3471 = PRESENTATION_STYLE_ASSIGNMENT (( #6830 ) ) ;
#3472 = ORIENTED_EDGE ( 'NONE', *, *, #5893, .F. ) ;
#3473 = FACE_OUTER_BOUND ( 'NONE', #6839, .T. ) ;
#3474 = ADVANCED_FACE ( 'NONE', ( #3070, #5072 ), #7232, .T. ) ;
#3475 = CARTESIAN_POINT ( 'NONE',  ( -38.85000000000000900, -4.199999999999999300, 0.2500000000000011100 ) ) ;
#3476 = ORIENTED_EDGE ( 'NONE', *, *, #2405, .F. ) ;
#3477 = AXIS2_PLACEMENT_3D ( 'NONE', #4671, #1306, #6115 ) ;
#3478 = DIRECTION ( 'NONE',  ( 1.387778780781446500E-015, 0.0000000000000000000, 1.000000000000000000 ) ) ;
#3479 = CARTESIAN_POINT ( 'NONE',  ( -35.80000000000000400, 0.0000000000000000000, 13.55000000000000200 ) ) ;
#3480 = EDGE_CURVE ( 'NONE', #536, #5206, #4638, .T. ) ;
#3481 = DIRECTION ( 'NONE',  ( 1.000000000000000000, 0.0000000000000000000, 0.0000000000000000000 ) ) ;
#3482 = EDGE_CURVE ( 'NONE', #5442, #4585, #4870, .T. ) ;
#3483 = LINE ( 'NONE', #4782, #8516 ) ;
#3484 = CARTESIAN_POINT ( 'NONE',  ( -1.374999999999997800, 4.100000000000000500, 0.0000000000000000000 ) ) ;
#3485 = CARTESIAN_POINT ( 'NONE',  ( -30.24999999999998600, 2.500000000000000000, 16.54999999999998600 ) ) ;
#3486 = DIRECTION ( 'NONE',  ( 0.0000000000000000000, 1.000000000000000000, 0.0000000000000000000 ) ) ;
#3487 = CARTESIAN_POINT ( 'NONE',  ( 2.750000000000002700, 4.650000000000002100, 12.79999999999999900 ) ) ;
#3488 = DIRECTION ( 'NONE',  ( 0.0000000000000000000, 1.000000000000000000, -0.0000000000000000000 ) ) ;
#3489 = VECTOR ( 'NONE', #8097, 1000.000000000000000 ) ;
#3490 = PLANE ( 'NONE',  #1971 ) ;
#3491 = EDGE_CURVE ( 'NONE', #6619, #6126, #3274, .T. ) ;
#3492 = ORIENTED_EDGE ( 'NONE', *, *, #5388, .T. ) ;
#3493 = ORIENTED_EDGE ( 'NONE', *, *, #1144, .T. ) ;
#3494 = VERTEX_POINT ( 'NONE', #6572 ) ;
#3495 = ADVANCED_FACE ( 'NONE', ( #7049 ), #7812, .F. ) ;
#3496 = DIRECTION ( 'NONE',  ( 0.0000000000000000000, 5.782411586589358800E-015, 1.000000000000000000 ) ) ;
#3497 = AXIS2_PLACEMENT_3D ( 'NONE', #4815, #852, #5539 ) ;
#3498 = CIRCLE ( 'NONE', #3820, 1.750000000000000700 ) ;
#3499 = ORIENTED_EDGE ( 'NONE', *, *, #2980, .F. ) ;
#3500 = PRESENTATION_LAYER_ASSIGNMENT (  '', '', ( #2416 ) ) ;
#3501 = CARTESIAN_POINT ( 'NONE',  ( -30.72500000000000100, 7.000000000000000000, -9.050000000000002500 ) ) ;
#3502 = DIRECTION ( 'NONE',  ( 0.0000000000000000000, 0.0000000000000000000, 1.000000000000000000 ) ) ;
#3503 = CARTESIAN_POINT ( 'NONE',  ( -34.90000000000000600, 7.299999999999999800, 7.499999999999996400 ) ) ;
#3504 = ADVANCED_FACE ( 'NONE', ( #4752, #6310 ), #4661, .T. ) ;
#3505 = ORIENTED_EDGE ( 'NONE', *, *, #5655, .T. ) ;
#3506 = EDGE_LOOP ( 'NONE', ( #448, #1844, #6993, #1193 ) ) ;
#3507 =( NAMED_UNIT ( * ) PLANE_ANGLE_UNIT ( ) SI_UNIT ( $, .RADIAN. ) );
#3508 = DIRECTION ( 'NONE',  ( -0.0000000000000000000, -0.0000000000000000000, 1.000000000000000000 ) ) ;
#3509 = FILL_AREA_STYLE ('',( #7531 ) ) ;
#3510 = VECTOR ( 'NONE', #5497, 1000.000000000000000 ) ;
#3511 =( NAMED_UNIT ( * ) SI_UNIT ( $, .STERADIAN. ) SOLID_ANGLE_UNIT ( ) );
#3512 = SURFACE_STYLE_USAGE ( .BOTH. , #5469 ) ;
#3513 = LINE ( 'NONE', #1517, #3295 ) ;
#3514 = ORIENTED_EDGE ( 'NONE', *, *, #6109, .T. ) ;
#3515 = ORIENTED_EDGE ( 'NONE', *, *, #8066, .F. ) ;
#3516 = DIRECTION ( 'NONE',  ( 1.387778780781446500E-015, 0.0000000000000000000, 1.000000000000000000 ) ) ;
#3517 = FILL_AREA_STYLE ('',( #3877 ) ) ;
#3518 = CARTESIAN_POINT ( 'NONE',  ( 32.50000000000000700, 2.500000000000000000, 17.79999999999999000 ) ) ;
#3519 = LINE ( 'NONE', #1460, #4890 ) ;
#3520 = ORIENTED_EDGE ( 'NONE', *, *, #7069, .T. ) ;
#3521 = CARTESIAN_POINT ( 'NONE',  ( -34.75000000000000000, 0.0000000000000000000, 16.55000000000000400 ) ) ;
#3522 = LINE ( 'NONE', #502, #7606 ) ;
#3523 = ORIENTED_EDGE ( 'NONE', *, *, #3057, .F. ) ;
#3524 = ORIENTED_EDGE ( 'NONE', *, *, #733, .T. ) ;
#3525 = ORIENTED_EDGE ( 'NONE', *, *, #2980, .T. ) ;
#3526 = AXIS2_PLACEMENT_3D ( 'NONE', #5585, #6282, #2991 ) ;
#3527 = EDGE_CURVE ( 'NONE', #5116, #7696, #3831, .T. ) ;
#3528 = LINE ( 'NONE', #1601, #5616 ) ;
#3529 = LINE ( 'NONE', #40, #598 ) ;
#3530 = DIRECTION ( 'NONE',  ( 0.0000000000000000000, 5.782411586589358800E-015, 1.000000000000000000 ) ) ;
#3531 = VERTEX_POINT ( 'NONE', #788 ) ;
#3532 = VECTOR ( 'NONE', #7602, 1000.000000000000000 ) ;
#3533 = CARTESIAN_POINT ( 'NONE',  ( -34.90000000000000600, 7.299999999999999800, -12.30000000000000600 ) ) ;
#3534 = EDGE_LOOP ( 'NONE', ( #2350, #8539, #6494, #688 ) ) ;
#3535 = ORIENTED_EDGE ( 'NONE', *, *, #701, .T. ) ;
#3536 = DIRECTION ( 'NONE',  ( 0.0000000000000000000, 0.0000000000000000000, 1.000000000000000000 ) ) ;
#3537 = ADVANCED_FACE ( 'NONE', ( #5161 ), #49, .F. ) ;
#3538 = DIRECTION ( 'NONE',  ( -0.0000000000000000000, 0.0000000000000000000, 1.000000000000000000 ) ) ;
#3539 = FACE_OUTER_BOUND ( 'NONE', #8047, .T. ) ;
#3540 = ORIENTED_EDGE ( 'NONE', *, *, #5199, .T. ) ;
#3541 = FILL_AREA_STYLE_COLOUR ( '', #7023 ) ;
#3542 = VECTOR ( 'NONE', #6491, 1000.000000000000000 ) ;
#3543 = ORIENTED_EDGE ( 'NONE', *, *, #2515, .T. ) ;
#3544 = VERTEX_POINT ( 'NONE', #2130 ) ;
#3545 = VERTEX_POINT ( 'NONE', #4727 ) ;
#3546 = EDGE_CURVE ( 'NONE', #2453, #3060, #6606, .T. ) ;
#3547 = DIRECTION ( 'NONE',  ( 0.0000000000000000000, 0.0000000000000000000, -1.000000000000000000 ) ) ;
#3548 = SURFACE_STYLE_USAGE ( .BOTH. , #848 ) ;
#3549 = CARTESIAN_POINT ( 'NONE',  ( -0.6249999999999971100, 4.100000000000000500, 12.20000000000000300 ) ) ;
#3550 = DIRECTION ( 'NONE',  ( -1.000000000000000000, 0.0000000000000000000, 0.0000000000000000000 ) ) ;
#3551 = AXIS2_PLACEMENT_3D ( 'NONE', #3168, #2297, #7465 ) ;
#3552 = DIRECTION ( 'NONE',  ( -1.387778780781446300E-015, 0.0000000000000000000, -1.000000000000000000 ) ) ;
#3553 = LINE ( 'NONE', #6100, #3327 ) ;
#3554 = FACE_OUTER_BOUND ( 'NONE', #2575, .T. ) ;
#3555 = ORIENTED_EDGE ( 'NONE', *, *, #4126, .F. ) ;
#3556 = VERTEX_POINT ( 'NONE', #7507 ) ;
#3557 = ADVANCED_FACE ( 'NONE', ( #6717 ), #3396, .F. ) ;
#3558 = CARTESIAN_POINT ( 'NONE',  ( 2.000000000000000000, 0.0000000000000000000, 12.20000000000000300 ) ) ;
#3559 = EDGE_CURVE ( 'NONE', #4308, #6365, #3600, .T. ) ;
#3560 = VECTOR ( 'NONE', #2109, 1000.000000000000000 ) ;
#3561 = FACE_OUTER_BOUND ( 'NONE', #1002, .T. ) ;
#3562 = ORIENTED_EDGE ( 'NONE', *, *, #3436, .T. ) ;
#3563 = AXIS2_PLACEMENT_3D ( 'NONE', #4298, #5566, #2210 ) ;
#3564 = ORIENTED_EDGE ( 'NONE', *, *, #8131, .T. ) ;
#3565 = PLANE ( 'NONE',  #4946 ) ;
#3566 = CARTESIAN_POINT ( 'NONE',  ( 2.750000000000002700, 5.049999999999998000, 12.40000000000000400 ) ) ;
#3567 = DIRECTION ( 'NONE',  ( 1.000000000000000000, -0.0000000000000000000, -0.0000000000000000000 ) ) ;
#3568 = DIRECTION ( 'NONE',  ( -0.0000000000000000000, -1.000000000000000000, -0.0000000000000000000 ) ) ;
#3569 = LINE ( 'NONE', #298, #7961 ) ;
#3570 = UNCERTAINTY_MEASURE_WITH_UNIT (LENGTH_MEASURE( 1.000000000000000100E-005 ), #6628, 'distance_accuracy_value', 'NONE');
#3571 = LINE ( 'NONE', #3598, #5651 ) ;
#3572 = ORIENTED_EDGE ( 'NONE', *, *, #3084, .T. ) ;
#3573 = CARTESIAN_POINT ( 'NONE',  ( 2.750000000000002700, 5.049999999999999800, 12.20000000000000300 ) ) ;
#3574 = CARTESIAN_POINT ( 'NONE',  ( 1.250000000000002900, -4.699999999999999300, 12.50000000000000200 ) ) ;
#3575 = PLANE ( 'NONE',  #504 ) ;
#3576 = MECHANICAL_DESIGN_GEOMETRIC_PRESENTATION_REPRESENTATION (  '', ( #4583 ), #559 ) ;
#3577 = CARTESIAN_POINT ( 'NONE',  ( 0.0000000000000000000, 4.100000000000000500, 11.25000000000000400 ) ) ;
#3578 = VECTOR ( 'NONE', #1757, 1000.000000000000000 ) ;
#3579 = LINE ( 'NONE', #2686, #8502 ) ;
#3580 = DIRECTION ( 'NONE',  ( 0.0000000000000000000, 0.0000000000000000000, 1.000000000000000000 ) ) ;
#3581 = ORIENTED_EDGE ( 'NONE', *, *, #3681, .T. ) ;
#3582 = EDGE_CURVE ( 'NONE', #1597, #5011, #3498, .T. ) ;
#3583 = ORIENTED_EDGE ( 'NONE', *, *, #1332, .T. ) ;
#3584 = ADVANCED_FACE ( 'NONE', ( #7363 ), #3211, .F. ) ;
#3585 = AXIS2_PLACEMENT_3D ( 'NONE', #7933, #5829, #6714 ) ;
#3586 = FACE_OUTER_BOUND ( 'NONE', #1452, .T. ) ;
#3587 = EDGE_CURVE ( 'NONE', #1223, #7630, #5267, .T. ) ;
#3588 = DIRECTION ( 'NONE',  ( 0.0000000000000000000, 0.0000000000000000000, 1.000000000000000000 ) ) ;
#3589 = DIRECTION ( 'NONE',  ( 0.0000000000000000000, 0.0000000000000000000, 1.000000000000000000 ) ) ;
#3590 = VECTOR ( 'NONE', #8509, 1000.000000000000000 ) ;
#3591 = CARTESIAN_POINT ( 'NONE',  ( -3.999999999999999100, 5.700000000000000200, 7.050000000000003400 ) ) ;
#3592 = CARTESIAN_POINT ( 'NONE',  ( -3.249999999999997800, 5.049999999999999800, 12.20000000000000300 ) ) ;
#3593 = CARTESIAN_POINT ( 'NONE',  ( 28.52499999999999500, 7.000000000000000000, 4.299999999999989200 ) ) ;
#3594 = VECTOR ( 'NONE', #3911, 1000.000000000000000 ) ;
#3595 = CARTESIAN_POINT ( 'NONE',  ( 1.250000000000002900, 4.650000000000002100, 12.50000000000000200 ) ) ;
#3596 = ADVANCED_FACE ( 'NONE', ( #1908 ), #3301, .F. ) ;
#3597 = EDGE_CURVE ( 'NONE', #689, #5698, #1696, .T. ) ;
#3598 = CARTESIAN_POINT ( 'NONE',  ( -32.50000000000000000, 2.500000000000000000, -18.80000000000000800 ) ) ;
#3599 = PLANE ( 'NONE',  #7074 ) ;
#3600 = LINE ( 'NONE', #3017, #1490 ) ;
#3601 = ORIENTED_EDGE ( 'NONE', *, *, #4245, .T. ) ;
#3602 = DIRECTION ( 'NONE',  ( -0.0000000000000000000, 5.782411586589358800E-015, 1.000000000000000000 ) ) ;
#3603 = CARTESIAN_POINT ( 'NONE',  ( 4.750000000000002700, 4.750000000000000900, 12.40000000000000400 ) ) ;
#3604 = ORIENTED_EDGE ( 'NONE', *, *, #6665, .F. ) ;
#3605 = ADVANCED_FACE ( 'NONE', ( #6403 ), #1394, .F. ) ;
#3606 = CARTESIAN_POINT ( 'NONE',  ( 34.70000000000000300, 7.299999999999999800, 1.301511451165301400E-014 ) ) ;
#3607 = EDGE_CURVE ( 'NONE', #817, #4050, #8096, .T. ) ;
#3608 = EDGE_CURVE ( 'NONE', #117, #6453, #2854, .T. ) ;
#3609 = FACE_OUTER_BOUND ( 'NONE', #4807, .T. ) ;
#3610 = CYLINDRICAL_SURFACE ( 'NONE', #6421, 1.250000000000004700 ) ;
#3611 = VERTEX_POINT ( 'NONE', #126 ) ;
#3612 = EDGE_CURVE ( 'NONE', #1355, #1422, #248, .T. ) ;
#3613 = DIRECTION ( 'NONE',  ( 1.000000000000000000, 0.0000000000000000000, 0.0000000000000000000 ) ) ;
#3614 = DIRECTION ( 'NONE',  ( -1.000000000000000000, 0.0000000000000000000, 0.0000000000000000000 ) ) ;
#3615 = CARTESIAN_POINT ( 'NONE',  ( -1.374999999999997800, 5.700000000000000200, 11.25000000000000400 ) ) ;
#3616 = STYLED_ITEM ( 'NONE', ( #1322 ), #7313 ) ;
#3617 = DIRECTION ( 'NONE',  ( 0.0000000000000000000, -1.000000000000000000, 4.336808689942017700E-016 ) ) ;
#3618 = VECTOR ( 'NONE', #6516, 1000.000000000000000 ) ;
#3619 = ORIENTED_EDGE ( 'NONE', *, *, #723, .T. ) ;
#3620 = LINE ( 'NONE', #3241, #5712 ) ;
#3621 = ORIENTED_EDGE ( 'NONE', *, *, #6128, .T. ) ;
#3622 = ORIENTED_EDGE ( 'NONE', *, *, #623, .F. ) ;
#3623 = ORIENTED_EDGE ( 'NONE', *, *, #7702, .F. ) ;
#3624 = ORIENTED_EDGE ( 'NONE', *, *, #6721, .T. ) ;
#3625 = DIRECTION ( 'NONE',  ( 1.000000000000000000, 0.0000000000000000000, 0.0000000000000000000 ) ) ;
#3626 = CARTESIAN_POINT ( 'NONE',  ( -30.72500000000000500, 7.000000000000000000, 2.549999999999996700 ) ) ;
#3627 = AXIS2_PLACEMENT_3D ( 'NONE', #2112, #8130, #6804 ) ;
#3628 = DIRECTION ( 'NONE',  ( 0.0000000000000000000, 8.673617379884013400E-015, -1.000000000000000000 ) ) ;
#3629 = LINE ( 'NONE', #3883, #1115 ) ;
#3630 = CARTESIAN_POINT ( 'NONE',  ( 28.52499999999999500, 7.299999999999999800, 4.299999999999989200 ) ) ;
#3631 = VERTEX_POINT ( 'NONE', #2118 ) ;
#3632 = LINE ( 'NONE', #7578, #2153 ) ;
#3633 = EDGE_LOOP ( 'NONE', ( #4715, #7881, #6808, #3624 ) ) ;
#3634 = ORIENTED_EDGE ( 'NONE', *, *, #6965, .T. ) ;
#3635 = ORIENTED_EDGE ( 'NONE', *, *, #1349, .F. ) ;
#3636 = ORIENTED_EDGE ( 'NONE', *, *, #6118, .T. ) ;
#3637 = VECTOR ( 'NONE', #5549, 1000.000000000000000 ) ;
#3638 = CIRCLE ( 'NONE', #7434, 1.199999999999999700 ) ;
#3639 = VERTEX_POINT ( 'NONE', #1459 ) ;
#3640 = VERTEX_POINT ( 'NONE', #7493 ) ;
#3641 = CARTESIAN_POINT ( 'NONE',  ( 14.00000000000000000, 5.700000000000000200, 0.0000000000000000000 ) ) ;
#3642 = CIRCLE ( 'NONE', #5587, 1.750000000000002400 ) ;
#3643 = VERTEX_POINT ( 'NONE', #5534 ) ;
#3644 = ORIENTED_EDGE ( 'NONE', *, *, #5483, .F. ) ;
#3645 = ORIENTED_EDGE ( 'NONE', *, *, #8153, .F. ) ;
#3646 = ORIENTED_EDGE ( 'NONE', *, *, #6285, .T. ) ;
#3647 = AXIS2_PLACEMENT_3D ( 'NONE', #6274, #4987, #6998 ) ;
#3648 = ADVANCED_FACE ( 'NONE', ( #2735 ), #2801, .F. ) ;
#3649 = EDGE_CURVE ( 'NONE', #616, #6750, #4433, .T. ) ;
#3650 = ADVANCED_FACE ( 'NONE', ( #7997 ), #4419, .T. ) ;
#3651 = CARTESIAN_POINT ( 'NONE',  ( 6.750000000000002700, 4.750000000000000900, 12.40000000000000400 ) ) ;
#3652 = DIRECTION ( 'NONE',  ( 0.0000000000000000000, 1.000000000000000000, -3.710638451287287400E-016 ) ) ;
#3653 = VERTEX_POINT ( 'NONE', #4241 ) ;
#3654 =( NAMED_UNIT ( * ) SI_UNIT ( $, .STERADIAN. ) SOLID_ANGLE_UNIT ( ) );
#3655 =( NAMED_UNIT ( * ) SI_UNIT ( $, .STERADIAN. ) SOLID_ANGLE_UNIT ( ) );
#3656 = ORIENTED_EDGE ( 'NONE', *, *, #1184, .T. ) ;
#3657 = ORIENTED_EDGE ( 'NONE', *, *, #5230, .T. ) ;
#3658 = CARTESIAN_POINT ( 'NONE',  ( 3.375000000000001300, 4.100000000000000500, 11.25000000000000400 ) ) ;
#3659 = CARTESIAN_POINT ( 'NONE',  ( -30.24999999999998600, 0.0000000000000000000, 16.54999999999998600 ) ) ;
#3660 = CARTESIAN_POINT ( 'NONE',  ( 2.625000000000002200, 5.400000000000000400, 11.25000000000000400 ) ) ;
#3661 = LINE ( 'NONE', #4058, #104 ) ;
#3662 = LINE ( 'NONE', #2272, #105 ) ;
#3663 = EDGE_CURVE ( 'NONE', #4559, #4674, #3378, .T. ) ;
#3664 = VERTEX_POINT ( 'NONE', #1680 ) ;
#3665 = EDGE_LOOP ( 'NONE', ( #969, #4015, #2043, #2082 ) ) ;
#3666 = DIRECTION ( 'NONE',  ( 0.0000000000000000000, 0.0000000000000000000, 1.000000000000000000 ) ) ;
#3667 = PLANE ( 'NONE',  #1373 ) ;
#3668 = CARTESIAN_POINT ( 'NONE',  ( 6.625000000000002700, 5.700000000000000200, 12.20000000000000300 ) ) ;
#3669 = FILL_AREA_STYLE_COLOUR ( '', #8 ) ;
#3670 = DIRECTION ( 'NONE',  ( 0.0000000000000000000, 0.0000000000000000000, 1.000000000000000000 ) ) ;
#3671 = CARTESIAN_POINT ( 'NONE',  ( 4.000000000000000900, 5.400000000000000400, 8.550000000000002500 ) ) ;
#3672 = VERTEX_POINT ( 'NONE', #3829 ) ;
#3673 = CARTESIAN_POINT ( 'NONE',  ( 0.0000000000000000000, 4.100000000000000500, 11.25000000000000400 ) ) ;
#3674 = DIRECTION ( 'NONE',  ( -0.9396926207859082100, 0.0000000000000000000, 0.3420201433256693800 ) ) ;
#3675 = VECTOR ( 'NONE', #2305, 1000.000000000000000 ) ;
#3676 = LINE ( 'NONE', #7761, #1876 ) ;
#3677 = ORIENTED_EDGE ( 'NONE', *, *, #1725, .T. ) ;
#3678 = ADVANCED_FACE ( 'NONE', ( #1594 ), #5817, .T. ) ;
#3679 = DIRECTION ( 'NONE',  ( 0.0000000000000000000, 0.0000000000000000000, -1.000000000000000000 ) ) ;
#3680 = ORIENTED_EDGE ( 'NONE', *, *, #2009, .F. ) ;
#3681 = EDGE_CURVE ( 'NONE', #3808, #7099, #870, .T. ) ;
#3682 = DIRECTION ( 'NONE',  ( -0.0000000000000000000, 0.0000000000000000000, 1.000000000000000000 ) ) ;
#3683 = FACE_OUTER_BOUND ( 'NONE', #1839, .T. ) ;
#3684 = MANIFOLD_SOLID_BREP ( 'Boss-Extrude9', #1353 ) ;
#3685 = LINE ( 'NONE', #3184, #5556 ) ;
#3686 = STYLED_ITEM ( 'NONE', ( #5744 ), #6649 ) ;
#3687 = EDGE_LOOP ( 'NONE', ( #5125, #4132, #1634, #1224 ) ) ;
#3688 = CARTESIAN_POINT ( 'NONE',  ( 32.50000000000000000, 2.500000000000000000, -18.80000000000001500 ) ) ;
#3689 = CARTESIAN_POINT ( 'NONE',  ( 34.89999999999999900, 4.100000000000000500, -12.50000000000000400 ) ) ;
#3690 = ORIENTED_EDGE ( 'NONE', *, *, #153, .T. ) ;
#3691 = FACE_OUTER_BOUND ( 'NONE', #8272, .T. ) ;
#3692 = ORIENTED_EDGE ( 'NONE', *, *, #6521, .F. ) ;
#3693 = CARTESIAN_POINT ( 'NONE',  ( 28.52499999999999500, 7.299999999999999800, 4.299999999999989200 ) ) ;
#3694 = CARTESIAN_POINT ( 'NONE',  ( 4.750000000000002700, -4.699999999999997500, 12.80000000000000200 ) ) ;
#3695 = VERTEX_POINT ( 'NONE', #2345 ) ;
#3696 = DIRECTION ( 'NONE',  ( -0.0000000000000000000, -1.000000000000000000, -0.0000000000000000000 ) ) ;
#3697 = CARTESIAN_POINT ( 'NONE',  ( -34.90000000000000600, 4.100000000000000500, 12.50000000000000200 ) ) ;
#3698 = AXIS2_PLACEMENT_3D ( 'NONE', #4269, #5591, #7624 ) ;
#3699 = CARTESIAN_POINT ( 'NONE',  ( 6.750000000000002700, 5.049999999999998000, 12.40000000000000400 ) ) ;
#3700 = ADVANCED_FACE ( 'NONE', ( #7796 ), #360, .T. ) ;
#3701 = CARTESIAN_POINT ( 'NONE',  ( -34.40000000000000600, 5.700000000000002800, 0.9500000000000016200 ) ) ;
#3702 = PLANE ( 'NONE',  #3563 ) ;
#3703 = CYLINDRICAL_SURFACE ( 'NONE', #3091, 1.750000000000000700 ) ;
#3704 = ORIENTED_EDGE ( 'NONE', *, *, #6297, .T. ) ;
#3705 = EDGE_CURVE ( 'NONE', #2670, #5322, #139, .T. ) ;
#3706 = CARTESIAN_POINT ( 'NONE',  ( -30.24999999999998600, 7.299999999999999800, 13.55000000000000200 ) ) ;
#3707 = VECTOR ( 'NONE', #7461, 1000.000000000000000 ) ;
#3708 = DIRECTION ( 'NONE',  ( -1.000000000000000000, 0.0000000000000000000, 0.0000000000000000000 ) ) ;
#3709 = CARTESIAN_POINT ( 'NONE',  ( 30.27499999999999500, 7.000000000000000000, 2.549999999999989600 ) ) ;
#3710 = DIRECTION ( 'NONE',  ( 1.000000000000000000, 0.0000000000000000000, 0.0000000000000000000 ) ) ;
#3711 = DIRECTION ( 'NONE',  ( 1.000000000000000000, -0.0000000000000000000, 0.0000000000000000000 ) ) ;
#3712 = DIRECTION ( 'NONE',  ( 0.0000000000000000000, 1.000000000000000000, 0.0000000000000000000 ) ) ;
#3713 = LINE ( 'NONE', #1573, #7891 ) ;
#3714 = EDGE_CURVE ( 'NONE', #1714, #5695, #2211, .T. ) ;
#3715 = ORIENTED_EDGE ( 'NONE', *, *, #2495, .T. ) ;
#3716 = EDGE_CURVE ( 'NONE', #8634, #4387, #6827, .T. ) ;
#3717 = AXIS2_PLACEMENT_3D ( 'NONE', #626, #5986, #7351 ) ;
#3718 = APPLICATION_CONTEXT ( 'automotive_design' ) ;
#3719 = CARTESIAN_POINT ( 'NONE',  ( 34.75000000000001400, 2.500000000000000000, 16.54999999999998600 ) ) ;
#3720 = DIRECTION ( 'NONE',  ( 0.5773502691896236200, -0.5773502691896167400, -0.5773502691896368300 ) ) ;
#3721 = DIRECTION ( 'NONE',  ( 0.9396926207859105400, 0.0000000000000000000, 0.3420201433256626600 ) ) ;
#3722 = FACE_OUTER_BOUND ( 'NONE', #1346, .T. ) ;
#3723 = EDGE_CURVE ( 'NONE', #2551, #904, #5261, .T. ) ;
#3724 = DIRECTION ( 'NONE',  ( -0.0000000000000000000, 1.000000000000000000, -0.0000000000000000000 ) ) ;
#3725 = ORIENTED_EDGE ( 'NONE', *, *, #4649, .T. ) ;
#3726 = DIRECTION ( 'NONE',  ( -0.0000000000000000000, 0.0000000000000000000, 1.000000000000000000 ) ) ;
#3727 = DIRECTION ( 'NONE',  ( 0.0000000000000000000, 0.0000000000000000000, 1.000000000000000000 ) ) ;
#3728 = EDGE_CURVE ( 'NONE', #7735, #6915, #5361, .T. ) ;
#3729 = VECTOR ( 'NONE', #631, 1000.000000000000000 ) ;
#3730 = DIRECTION ( 'NONE',  ( 0.0000000000000000000, 0.0000000000000000000, 1.000000000000000000 ) ) ;
#3731 = LINE ( 'NONE', #5024, #5087 ) ;
#3732 = VERTEX_POINT ( 'NONE', #4803 ) ;
#3733 = ORIENTED_EDGE ( 'NONE', *, *, #8035, .F. ) ;
#3734 = CARTESIAN_POINT ( 'NONE',  ( 0.6250000000000023300, 5.700000000000000200, 12.50000000000000200 ) ) ;
#3735 = DIRECTION ( 'NONE',  ( -0.0000000000000000000, -1.000000000000000000, -0.0000000000000000000 ) ) ;
#3736 = ADVANCED_FACE ( 'NONE', ( #4634 ), #5367, .F. ) ;
#3737 = LINE ( 'NONE', #3092, #6958 ) ;
#3738 = ADVANCED_FACE ( 'NONE', ( #4862 ), #6021, .F. ) ;
#3739 = DIRECTION ( 'NONE',  ( -1.000000000000000000, 0.0000000000000000000, 0.0000000000000000000 ) ) ;
#3740 = CARTESIAN_POINT ( 'NONE',  ( 0.7500000000000024400, 4.750000000000000900, 12.40000000000000400 ) ) ;
#3741 = DIRECTION ( 'NONE',  ( 0.0000000000000000000, 0.0000000000000000000, -1.000000000000000000 ) ) ;
#3742 = VECTOR ( 'NONE', #8532, 1000.000000000000000 ) ;
#3743 = VERTEX_POINT ( 'NONE', #1386 ) ;
#3744 = ORIENTED_EDGE ( 'NONE', *, *, #7107, .F. ) ;
#3745 = ORIENTED_EDGE ( 'NONE', *, *, #1582, .T. ) ;
#3746 = VERTEX_POINT ( 'NONE', #2665 ) ;
#3747 = DIRECTION ( 'NONE',  ( -1.000000000000000000, 0.0000000000000000000, 0.0000000000000000000 ) ) ;
#3748 = DIRECTION ( 'NONE',  ( 0.0000000000000000000, -1.000000000000000000, 0.0000000000000000000 ) ) ;
#3749 = CARTESIAN_POINT ( 'NONE',  ( 6.625000000000002700, 4.100000000000000500, 11.25000000000000400 ) ) ;
#3750 = DIRECTION ( 'NONE',  ( -1.000000000000000000, -0.0000000000000000000, -0.0000000000000000000 ) ) ;
#3751 = AXIS2_PLACEMENT_3D ( 'NONE', #4144, #4869, #2853 ) ;
#3752 = FACE_BOUND ( 'NONE', #684, .T. ) ;
#3753 = VERTEX_POINT ( 'NONE', #7484 ) ;
#3754 = EDGE_CURVE ( 'NONE', #1059, #7843, #563, .T. ) ;
#3755 = CIRCLE ( 'NONE', #1041, 0.8999999999999980200 ) ;
#3756 = ORIENTED_EDGE ( 'NONE', *, *, #874, .F. ) ;
#3757 = ORIENTED_EDGE ( 'NONE', *, *, #273, .T. ) ;
#3758 = ORIENTED_EDGE ( 'NONE', *, *, #1619, .T. ) ;
#3759 = SURFACE_STYLE_USAGE ( .BOTH. , #8621 ) ;
#3760 = AXIS2_PLACEMENT_3D ( 'NONE', #7535, #3726, #6989 ) ;
#3761 = DIRECTION ( 'NONE',  ( 0.0000000000000000000, 0.0000000000000000000, -1.000000000000000000 ) ) ;
#3762 = CARTESIAN_POINT ( 'NONE',  ( -34.90000000000000600, 4.100000000000000500, -12.50000000000000400 ) ) ;
#3763 = EDGE_CURVE ( 'NONE', #78, #5102, #6003, .T. ) ;
#3764 = DIRECTION ( 'NONE',  ( -0.0000000000000000000, 1.000000000000000000, -0.0000000000000000000 ) ) ;
#3765 = DIRECTION ( 'NONE',  ( 3.750753461571473500E-016, 0.0000000000000000000, -1.000000000000000000 ) ) ;
#3766 = FACE_OUTER_BOUND ( 'NONE', #2887, .T. ) ;
#3767 = LINE ( 'NONE', #3365, #408 ) ;
#3768 = ORIENTED_EDGE ( 'NONE', *, *, #3612, .T. ) ;
#3769 = ORIENTED_EDGE ( 'NONE', *, *, #5665, .F. ) ;
#3770 = ORIENTED_EDGE ( 'NONE', *, *, #1503, .F. ) ;
#3771 = ORIENTED_EDGE ( 'NONE', *, *, #6725, .T. ) ;
#3772 = ADVANCED_FACE ( 'NONE', ( #964 ), #5395, .F. ) ;
#3773 = DIRECTION ( 'NONE',  ( 0.0000000000000000000, 0.0000000000000000000, 1.000000000000000000 ) ) ;
#3774 = DIRECTION ( 'NONE',  ( 0.0000000000000000000, 0.0000000000000000000, 1.000000000000000000 ) ) ;
#3775 = VECTOR ( 'NONE', #7379, 1000.000000000000000 ) ;
#3776 = FACE_OUTER_BOUND ( 'NONE', #3406, .T. ) ;
#3777 = EDGE_LOOP ( 'NONE', ( #4390, #100, #2565, #3862 ) ) ;
#3778 = VERTEX_POINT ( 'NONE', #6677 ) ;
#3779 = AXIS2_PLACEMENT_3D ( 'NONE', #762, #6127, #4035 ) ;
#3780 = DIRECTION ( 'NONE',  ( 0.0000000000000000000, 0.0000000000000000000, 1.000000000000000000 ) ) ;
#3781 = EDGE_CURVE ( 'NONE', #6688, #3531, #3064, .T. ) ;
#3782 = PLANE ( 'NONE',  #1923 ) ;
#3783 = CARTESIAN_POINT ( 'NONE',  ( 6.625000000000002700, 4.100000000000000500, 12.20000000000000300 ) ) ;
#3784 = PLANE ( 'NONE',  #4858 ) ;
#3785 = CARTESIAN_POINT ( 'NONE',  ( -5.249999999999997300, -4.699999999999997500, 12.80000000000000200 ) ) ;
#3786 = CARTESIAN_POINT ( 'NONE',  ( 2.750000000000002700, 5.049999999999999800, 12.20000000000000300 ) ) ;
#3787 = VECTOR ( 'NONE', #7101, 1000.000000000000000 ) ;
#3788 = VECTOR ( 'NONE', #8232, 1000.000000000000000 ) ;
#3789 = PLANE ( 'NONE',  #5197 ) ;
#3790 = CARTESIAN_POINT ( 'NONE',  ( 5.375000000000000900, 4.100000000000000500, 11.25000000000000400 ) ) ;
#3791 = EDGE_CURVE ( 'NONE', #1919, #3943, #2308, .T. ) ;
#3792 = ORIENTED_EDGE ( 'NONE', *, *, #1852, .F. ) ;
#3793 = EDGE_CURVE ( 'NONE', #8242, #3653, #2626, .T. ) ;
#3794 = PLANE ( 'NONE',  #2848 ) ;
#3795 = DIRECTION ( 'NONE',  ( 1.387778780781446500E-015, 0.0000000000000000000, 1.000000000000000000 ) ) ;
#3796 = DIRECTION ( 'NONE',  ( 0.0000000000000000000, 0.0000000000000000000, -1.000000000000000000 ) ) ;
#3797 = VECTOR ( 'NONE', #2055, 1000.000000000000000 ) ;
#3798 = FACE_OUTER_BOUND ( 'NONE', #5601, .T. ) ;
#3799 = DIRECTION ( 'NONE',  ( 0.0000000000000000000, 1.000000000000000000, -0.0000000000000000000 ) ) ;
#3800 = AXIS2_PLACEMENT_3D ( 'NONE', #6711, #7, #2705 ) ;
#3801 = CARTESIAN_POINT ( 'NONE',  ( 1.250000000000002900, 5.049999999999998000, 12.40000000000000400 ) ) ;
#3802 = CLOSED_SHELL ( 'NONE', ( #6313, #5617, #6597, #22, #3382, #3336, #2015, #4063, #520, #576, #6809, #3772, #4127, #221, #5355, #1196, #7397, #2537, #2201, #633, #4968, #3347, #4570, #6278, #5693, #3394, #5661, #246, #4537, #2770, #5220, #5460, #7599, #6564, #6422, #8091, #3166, #4750, #380, #7716, #7910, #3738, #6073, #4621, #5015, #6995, #2647 ) ) ;
#3803 = COLOUR_RGB ( '',0.0000000000000000000, 0.0000000000000000000, 0.0000000000000000000 ) ;
#3804 = LINE ( 'NONE', #5561, #7120 ) ;
#3805 = MECHANICAL_DESIGN_GEOMETRIC_PRESENTATION_REPRESENTATION (  '', ( #6611 ), #4673 ) ;
#3806 = CARTESIAN_POINT ( 'NONE',  ( -2.624999999999998700, 4.100000000000000500, 11.25000000000000400 ) ) ;
#3807 = VERTEX_POINT ( 'NONE', #207 ) ;
#3808 = VERTEX_POINT ( 'NONE', #3595 ) ;
#3809 = AXIS2_PLACEMENT_3D ( 'NONE', #8492, #4536, #3177 ) ;
#3810 = LINE ( 'NONE', #4622, #7455 ) ;
#3811 = CARTESIAN_POINT ( 'NONE',  ( -6.624999999999997300, 5.700000000000000200, 12.20000000000000300 ) ) ;
#3812 = CARTESIAN_POINT ( 'NONE',  ( -6.625000000000014200, 4.100000000000000500, 9.194034422677102800E-015 ) ) ;
#3813 = VECTOR ( 'NONE', #5676, 1000.000000000000000 ) ;
#3814 = DIRECTION ( 'NONE',  ( -1.387778780781446500E-015, -0.0000000000000000000, -1.000000000000000000 ) ) ;
#3815 = PLANE ( 'NONE',  #2602 ) ;
#3816 = VECTOR ( 'NONE', #2307, 1000.000000000000000 ) ;
#3817 = PLANE ( 'NONE',  #8667 ) ;
#3818 = ORIENTED_EDGE ( 'NONE', *, *, #2746, .T. ) ;
#3819 = DIRECTION ( 'NONE',  ( 0.0000000000000000000, 0.0000000000000000000, 1.000000000000000000 ) ) ;
#3820 = AXIS2_PLACEMENT_3D ( 'NONE', #5955, #586, #7897 ) ;
#3821 = LINE ( 'NONE', #980, #242 ) ;
#3822 = DIRECTION ( 'NONE',  ( -1.000000000000000000, 0.0000000000000000000, 0.0000000000000000000 ) ) ;
#3823 = DIRECTION ( 'NONE',  ( -0.0000000000000000000, 1.000000000000000000, -0.0000000000000000000 ) ) ;
#3824 = ORIENTED_EDGE ( 'NONE', *, *, #2115, .F. ) ;
#3825 = PLANE ( 'NONE',  #6463 ) ;
#3826 = ORIENTED_EDGE ( 'NONE', *, *, #4415, .T. ) ;
#3827 = PLANE ( 'NONE',  #8282 ) ;
#3828 = DIRECTION ( 'NONE',  ( 1.000000000000000000, -0.0000000000000000000, -0.0000000000000000000 ) ) ;
#3829 = CARTESIAN_POINT ( 'NONE',  ( -4.749999999999997300, 4.650000000000002100, 12.79999999999999900 ) ) ;
#3830 = PLANE ( 'NONE',  #2577 ) ;
#3831 = LINE ( 'NONE', #1468, #2958 ) ;
#3832 = CARTESIAN_POINT ( 'NONE',  ( -34.75000000000000000, 2.500000000000000000, 16.55000000000000400 ) ) ;
#3833 = AXIS2_PLACEMENT_3D ( 'NONE', #5359, #1324, #6044 ) ;
#3834 = ORIENTED_EDGE ( 'NONE', *, *, #2656, .T. ) ;
#3835 = EDGE_CURVE ( 'NONE', #5578, #7875, #3926, .T. ) ;
#3836 = EDGE_CURVE ( 'NONE', #2910, #6727, #1486, .T. ) ;
#3837 = CARTESIAN_POINT ( 'NONE',  ( -34.90000000000000600, 4.100000000000000500, -6.749999999999999100 ) ) ;
#3838 = PLANE ( 'NONE',  #8238 ) ;
#3839 = EDGE_LOOP ( 'NONE', ( #6018, #4067, #7978, #5995 ) ) ;
#3840 = ORIENTED_EDGE ( 'NONE', *, *, #1644, .F. ) ;
#3841 = DIRECTION ( 'NONE',  ( 4.752667057470704400E-016, -1.000000000000000000, 0.0000000000000000000 ) ) ;
#3842 = CARTESIAN_POINT ( 'NONE',  ( -3.999999999999999100, 5.400000000000000400, 8.550000000000004300 ) ) ;
#3843 = SURFACE_STYLE_USAGE ( .BOTH. , #2001 ) ;
#3844 = CARTESIAN_POINT ( 'NONE',  ( 3.375000000000003100, 5.700000000000000200, 12.20000000000000300 ) ) ;
#3845 = EDGE_CURVE ( 'NONE', #4286, #8628, #1288, .T. ) ;
#3846 = FACE_OUTER_BOUND ( 'NONE', #8031, .T. ) ;
#3847 = ORIENTED_EDGE ( 'NONE', *, *, #1571, .F. ) ;
#3848 = VECTOR ( 'NONE', #301, 1000.000000000000000 ) ;
#3849 = EDGE_LOOP ( 'NONE', ( #5894, #881, #6515, #3958 ) ) ;
#3850 = DIRECTION ( 'NONE',  ( 1.000000000000000000, 0.0000000000000000000, -0.0000000000000000000 ) ) ;
#3851 = LINE ( 'NONE', #4168, #64 ) ;
#3852 = DIRECTION ( 'NONE',  ( 1.387778780781446500E-015, 0.0000000000000000000, 1.000000000000000000 ) ) ;
#3853 = VERTEX_POINT ( 'NONE', #1531 ) ;
#3854 = ORIENTED_EDGE ( 'NONE', *, *, #6538, .T. ) ;
#3855 = EDGE_CURVE ( 'NONE', #5963, #5414, #1072, .T. ) ;
#3856 = ADVANCED_FACE ( 'NONE', ( #1690, #4335 ), #1495, .T. ) ;
#3857 = AXIS2_PLACEMENT_3D ( 'NONE', #5741, #7989, #3236 ) ;
#3858 = DIRECTION ( 'NONE',  ( -0.0000000000000000000, -0.0000000000000000000, 1.000000000000000000 ) ) ;
#3859 = LINE ( 'NONE', #1516, #6642 ) ;
#3860 = ORIENTED_EDGE ( 'NONE', *, *, #3317, .T. ) ;
#3861 = DIRECTION ( 'NONE',  ( 0.0000000000000000000, 0.0000000000000000000, 1.000000000000000000 ) ) ;
#3862 = ORIENTED_EDGE ( 'NONE', *, *, #191, .T. ) ;
#3863 = LINE ( 'NONE', #7218, #1117 ) ;
#3864 = ORIENTED_EDGE ( 'NONE', *, *, #6495, .F. ) ;
#3865 = ORIENTED_EDGE ( 'NONE', *, *, #1904, .T. ) ;
#3866 = EDGE_LOOP ( 'NONE', ( #8137, #6374 ) ) ;
#3867 = CARTESIAN_POINT ( 'NONE',  ( -0.6249999999999987800, 5.400000000000000400, 11.25000000000000400 ) ) ;
#3868 = VECTOR ( 'NONE', #2215, 1000.000000000000000 ) ;
#3869 = VECTOR ( 'NONE', #3412, 1000.000000000000000 ) ;
#3870 = ORIENTED_EDGE ( 'NONE', *, *, #7126, .T. ) ;
#3871 = CARTESIAN_POINT ( 'NONE',  ( 3.375000000000001300, 5.700000000000000200, 11.25000000000000400 ) ) ;
#3872 = CARTESIAN_POINT ( 'NONE',  ( -7.374999999999998200, 4.100000000000000500, 11.25000000000000400 ) ) ;
#3873 = VECTOR ( 'NONE', #5443, 1000.000000000000000 ) ;
#3874 = ORIENTED_EDGE ( 'NONE', *, *, #6442, .F. ) ;
#3875 = VERTEX_POINT ( 'NONE', #252 ) ;
#3876 = ORIENTED_EDGE ( 'NONE', *, *, #1513, .F. ) ;
#3877 = FILL_AREA_STYLE_COLOUR ( '', #7412 ) ;
#3878 = FACE_OUTER_BOUND ( 'NONE', #6922, .T. ) ;
#3879 = VECTOR ( 'NONE', #2124, 1000.000000000000000 ) ;
#3880 = ORIENTED_EDGE ( 'NONE', *, *, #2838, .F. ) ;
#3881 = ORIENTED_EDGE ( 'NONE', *, *, #701, .F. ) ;
#3882 = CARTESIAN_POINT ( 'NONE',  ( -34.90000000000000600, 4.100000000000000500, 12.50000000000000200 ) ) ;
#3883 = CARTESIAN_POINT ( 'NONE',  ( -38.85000000000000900, -17.31554944214035200, -8.250000000000000000 ) ) ;
#3884 = VERTEX_POINT ( 'NONE', #140 ) ;
#3885 = ADVANCED_FACE ( 'NONE', ( #461 ), #4833, .F. ) ;
#3886 = EDGE_CURVE ( 'NONE', #8123, #6406, #1901, .T. ) ;
#3887 = DIRECTION ( 'NONE',  ( 0.0000000000000000000, 1.000000000000000000, 0.0000000000000000000 ) ) ;
#3888 = VECTOR ( 'NONE', #4655, 1000.000000000000000 ) ;
#3889 = LINE ( 'NONE', #1641, #4707 ) ;
#3890 = ORIENTED_EDGE ( 'NONE', *, *, #5230, .F. ) ;
#3891 = CARTESIAN_POINT ( 'NONE',  ( 1.250000000000002900, 4.750000000000000900, 12.20000000000000300 ) ) ;
#3892 = CARTESIAN_POINT ( 'NONE',  ( 15.00000000000000000, 0.8999999999999980200, 12.50000000000000200 ) ) ;
#3893 = CARTESIAN_POINT ( 'NONE',  ( -3.249999999999997800, 4.750000000000000900, 12.20000000000000300 ) ) ;
#3894 = ORIENTED_EDGE ( 'NONE', *, *, #4504, .F. ) ;
#3895 = FACE_OUTER_BOUND ( 'NONE', #1100, .T. ) ;
#3896 = LINE ( 'NONE', #3812, #2080 ) ;
#3897 = EDGE_CURVE ( 'NONE', #2034, #4855, #6398, .T. ) ;
#3898 = ORIENTED_EDGE ( 'NONE', *, *, #4911, .F. ) ;
#3899 = DIRECTION ( 'NONE',  ( 0.0000000000000000000, 0.0000000000000000000, 1.000000000000000000 ) ) ;
#3900 = CARTESIAN_POINT ( 'NONE',  ( -3.999999999999999100, 5.400000000000000400, 7.050000000000003400 ) ) ;
#3901 = ORIENTED_EDGE ( 'NONE', *, *, #3101, .T. ) ;
#3902 = CARTESIAN_POINT ( 'NONE',  ( -3.999999999999999100, 5.400000000000000400, 8.550000000000004300 ) ) ;
#3903 = CARTESIAN_POINT ( 'NONE',  ( -3.249999999999997800, 4.650000000000002100, 12.40000000000000400 ) ) ;
#3904 = DIRECTION ( 'NONE',  ( -1.000000000000000000, 0.0000000000000000000, 0.0000000000000000000 ) ) ;
#3905 = LINE ( 'NONE', #7981, #1165 ) ;
#3906 = LINE ( 'NONE', #5145, #6184 ) ;
#3907 = EDGE_CURVE ( 'NONE', #7288, #697, #7991, .T. ) ;
#3908 = CARTESIAN_POINT ( 'NONE',  ( -38.85000000000000900, -17.31554944214035200, 0.2500000000000011100 ) ) ;
#3909 = EDGE_CURVE ( 'NONE', #2979, #4308, #7575, .T. ) ;
#3910 = CARTESIAN_POINT ( 'NONE',  ( -5.374999999999998200, 5.700000000000000200, 0.0000000000000000000 ) ) ;
#3911 = DIRECTION ( 'NONE',  ( 1.000000000000000000, 0.0000000000000000000, 0.0000000000000000000 ) ) ;
#3912 = CIRCLE ( 'NONE', #4551, 0.09999999999999939500 ) ;
#3913 = VECTOR ( 'NONE', #8166, 1000.000000000000000 ) ;
#3914 = EDGE_LOOP ( 'NONE', ( #6508, #7720, #8455, #3455 ) ) ;
#3915 = ORIENTED_EDGE ( 'NONE', *, *, #7627, .F. ) ;
#3916 = CARTESIAN_POINT ( 'NONE',  ( 6.625000000000002700, 5.700000000000000200, 11.25000000000000400 ) ) ;
#3917 = DIRECTION ( 'NONE',  ( -1.000000000000000000, 0.0000000000000000000, 0.0000000000000000000 ) ) ;
#3918 = VECTOR ( 'NONE', #4737, 1000.000000000000000 ) ;
#3919 = EDGE_LOOP ( 'NONE', ( #1273, #7917, #8014, #4944 ) ) ;
#3920 = PLANE ( 'NONE',  #2591 ) ;
#3921 = VERTEX_POINT ( 'NONE', #2222 ) ;
#3922 = DIRECTION ( 'NONE',  ( -1.000000000000000000, 0.0000000000000000000, 0.0000000000000000000 ) ) ;
#3923 = SURFACE_STYLE_USAGE ( .BOTH. , #3221 ) ;
#3924 = CARTESIAN_POINT ( 'NONE',  ( -34.90000000000000600, 4.100000000000000500, 12.50000000000000200 ) ) ;
#3925 = DIRECTION ( 'NONE',  ( 0.0000000000000000000, 1.000000000000000000, -3.710638451287287400E-016 ) ) ;
#3926 = LINE ( 'NONE', #4710, #1795 ) ;
#3927 = ORIENTED_EDGE ( 'NONE', *, *, #6086, .T. ) ;
#3928 = AXIS2_PLACEMENT_3D ( 'NONE', #7314, #38, #7372 ) ;
#3929 = ADVANCED_FACE ( 'NONE', ( #7042 ), #5791, .T. ) ;
#3930 = CARTESIAN_POINT ( 'NONE',  ( 32.50000000000000000, 2.500000000000000000, -16.54999999999999700 ) ) ;
#3931 = PLANE ( 'NONE',  #6850 ) ;
#3932 = DIRECTION ( 'NONE',  ( 0.0000000000000000000, 0.0000000000000000000, -1.000000000000000000 ) ) ;
#3933 = LINE ( 'NONE', #7486, #2864 ) ;
#3934 = DIRECTION ( 'NONE',  ( 0.0000000000000000000, -0.0000000000000000000, 1.000000000000000000 ) ) ;
#3935 = ORIENTED_EDGE ( 'NONE', *, *, #5917, .T. ) ;
#3936 = ORIENTED_EDGE ( 'NONE', *, *, #6063, .F. ) ;
#3937 = EDGE_CURVE ( 'NONE', #1849, #6914, #7354, .T. ) ;
#3938 = ADVANCED_FACE ( 'NONE', ( #7886 ), #5475, .F. ) ;
#3939 = AXIS2_PLACEMENT_3D ( 'NONE', #1139, #426, #450 ) ;
#3940 = VECTOR ( 'NONE', #1945, 1000.000000000000000 ) ;
#3941 = EDGE_CURVE ( 'NONE', #3611, #5708, #4025, .T. ) ;
#3942 = VECTOR ( 'NONE', #2675, 1000.000000000000000 ) ;
#3943 = VERTEX_POINT ( 'NONE', #8086 ) ;
#3944 = EDGE_CURVE ( 'NONE', #5029, #3921, #652, .T. ) ;
#3945 = VECTOR ( 'NONE', #7616, 1000.000000000000000 ) ;
#3946 = VECTOR ( 'NONE', #4449, 1000.000000000000000 ) ;
#3947 = ORIENTED_EDGE ( 'NONE', *, *, #2405, .T. ) ;
#3948 = ORIENTED_EDGE ( 'NONE', *, *, #6483, .F. ) ;
#3949 = ORIENTED_EDGE ( 'NONE', *, *, #7237, .T. ) ;
#3950 = VERTEX_POINT ( 'NONE', #2688 ) ;
#3951 = DIRECTION ( 'NONE',  ( 1.000000000000000000, 0.0000000000000000000, -0.0000000000000000000 ) ) ;
#3952 = EDGE_CURVE ( 'NONE', #5204, #5216, #5907, .T. ) ;
#3953 = MANIFOLD_SOLID_BREP ( 'Boss-Extrude13[2]', #2075 ) ;
#3954 = LINE ( 'NONE', #7019, #3945 ) ;
#3955 = ORIENTED_EDGE ( 'NONE', *, *, #7803, .F. ) ;
#3956 = STYLED_ITEM ( 'NONE', ( #3471 ), #5129 ) ;
#3957 = LINE ( 'NONE', #1847, #2145 ) ;
#3958 = ORIENTED_EDGE ( 'NONE', *, *, #83, .T. ) ;
#3959 = VERTEX_POINT ( 'NONE', #4697 ) ;
#3960 = ORIENTED_EDGE ( 'NONE', *, *, #2273, .T. ) ;
#3961 = DIRECTION ( 'NONE',  ( 1.000000000000000000, 0.0000000000000000000, 0.0000000000000000000 ) ) ;
#3962 = DIRECTION ( 'NONE',  ( 0.0000000000000000000, -0.0000000000000000000, 1.000000000000000000 ) ) ;
#3963 = CARTESIAN_POINT ( 'NONE',  ( -28.97500000000000100, 7.000000000000000000, -9.050000000000002500 ) ) ;
#3964 = CARTESIAN_POINT ( 'NONE',  ( -35.80000000000000400, 0.8999999999999980200, 0.0000000000000000000 ) ) ;
#3965 = VECTOR ( 'NONE', #7543, 1000.000000000000000 ) ;
#3966 = FACE_OUTER_BOUND ( 'NONE', #1108, .T. ) ;
#3967 = ORIENTED_EDGE ( 'NONE', *, *, #4001, .T. ) ;
#3968 = VECTOR ( 'NONE', #2200, 1000.000000000000000 ) ;
#3969 = ORIENTED_EDGE ( 'NONE', *, *, #1061, .T. ) ;
#3970 = ORIENTED_EDGE ( 'NONE', *, *, #2290, .T. ) ;
#3971 = VERTEX_POINT ( 'NONE', #1320 ) ;
#3972 = CARTESIAN_POINT ( 'NONE',  ( -1.249999999999997600, -4.699999999999997500, 12.80000000000000200 ) ) ;
#3973 = PLANE ( 'NONE',  #872 ) ;
#3974 = CARTESIAN_POINT ( 'NONE',  ( -2.749999999999997300, 4.650000000000002100, 12.50000000000000200 ) ) ;
#3975 = AXIS2_PLACEMENT_3D ( 'NONE', #5607, #1590, #2942 ) ;
#3976 = CARTESIAN_POINT ( 'NONE',  ( 3.375000000000001300, 5.400000000000000400, 11.25000000000000400 ) ) ;
#3977 = PLANE ( 'NONE',  #1080 ) ;
#3978 = DIRECTION ( 'NONE',  ( 0.0000000000000000000, 1.000000000000000000, -5.782411586589358800E-015 ) ) ;
#3979 = CARTESIAN_POINT ( 'NONE',  ( -3.249999999999997800, 5.049999999999998000, 12.40000000000000400 ) ) ;
#3980 = EDGE_CURVE ( 'NONE', #2327, #886, #1897, .T. ) ;
#3981 = CYLINDRICAL_SURFACE ( 'NONE', #7856, 0.3999999999999958600 ) ;
#3982 = LINE ( 'NONE', #6785, #3879 ) ;
#3983 = ORIENTED_EDGE ( 'NONE', *, *, #4215, .T. ) ;
#3984 = CARTESIAN_POINT ( 'NONE',  ( -38.85000000000000900, 0.8999999999999980200, -8.250000000000000000 ) ) ;
#3985 = LINE ( 'NONE', #4411, #5299 ) ;
#3986 = ORIENTED_EDGE ( 'NONE', *, *, #5775, .T. ) ;
#3987 = DIRECTION ( 'NONE',  ( -0.0000000000000000000, 1.000000000000000000, -0.0000000000000000000 ) ) ;
#3988 = ORIENTED_EDGE ( 'NONE', *, *, #7396, .T. ) ;
#3989 = DIRECTION ( 'NONE',  ( -2.096342569156264700E-016, 0.0000000000000000000, -1.000000000000000000 ) ) ;
#3990 = CARTESIAN_POINT ( 'NONE',  ( -3.249999999999997800, 4.650000000000002100, 12.79999999999999900 ) ) ;
#3991 = VECTOR ( 'NONE', #6715, 1000.000000000000000 ) ;
#3992 = FACE_OUTER_BOUND ( 'NONE', #5074, .T. ) ;
#3993 = ORIENTED_EDGE ( 'NONE', *, *, #395, .T. ) ;
#3994 = ORIENTED_EDGE ( 'NONE', *, *, #6413, .F. ) ;
#3995 = CARTESIAN_POINT ( 'NONE',  ( -3.374999999999997800, 4.100000000000000500, 0.0000000000000000000 ) ) ;
#3996 = VECTOR ( 'NONE', #4094, 1000.000000000000000 ) ;
#3997 = LINE ( 'NONE', #842, #8482 ) ;
#3998 = AXIS2_PLACEMENT_3D ( 'NONE', #5301, #5990, #3313 ) ;
#3999 = DIRECTION ( 'NONE',  ( 0.0000000000000000000, 0.0000000000000000000, 1.000000000000000000 ) ) ;
#4000 = DIRECTION ( 'NONE',  ( -1.000000000000000000, -0.0000000000000000000, -0.0000000000000000000 ) ) ;
#4001 = EDGE_CURVE ( 'NONE', #5698, #1340, #4422, .T. ) ;
#4002 = DIRECTION ( 'NONE',  ( 0.0000000000000000000, 0.0000000000000000000, 1.000000000000000000 ) ) ;
#4003 = VERTEX_POINT ( 'NONE', #5384 ) ;
#4004 = DIRECTION ( 'NONE',  ( -1.000000000000000000, -0.0000000000000000000, -0.0000000000000000000 ) ) ;
#4005 = LINE ( 'NONE', #1269, #4836 ) ;
#4006 = CARTESIAN_POINT ( 'NONE',  ( 2.750000000000002700, -4.699999999999997500, 12.80000000000000200 ) ) ;
#4007 = ORIENTED_EDGE ( 'NONE', *, *, #8585, .T. ) ;
#4008 = EDGE_CURVE ( 'NONE', #4383, #2327, #3483, .T. ) ;
#4009 = FILL_AREA_STYLE ('',( #6079 ) ) ;
#4010 = FACE_OUTER_BOUND ( 'NONE', #7197, .T. ) ;
#4011 = DIRECTION ( 'NONE',  ( 1.387778780781446900E-015, 0.0000000000000000000, 1.000000000000000000 ) ) ;
#4012 = EDGE_LOOP ( 'NONE', ( #4259, #1370, #4795, #6260 ) ) ;
#4013 = EDGE_CURVE ( 'NONE', #6742, #6444, #6593, .T. ) ;
#4014 = ORIENTED_EDGE ( 'NONE', *, *, #3907, .T. ) ;
#4015 = ORIENTED_EDGE ( 'NONE', *, *, #2226, .F. ) ;
#4016 = VERTEX_POINT ( 'NONE', #245 ) ;
#4017 = LINE ( 'NONE', #3116, #129 ) ;
#4018 = EDGE_CURVE ( 'NONE', #2253, #844, #7034, .T. ) ;
#4019 = ORIENTED_EDGE ( 'NONE', *, *, #4233, .F. ) ;
#4020 = LINE ( 'NONE', #5670, #5999 ) ;
#4021 = DIRECTION ( 'NONE',  ( 0.0000000000000000000, 1.000000000000000000, 0.0000000000000000000 ) ) ;
#4022 = CARTESIAN_POINT ( 'NONE',  ( 34.89999999999999900, 4.100000000000000500, -12.50000000000000400 ) ) ;
#4023 = AXIS2_PLACEMENT_3D ( 'NONE', #495, #1719, #3145 ) ;
#4024 = DIRECTION ( 'NONE',  ( 1.000000000000000000, -0.0000000000000000000, -0.0000000000000000000 ) ) ;
#4025 = LINE ( 'NONE', #8059, #6600 ) ;
#4026 = ADVANCED_FACE ( 'NONE', ( #1177 ), #4270, .F. ) ;
#4027 = DIRECTION ( 'NONE',  ( -1.000000000000000000, 0.0000000000000000000, -2.990902544787598600E-016 ) ) ;
#4028 = CARTESIAN_POINT ( 'NONE',  ( -34.90000000000000600, 5.700000000000000200, -12.50000000000000400 ) ) ;
#4029 = ORIENTED_EDGE ( 'NONE', *, *, #4008, .F. ) ;
#4030 = DIRECTION ( 'NONE',  ( 0.0000000000000000000, 0.0000000000000000000, 1.000000000000000000 ) ) ;
#4031 = DIRECTION ( 'NONE',  ( 0.0000000000000000000, 0.0000000000000000000, -1.000000000000000000 ) ) ;
#4032 = CARTESIAN_POINT ( 'NONE',  ( 28.52499999999999500, 7.299999999999999800, 2.549999999999989600 ) ) ;
#4033 = AXIS2_PLACEMENT_3D ( 'NONE', #6562, #7928, #8586 ) ;
#4034 = EDGE_CURVE ( 'NONE', #3611, #5387, #5462, .T. ) ;
#4035 = DIRECTION ( 'NONE',  ( 0.0000000000000000000, 0.0000000000000000000, 1.000000000000000000 ) ) ;
#4036 = LINE ( 'NONE', #751, #3175 ) ;
#4037 = ORIENTED_EDGE ( 'NONE', *, *, #5107, .F. ) ;
#4038 = ORIENTED_EDGE ( 'NONE', *, *, #7142, .F. ) ;
#4039 = EDGE_CURVE ( 'NONE', #4967, #61, #6708, .T. ) ;
#4040 = EDGE_CURVE ( 'NONE', #7591, #4881, #560, .T. ) ;
#4041 = CARTESIAN_POINT ( 'NONE',  ( -28.97500000000000100, 7.000000000000000000, 4.299999999999996300 ) ) ;
#4042 = CARTESIAN_POINT ( 'NONE',  ( -7.374999999999998200, 4.100000000000000500, 11.25000000000000400 ) ) ;
#4043 = DIRECTION ( 'NONE',  ( -1.000000000000000000, -4.752667057470704400E-016, 0.0000000000000000000 ) ) ;
#4044 = CARTESIAN_POINT ( 'NONE',  ( 2.625000000000002200, 5.700000000000000200, 11.25000000000000400 ) ) ;
#4045 = CARTESIAN_POINT ( 'NONE',  ( -38.25000000000000700, -4.199999999999999300, -8.250000000000000000 ) ) ;
#4046 = DIRECTION ( 'NONE',  ( 0.0000000000000000000, 0.0000000000000000000, 1.000000000000000000 ) ) ;
#4047 = LINE ( 'NONE', #2121, #162 ) ;
#4048 = DIRECTION ( 'NONE',  ( -1.000000000000000000, 0.0000000000000000000, 1.387778780781446900E-015 ) ) ;
#4049 = SHAPE_DEFINITION_REPRESENTATION ( #5667, #1361 ) ;
#4050 = VERTEX_POINT ( 'NONE', #8236 ) ;
#4051 = ORIENTED_EDGE ( 'NONE', *, *, #5964, .T. ) ;
#4052 = CARTESIAN_POINT ( 'NONE',  ( 4.750000000000002700, 4.650000000000002100, 12.50000000000000200 ) ) ;
#4053 = DIRECTION ( 'NONE',  ( 0.0000000000000000000, 0.0000000000000000000, 1.000000000000000000 ) ) ;
#4054 = EDGE_CURVE ( 'NONE', #368, #7927, #4960, .T. ) ;
#4055 = CARTESIAN_POINT ( 'NONE',  ( -4.624999999999999100, 4.100000000000000500, 11.25000000000000400 ) ) ;
#4056 = CARTESIAN_POINT ( 'NONE',  ( -32.50000000000000000, 2.500000000000000000, -16.54999999999999700 ) ) ;
#4057 = FACE_OUTER_BOUND ( 'NONE', #2270, .T. ) ;
#4058 = CARTESIAN_POINT ( 'NONE',  ( -34.40000000000000600, 4.499999999999999100, -6.249999999999997300 ) ) ;
#4059 = LINE ( 'NONE', #4192, #7391 ) ;
#4060 = VERTEX_POINT ( 'NONE', #3468 ) ;
#4061 = ORIENTED_EDGE ( 'NONE', *, *, #2816, .T. ) ;
#4062 = ORIENTED_EDGE ( 'NONE', *, *, #3287, .T. ) ;
#4063 = ADVANCED_FACE ( 'NONE', ( #3260 ), #1659, .F. ) ;
#4064 = DIRECTION ( 'NONE',  ( 0.0000000000000000000, 8.673617379884013400E-015, -1.000000000000000000 ) ) ;
#4065 = EDGE_CURVE ( 'NONE', #2217, #1578, #2729, .T. ) ;
#4066 = VECTOR ( 'NONE', #319, 1000.000000000000100 ) ;
#4067 = ORIENTED_EDGE ( 'NONE', *, *, #1171, .F. ) ;
#4068 = SURFACE_SIDE_STYLE ('',( #6866 ) ) ;
#4069 = ORIENTED_EDGE ( 'NONE', *, *, #3073, .T. ) ;
#4070 = LINE ( 'NONE', #378, #4998 ) ;
#4071 = VERTEX_POINT ( 'NONE', #4679 ) ;
#4072 = EDGE_LOOP ( 'NONE', ( #4267, #1723, #3704, #6777 ) ) ;
#4073 = EDGE_CURVE ( 'NONE', #4855, #844, #7682, .T. ) ;
#4074 = VECTOR ( 'NONE', #1441, 1000.000000000000000 ) ;
#4075 = LINE ( 'NONE', #6116, #2049 ) ;
#4076 = ORIENTED_EDGE ( 'NONE', *, *, #228, .F. ) ;
#4077 = FACE_OUTER_BOUND ( 'NONE', #1790, .T. ) ;
#4078 = ORIENTED_EDGE ( 'NONE', *, *, #7285, .T. ) ;
#4079 = EDGE_LOOP ( 'NONE', ( #5444, #5834, #3644, #6430 ) ) ;
#4080 = ORIENTED_EDGE ( 'NONE', *, *, #7224, .F. ) ;
#4081 = CARTESIAN_POINT ( 'NONE',  ( -34.90000000000000600, 5.700000000000000200, 12.50000000000000200 ) ) ;
#4082 = DIRECTION ( 'NONE',  ( 1.000000000000000000, 0.0000000000000000000, -0.0000000000000000000 ) ) ;
#4083 = DIRECTION ( 'NONE',  ( -1.000000000000000000, 0.0000000000000000000, 0.0000000000000000000 ) ) ;
#4084 = ADVANCED_FACE ( 'NONE', ( #4131 ), #3703, .T. ) ;
#4085 = CARTESIAN_POINT ( 'NONE',  ( -1.249999999999997600, 5.049999999999998000, 12.40000000000000400 ) ) ;
#4086 = AXIS2_PLACEMENT_3D ( 'NONE', #7957, #4553, #3934 ) ;
#4087 = CIRCLE ( 'NONE', #549, 0.3999999999999958600 ) ;
#4088 = ORIENTED_EDGE ( 'NONE', *, *, #7343, .T. ) ;
#4089 = VERTEX_POINT ( 'NONE', #2158 ) ;
#4090 = DIRECTION ( 'NONE',  ( -1.000000000000000000, -0.0000000000000000000, -0.0000000000000000000 ) ) ;
#4091 = DIRECTION ( 'NONE',  ( 1.000000000000000000, -0.0000000000000000000, -0.0000000000000000000 ) ) ;
#4092 = PRESENTATION_LAYER_ASSIGNMENT (  '', '', ( #3616 ) ) ;
#4093 = CARTESIAN_POINT ( 'NONE',  ( -2.624999999999998700, 5.400000000000000400, 11.25000000000000400 ) ) ;
#4094 = DIRECTION ( 'NONE',  ( 0.0000000000000000000, 0.0000000000000000000, 1.000000000000000000 ) ) ;
#4095 = DIRECTION ( 'NONE',  ( 1.000000000000000000, 0.0000000000000000000, -0.0000000000000000000 ) ) ;
#4096 = CARTESIAN_POINT ( 'NONE',  ( 10.00000000000000000, 4.100000000000000500, 11.25000000000000400 ) ) ;
#4097 = VECTOR ( 'NONE', #8525, 1000.000000000000000 ) ;
#4098 = VECTOR ( 'NONE', #2581, 1000.000000000000000 ) ;
#4099 = ORIENTED_EDGE ( 'NONE', *, *, #1354, .F. ) ;
#4100 = ORIENTED_EDGE ( 'NONE', *, *, #1692, .T. ) ;
#4101 = AXIS2_PLACEMENT_3D ( 'NONE', #847, #5702, #7584 ) ;
#4102 = FACE_OUTER_BOUND ( 'NONE', #7673, .T. ) ;
#4103 = FACE_OUTER_BOUND ( 'NONE', #3197, .T. ) ;
#4104 = ORIENTED_EDGE ( 'NONE', *, *, #4279, .F. ) ;
#4105 = ORIENTED_EDGE ( 'NONE', *, *, #1606, .T. ) ;
#4106 = ORIENTED_EDGE ( 'NONE', *, *, #239, .F. ) ;
#4107 = ADVANCED_FACE ( 'NONE', ( #133 ), #4531, .T. ) ;
#4108 = AXIS2_PLACEMENT_3D ( 'NONE', #654, #3446, #2140 ) ;
#4109 = CARTESIAN_POINT ( 'NONE',  ( -34.90000000000000600, 5.700000000000000200, 12.50000000000000200 ) ) ;
#4110 = DIRECTION ( 'NONE',  ( 0.0000000000000000000, 0.0000000000000000000, 1.000000000000000000 ) ) ;
#4111 = LINE ( 'NONE', #819, #849 ) ;
#4112 = DIRECTION ( 'NONE',  ( 1.387778780781446500E-015, 0.0000000000000000000, 1.000000000000000000 ) ) ;
#4113 = VECTOR ( 'NONE', #5899, 1000.000000000000000 ) ;
#4114 = EDGE_CURVE ( 'NONE', #3643, #782, #2841, .T. ) ;
#4115 = DIRECTION ( 'NONE',  ( 1.387778780781446500E-015, 0.0000000000000000000, 1.000000000000000000 ) ) ;
#4116 = ORIENTED_EDGE ( 'NONE', *, *, #6825, .T. ) ;
#4117 = ADVANCED_FACE ( 'NONE', ( #2516 ), #6776, .T. ) ;
#4118 =( NAMED_UNIT ( * ) SI_UNIT ( $, .STERADIAN. ) SOLID_ANGLE_UNIT ( ) );
#4119 = DIRECTION ( 'NONE',  ( 1.000000000000000000, -0.0000000000000000000, -0.0000000000000000000 ) ) ;
#4120 = CARTESIAN_POINT ( 'NONE',  ( -7.249999999999997300, 5.049999999999998000, 12.40000000000000400 ) ) ;
#4121 = VECTOR ( 'NONE', #775, 1000.000000000000000 ) ;
#4122 = DIRECTION ( 'NONE',  ( -0.0000000000000000000, -1.000000000000000000, -0.0000000000000000000 ) ) ;
#4123 = LINE ( 'NONE', #346, #1377 ) ;
#4124 =( LENGTH_UNIT ( ) NAMED_UNIT ( * ) SI_UNIT ( .MILLI., .METRE. ) );
#4125 = ORIENTED_EDGE ( 'NONE', *, *, #8200, .F. ) ;
#4126 = EDGE_CURVE ( 'NONE', #1976, #3043, #958, .T. ) ;
#4127 = ADVANCED_FACE ( 'NONE', ( #7879 ), #5310, .F. ) ;
#4128 = CARTESIAN_POINT ( 'NONE',  ( 4.625000000000002700, 5.700000000000000200, 0.0000000000000000000 ) ) ;
#4129 = AXIS2_PLACEMENT_3D ( 'NONE', #2796, #5464, #7490 ) ;
#4130 = CARTESIAN_POINT ( 'NONE',  ( 2.750000000000002700, 4.650000000000002100, 12.40000000000000400 ) ) ;
#4131 = FACE_OUTER_BOUND ( 'NONE', #4904, .T. ) ;
#4132 = ORIENTED_EDGE ( 'NONE', *, *, #6006, .F. ) ;
#4133 = ORIENTED_EDGE ( 'NONE', *, *, #999, .F. ) ;
#4134 = EDGE_CURVE ( 'NONE', #782, #4902, #5678, .T. ) ;
#4135 = CARTESIAN_POINT ( 'NONE',  ( -8.099947028114725000, 0.8999999999999980200, -22.25442155852373800 ) ) ;
#4136 = VECTOR ( 'NONE', #6250, 1000.000000000000000 ) ;
#4137 = PLANE ( 'NONE',  #656 ) ;
#4138 = EDGE_LOOP ( 'NONE', ( #6225, #7418, #4917, #6452, #2053, #1567, #816, #7500 ) ) ;
#4139 = CARTESIAN_POINT ( 'NONE',  ( -35.80000000000000400, 4.100000000000000500, 0.2499999999999997800 ) ) ;
#4140 = ORIENTED_EDGE ( 'NONE', *, *, #5512, .F. ) ;
#4141 = ADVANCED_FACE ( 'NONE', ( #2304 ), #6088, .F. ) ;
#4142 = DIRECTION ( 'NONE',  ( 0.0000000000000000000, 1.000000000000000000, 0.0000000000000000000 ) ) ;
#4143 = CARTESIAN_POINT ( 'NONE',  ( -7.249999999999997300, 4.650000000000002100, 12.40000000000000400 ) ) ;
#4144 = CARTESIAN_POINT ( 'NONE',  ( -32.49999999999999300, 2.500000000000000000, 16.55000000000000400 ) ) ;
#4145 = CARTESIAN_POINT ( 'NONE',  ( 0.0000000000000000000, 4.100000000000000500, 0.0000000000000000000 ) ) ;
#4146 = VECTOR ( 'NONE', #6099, 1000.000000000000000 ) ;
#4147 = CARTESIAN_POINT ( 'NONE',  ( -34.90000000000000600, 7.299999999999999800, -12.50000000000000400 ) ) ;
#4148 = DIRECTION ( 'NONE',  ( 0.0000000000000000000, -1.000000000000000000, -8.673617379884013400E-015 ) ) ;
#4149 = DIRECTION ( 'NONE',  ( 2.096342569156265000E-016, 0.0000000000000000000, 1.000000000000000000 ) ) ;
#4150 = ORIENTED_EDGE ( 'NONE', *, *, #1656, .F. ) ;
#4151 = CARTESIAN_POINT ( 'NONE',  ( -4.749999999999997300, -4.699999999999999300, 12.50000000000000200 ) ) ;
#4152 = CARTESIAN_POINT ( 'NONE',  ( 3.375000000000003100, 5.700000000000000200, 12.50000000000000200 ) ) ;
#4153 = AXIS2_PLACEMENT_3D ( 'NONE', #7977, #651, #5302 ) ;
#4154 = VECTOR ( 'NONE', #2024, 1000.000000000000000 ) ;
#4155 = CARTESIAN_POINT ( 'NONE',  ( 7.375000000000002700, 5.400000000000000400, 12.50000000000000200 ) ) ;
#4156 = ORIENTED_EDGE ( 'NONE', *, *, #6789, .F. ) ;
#4157 = VECTOR ( 'NONE', #1175, 1000.000000000000000 ) ;
#4158 = ORIENTED_EDGE ( 'NONE', *, *, #4338, .T. ) ;
#4159 = ADVANCED_FACE ( 'NONE', ( #6198 ), #7361, .F. ) ;
#4160 = AXIS2_PLACEMENT_3D ( 'NONE', #6512, #5272, #7325 ) ;
#4161 = VECTOR ( 'NONE', #2208, 1000.000000000000000 ) ;
#4162 = EDGE_CURVE ( 'NONE', #4291, #7591, #4331, .T. ) ;
#4163 = EDGE_CURVE ( 'NONE', #2034, #2253, #2951, .T. ) ;
#4164 = LINE ( 'NONE', #5625, #8230 ) ;
#4165 = ORIENTED_EDGE ( 'NONE', *, *, #2456, .F. ) ;
#4166 = ORIENTED_EDGE ( 'NONE', *, *, #3728, .T. ) ;
#4167 = VECTOR ( 'NONE', #7091, 1000.000000000000000 ) ;
#4168 = CARTESIAN_POINT ( 'NONE',  ( 7.375000000000002700, 5.700000000000000200, 12.20000000000000300 ) ) ;
#4169 = CARTESIAN_POINT ( 'NONE',  ( 5.250000000000002700, 4.650000000000002100, 12.40000000000000400 ) ) ;
#4170 = CARTESIAN_POINT ( 'NONE',  ( 4.750000000000002700, -4.699999999999999300, 12.50000000000000200 ) ) ;
#4171 = PLANE ( 'NONE',  #1060 ) ;
#4172 = ADVANCED_FACE ( 'NONE', ( #2100 ), #4227, .F. ) ;
#4173 = LINE ( 'NONE', #7838, #1831 ) ;
#4174 = LINE ( 'NONE', #4787, #2348 ) ;
#4175 = ORIENTED_EDGE ( 'NONE', *, *, #2113, .F. ) ;
#4176 = VERTEX_POINT ( 'NONE', #6761 ) ;
#4177 = EDGE_LOOP ( 'NONE', ( #3581, #6247, #5947, #1648 ) ) ;
#4178 = VERTEX_POINT ( 'NONE', #8220 ) ;
#4179 = CARTESIAN_POINT ( 'NONE',  ( -35.80000000000000400, 0.0000000000000000000, 13.55000000000000200 ) ) ;
#4180 = DIRECTION ( 'NONE',  ( -1.000000000000000000, 0.0000000000000000000, 0.0000000000000000000 ) ) ;
#4181 = EDGE_CURVE ( 'NONE', #4276, #1201, #1479, .T. ) ;
#4182 = DIRECTION ( 'NONE',  ( 0.0000000000000000000, 0.0000000000000000000, 1.000000000000000000 ) ) ;
#4183 = CARTESIAN_POINT ( 'NONE',  ( -0.6250000000000144300, 5.700000000000000200, 9.194034422677102800E-015 ) ) ;
#4184 = CARTESIAN_POINT ( 'NONE',  ( 0.6250000000000023300, 4.100000000000000500, 11.25000000000000400 ) ) ;
#4185 = LINE ( 'NONE', #2585, #3430 ) ;
#4186 = VERTEX_POINT ( 'NONE', #6826 ) ;
#4187 = LINE ( 'NONE', #3377, #4292 ) ;
#4188 = ORIENTED_EDGE ( 'NONE', *, *, #6721, .F. ) ;
#4189 = ORIENTED_EDGE ( 'NONE', *, *, #860, .F. ) ;
#4190 = ORIENTED_EDGE ( 'NONE', *, *, #1900, .F. ) ;
#4191 = CARTESIAN_POINT ( 'NONE',  ( 4.000000000000000000, 4.100000000000000500, 11.25000000000000400 ) ) ;
#4192 = CARTESIAN_POINT ( 'NONE',  ( -5.249999999999997300, 4.650000000000002100, 12.79999999999999900 ) ) ;
#4193 = LINE ( 'NONE', #7263, #5958 ) ;
#4194 = LINE ( 'NONE', #218, #7638 ) ;
#4195 = EDGE_CURVE ( 'NONE', #3545, #2552, #1066, .T. ) ;
#4196 = ORIENTED_EDGE ( 'NONE', *, *, #6660, .F. ) ;
#4197 = ORIENTED_EDGE ( 'NONE', *, *, #786, .F. ) ;
#4198 = ORIENTED_EDGE ( 'NONE', *, *, #632, .T. ) ;
#4199 = CARTESIAN_POINT ( 'NONE',  ( 6.750000000000002700, 5.049999999999998000, 12.40000000000000400 ) ) ;
#4200 = LINE ( 'NONE', #181, #95 ) ;
#4201 = LINE ( 'NONE', #4690, #8168 ) ;
#4202 = VERTEX_POINT ( 'NONE', #7515 ) ;
#4203 = CARTESIAN_POINT ( 'NONE',  ( 2.750000000000002700, 4.650000000000002100, 12.50000000000000200 ) ) ;
#4204 = CARTESIAN_POINT ( 'NONE',  ( 34.89999999999999900, 5.700000000000000200, -12.50000000000000400 ) ) ;
#4205 = CARTESIAN_POINT ( 'NONE',  ( 4.000000000000000900, 5.400000000000000400, 7.050000000000002500 ) ) ;
#4206 = CARTESIAN_POINT ( 'NONE',  ( -35.80000000000000400, 2.499999999999999600, -13.54999999999999900 ) ) ;
#4207 = VECTOR ( 'NONE', #2103, 1000.000000000000000 ) ;
#4208 = VECTOR ( 'NONE', #309, 1000.000000000000000 ) ;
#4209 = CARTESIAN_POINT ( 'NONE',  ( -34.40000000000000600, 5.700000000000000200, -6.249999999999998200 ) ) ;
#4210 = CARTESIAN_POINT ( 'NONE',  ( 30.27499999999999500, 7.000000000000000000, 2.549999999999989600 ) ) ;
#4211 = AXIS2_PLACEMENT_3D ( 'NONE', #8226, #3421, #1428 ) ;
#4212 =( NAMED_UNIT ( * ) SI_UNIT ( $, .STERADIAN. ) SOLID_ANGLE_UNIT ( ) );
#4213 = ORIENTED_EDGE ( 'NONE', *, *, #5199, .F. ) ;
#4214 = DIRECTION ( 'NONE',  ( -1.000000000000000000, -0.0000000000000000000, -0.0000000000000000000 ) ) ;
#4215 = EDGE_CURVE ( 'NONE', #5632, #7077, #5255, .T. ) ;
#4216 = PLANE ( 'NONE',  #8275 ) ;
#4217 = LINE ( 'NONE', #7463, #1464 ) ;
#4218 = FACE_OUTER_BOUND ( 'NONE', #20, .T. ) ;
#4219 = ADVANCED_FACE ( 'NONE', ( #8304 ), #5431, .T. ) ;
#4220 = EDGE_CURVE ( 'NONE', #3943, #3278, #5062, .T. ) ;
#4221 = DIRECTION ( 'NONE',  ( 0.0000000000000000000, 0.0000000000000000000, 1.000000000000000000 ) ) ;
#4222 = DIRECTION ( 'NONE',  ( 0.0000000000000000000, 1.000000000000000000, 0.0000000000000000000 ) ) ;
#4223 = DIRECTION ( 'NONE',  ( -0.0000000000000000000, 1.000000000000000000, -0.0000000000000000000 ) ) ;
#4224 = ORIENTED_EDGE ( 'NONE', *, *, #928, .F. ) ;
#4225 = CARTESIAN_POINT ( 'NONE',  ( 4.625000000000002700, 5.700000000000000200, 11.25000000000000400 ) ) ;
#4226 = CYLINDRICAL_SURFACE ( 'NONE', #1254, 0.09999999999999939500 ) ;
#4227 = PLANE ( 'NONE',  #673 ) ;
#4228 = EDGE_LOOP ( 'NONE', ( #1101, #6412, #705, #8348, #1212 ) ) ;
#4229 = ORIENTED_EDGE ( 'NONE', *, *, #6503, .F. ) ;
#4230 = PRESENTATION_LAYER_ASSIGNMENT (  '', '', ( #6890 ) ) ;
#4231 = CARTESIAN_POINT ( 'NONE',  ( -32.50000000000000000, 2.500000000000000000, -16.54999999999999700 ) ) ;
#4232 = UNCERTAINTY_MEASURE_WITH_UNIT (LENGTH_MEASURE( 1.000000000000000100E-005 ), #3352, 'distance_accuracy_value', 'NONE');
#4233 = EDGE_CURVE ( 'NONE', #4562, #7941, #3372, .T. ) ;
#4234 = CARTESIAN_POINT ( 'NONE',  ( -35.80000000000000400, 0.0000000000000000000, -13.54999999999999900 ) ) ;
#4235 = VERTEX_POINT ( 'NONE', #5485 ) ;
#4236 = VECTOR ( 'NONE', #4378, 1000.000000000000000 ) ;
#4237 = VERTEX_POINT ( 'NONE', #1494 ) ;
#4238 = CIRCLE ( 'NONE', #5450, 0.09999999999999939500 ) ;
#4239 = DIRECTION ( 'NONE',  ( 1.000000000000000000, -0.0000000000000000000, -0.0000000000000000000 ) ) ;
#4240 = ORIENTED_EDGE ( 'NONE', *, *, #546, .T. ) ;
#4241 = CARTESIAN_POINT ( 'NONE',  ( -34.90000000000000600, 4.100000000000000500, -12.50000000000000400 ) ) ;
#4242 = CARTESIAN_POINT ( 'NONE',  ( -34.90000000000000600, 5.700000000000000200, -7.449999999999998400 ) ) ;
#4243 = CARTESIAN_POINT ( 'NONE',  ( 5.375000000000002700, 4.100000000000000500, 12.20000000000000300 ) ) ;
#4244 = CARTESIAN_POINT ( 'NONE',  ( -7.249999999999997300, 4.650000000000002100, 12.79999999999999900 ) ) ;
#4245 = EDGE_CURVE ( 'NONE', #5849, #7948, #4854, .T. ) ;
#4246 = VECTOR ( 'NONE', #5340, 1000.000000000000000 ) ;
#4247 = CARTESIAN_POINT ( 'NONE',  ( 5.375000000000002700, 5.700000000000000200, 12.20000000000000300 ) ) ;
#4248 = CARTESIAN_POINT ( 'NONE',  ( -0.6249999999999987800, 5.700000000000000200, 11.25000000000000400 ) ) ;
#4249 = EDGE_CURVE ( 'NONE', #255, #2879, #2616, .T. ) ;
#4250 = AXIS2_PLACEMENT_3D ( 'NONE', #2738, #4297, #6370 ) ;
#4251 = PRESENTATION_STYLE_ASSIGNMENT (( #149 ) ) ;
#4252 = EDGE_LOOP ( 'NONE', ( #5842, #1180, #517, #5936 ) ) ;
#4253 = CARTESIAN_POINT ( 'NONE',  ( -5.249999999999997300, 4.750000000000000900, 12.20000000000000300 ) ) ;
#4254 = CARTESIAN_POINT ( 'NONE',  ( -7.374999999999998200, 4.100000000000000500, 0.0000000000000000000 ) ) ;
#4255 = LINE ( 'NONE', #2924, #5375 ) ;
#4256 = ADVANCED_FACE ( 'NONE', ( #747 ), #1787, .T. ) ;
#4257 = ORIENTED_EDGE ( 'NONE', *, *, #7619, .T. ) ;
#4258 = AXIS2_PLACEMENT_3D ( 'NONE', #5523, #1497, #6892 ) ;
#4259 = ORIENTED_EDGE ( 'NONE', *, *, #6840, .T. ) ;
#4260 = CARTESIAN_POINT ( 'NONE',  ( 28.52499999999999500, 7.000000000000000000, -9.050000000000009600 ) ) ;
#4261 = CARTESIAN_POINT ( 'NONE',  ( 0.0000000000000000000, 0.0000000000000000000, 0.0000000000000000000 ) ) ;
#4262 = DIRECTION ( 'NONE',  ( 0.0000000000000000000, 0.0000000000000000000, -1.000000000000000000 ) ) ;
#4263 = CARTESIAN_POINT ( 'NONE',  ( -28.97500000000000100, 7.000000000000000000, -10.80000000000000200 ) ) ;
#4264 = LINE ( 'NONE', #5921, #984 ) ;
#4265 = AXIS2_PLACEMENT_3D ( 'NONE', #3360, #3270, #4749 ) ;
#4266 = VECTOR ( 'NONE', #6945, 1000.000000000000000 ) ;
#4267 = ORIENTED_EDGE ( 'NONE', *, *, #7539, .F. ) ;
#4268 = CARTESIAN_POINT ( 'NONE',  ( -6.625000000000014200, 5.700000000000000200, 9.194034422677102800E-015 ) ) ;
#4269 = CARTESIAN_POINT ( 'NONE',  ( -7.249999999999997300, 4.650000000000002100, 12.40000000000000400 ) ) ;
#4270 = PLANE ( 'NONE',  #75 ) ;
#4271 = LINE ( 'NONE', #6333, #8543 ) ;
#4272 = CARTESIAN_POINT ( 'NONE',  ( -34.90000000000000600, 4.100000000000006800, 7.499999999999992900 ) ) ;
#4273 = CIRCLE ( 'NONE', #2037, 0.09999999999999939500 ) ;
#4274 = EDGE_LOOP ( 'NONE', ( #7209, #3898, #6474, #923, #820, #2659, #5410, #7598 ) ) ;
#4275 = VERTEX_POINT ( 'NONE', #766 ) ;
#4276 = VERTEX_POINT ( 'NONE', #6884 ) ;
#4277 = ORIENTED_EDGE ( 'NONE', *, *, #4305, .F. ) ;
#4278 = AXIS2_PLACEMENT_3D ( 'NONE', #5827, #4427, #7800 ) ;
#4279 = EDGE_CURVE ( 'NONE', #473, #6536, #8089, .T. ) ;
#4280 = VECTOR ( 'NONE', #599, 1000.000000000000000 ) ;
#4281 = DIRECTION ( 'NONE',  ( 0.0000000000000000000, 0.0000000000000000000, 1.000000000000000000 ) ) ;
#4282 = LINE ( 'NONE', #2914, #1424 ) ;
#4283 = CARTESIAN_POINT ( 'NONE',  ( 28.52499999999999500, 7.000000000000000000, 4.299999999999989200 ) ) ;
#4284 = ORIENTED_EDGE ( 'NONE', *, *, #2180, .T. ) ;
#4285 = ORIENTED_EDGE ( 'NONE', *, *, #7157, .T. ) ;
#4286 = VERTEX_POINT ( 'NONE', #4351 ) ;
#4287 = DIRECTION ( 'NONE',  ( 0.9396926207859105400, 0.0000000000000000000, 0.3420201433256627200 ) ) ;
#4288 = DIRECTION ( 'NONE',  ( -1.000000000000000000, -0.0000000000000000000, -0.0000000000000000000 ) ) ;
#4289 = VECTOR ( 'NONE', #120, 1000.000000000000000 ) ;
#4290 = LINE ( 'NONE', #6807, #7629 ) ;
#4291 = VERTEX_POINT ( 'NONE', #7693 ) ;
#4292 = VECTOR ( 'NONE', #8250, 1000.000000000000000 ) ;
#4293 = EDGE_LOOP ( 'NONE', ( #2313, #3623, #6765, #1747 ) ) ;
#4294 = ORIENTED_EDGE ( 'NONE', *, *, #7428, .T. ) ;
#4295 = ORIENTED_EDGE ( 'NONE', *, *, #8206, .T. ) ;
#4296 = EDGE_CURVE ( 'NONE', #5794, #4482, #7873, .T. ) ;
#4297 = DIRECTION ( 'NONE',  ( 0.0000000000000000000, 1.000000000000000000, -0.0000000000000000000 ) ) ;
#4298 = CARTESIAN_POINT ( 'NONE',  ( 0.0000000000000000000, 5.400000000000000400, 0.0000000000000000000 ) ) ;
#4299 = DIRECTION ( 'NONE',  ( 0.0000000000000000000, -1.000000000000000000, 0.0000000000000000000 ) ) ;
#4300 = LINE ( 'NONE', #2150, #7537 ) ;
#4301 = VECTOR ( 'NONE', #1854, 1000.000000000000000 ) ;
#4302 = ORIENTED_EDGE ( 'NONE', *, *, #4018, .F. ) ;
#4303 = ORIENTED_EDGE ( 'NONE', *, *, #1447, .T. ) ;
#4304 = PLANE ( 'NONE',  #8008 ) ;
#4305 = EDGE_CURVE ( 'NONE', #2285, #8396, #2721, .T. ) ;
#4306 = VECTOR ( 'NONE', #2615, 1000.000000000000000 ) ;
#4307 = LINE ( 'NONE', #8150, #7105 ) ;
#4308 = VERTEX_POINT ( 'NONE', #7635 ) ;
#4309 = ORIENTED_EDGE ( 'NONE', *, *, #4614, .T. ) ;
#4310 = CARTESIAN_POINT ( 'NONE',  ( -0.7499999999999972200, 4.650000000000002100, 12.50000000000000200 ) ) ;
#4311 = CARTESIAN_POINT ( 'NONE',  ( 15.00000000000000000, 7.300000000000005200, 12.50000000000000200 ) ) ;
#4312 = VECTOR ( 'NONE', #6630, 1000.000000000000000 ) ;
#4313 = LINE ( 'NONE', #8305, #1566 ) ;
#4314 = DIRECTION ( 'NONE',  ( -0.0000000000000000000, -1.000000000000000000, -0.0000000000000000000 ) ) ;
#4315 = ORIENTED_EDGE ( 'NONE', *, *, #6205, .T. ) ;
#4316 = CARTESIAN_POINT ( 'NONE',  ( 3.250000000000002700, 4.650000000000002100, 12.40000000000000400 ) ) ;
#4317 = PLANE ( 'NONE',  #6029 ) ;
#4318 = CARTESIAN_POINT ( 'NONE',  ( 4.625000000000002700, 4.100000000000000500, 12.50000000000000200 ) ) ;
#4319 = AXIS2_PLACEMENT_3D ( 'NONE', #8594, #1760, #5186 ) ;
#4320 = CARTESIAN_POINT ( 'NONE',  ( -28.97500000000000100, 7.000000000000000000, 2.549999999999996700 ) ) ;
#4321 = ADVANCED_FACE ( 'NONE', ( #2413 ), #4330, .T. ) ;
#4322 = LINE ( 'NONE', #4932, #7767 ) ;
#4323 = AXIS2_PLACEMENT_3D ( 'NONE', #5470, #825, #6233 ) ;
#4324 = EDGE_CURVE ( 'NONE', #3664, #3285, #4123, .T. ) ;
#4325 = DIRECTION ( 'NONE',  ( 1.000000000000000000, 0.0000000000000000000, -0.0000000000000000000 ) ) ;
#4326 = DIRECTION ( 'NONE',  ( -0.0000000000000000000, 1.000000000000000000, -0.0000000000000000000 ) ) ;
#4327 = LINE ( 'NONE', #1840, #5892 ) ;
#4328 = CLOSED_SHELL ( 'NONE', ( #7365, #5057, #1765, #2917, #4084, #72, #315, #830, #7387, #8048 ) ) ;
#4329 = EDGE_LOOP ( 'NONE', ( #4650, #6985, #8065, #7128 ) ) ;
#4330 = PLANE ( 'NONE',  #5167 ) ;
#4331 = LINE ( 'NONE', #838, #31 ) ;
#4332 = EDGE_CURVE ( 'NONE', #6556, #2776, #5669, .T. ) ;
#4333 = ADVANCED_FACE ( 'NONE', ( #4952 ), #6968, .F. ) ;
#4334 = DIRECTION ( 'NONE',  ( -2.096342569156264700E-016, 0.0000000000000000000, -1.000000000000000000 ) ) ;
#4335 = FACE_BOUND ( 'NONE', #5509, .T. ) ;
#4336 = CARTESIAN_POINT ( 'NONE',  ( 0.6250000000000023300, 4.100000000000000500, 12.50000000000000200 ) ) ;
#4337 = ORIENTED_EDGE ( 'NONE', *, *, #3763, .F. ) ;
#4338 = EDGE_CURVE ( 'NONE', #3284, #2694, #5996, .T. ) ;
#4339 = CARTESIAN_POINT ( 'NONE',  ( -5.374999999999998200, 4.100000000000000500, 0.0000000000000000000 ) ) ;
#4340 = CARTESIAN_POINT ( 'NONE',  ( -34.75000000000000000, 2.500000000000000000, 16.55000000000000400 ) ) ;
#4341 = EDGE_CURVE ( 'NONE', #3746, #1763, #6101, .T. ) ;
#4342 = FACE_BOUND ( 'NONE', #4677, .T. ) ;
#4343 = VERTEX_POINT ( 'NONE', #8393 ) ;
#4344 = VERTEX_POINT ( 'NONE', #2396 ) ;
#4345 = AXIS2_PLACEMENT_3D ( 'NONE', #3837, #5180, #8469 ) ;
#4346 = DIRECTION ( 'NONE',  ( 0.0000000000000000000, 0.0000000000000000000, -1.000000000000000000 ) ) ;
#4347 = CIRCLE ( 'NONE', #1347, 1.200000000000000200 ) ;
#4348 = EDGE_LOOP ( 'NONE', ( #3463, #6766, #8084, #2896 ) ) ;
#4349 = LINE ( 'NONE', #6485, #2326 ) ;
#4350 = DIRECTION ( 'NONE',  ( 0.0000000000000000000, -1.000000000000000000, 0.0000000000000000000 ) ) ;
#4351 = CARTESIAN_POINT ( 'NONE',  ( 34.89999999999999900, 5.700000000000000200, 12.50000000000000200 ) ) ;
#4352 = CARTESIAN_POINT ( 'NONE',  ( 5.375000000000002700, 4.100000000000000500, 12.20000000000000300 ) ) ;
#4353 = AXIS2_PLACEMENT_3D ( 'NONE', #3067, #5889, #2434 ) ;
#4354 = LINE ( 'NONE', #7559, #778 ) ;
#4355 = CYLINDRICAL_SURFACE ( 'NONE', #7139, 1.249999999999997600 ) ;
#4356 = ORIENTED_EDGE ( 'NONE', *, *, #6118, .F. ) ;
#4357 = VERTEX_POINT ( 'NONE', #1156 ) ;
#4358 = EDGE_LOOP ( 'NONE', ( #3733, #6829, #6262, #5314, #7079, #515, #3969, #593, #4511, #5622, #3388, #8389, #7087, #8505, #1174, #8546, #1275, #2570, #1004, #1624, #5663, #6136, #724, #8046, #7357, #53, #8552, #6202, #3390, #4224, #3493, #8244, #676, #1857, #1116, #3209 ) ) ;
#4359 = PLANE ( 'NONE',  #7191 ) ;
#4360 = CARTESIAN_POINT ( 'NONE',  ( 2.625000000000002200, 4.100000000000000500, 0.0000000000000000000 ) ) ;
#4361 = CARTESIAN_POINT ( 'NONE',  ( 5.250000000000002700, 5.049999999999999800, 12.20000000000000300 ) ) ;
#4362 = MECHANICAL_DESIGN_GEOMETRIC_PRESENTATION_REPRESENTATION (  '', ( #6314 ), #5422 ) ;
#4363 = DIRECTION ( 'NONE',  ( 1.000000000000000000, -0.0000000000000000000, 0.0000000000000000000 ) ) ;
#4364 = VECTOR ( 'NONE', #523, 1000.000000000000000 ) ;
#4365 = DIRECTION ( 'NONE',  ( 0.0000000000000000000, 1.000000000000000000, 0.0000000000000000000 ) ) ;
#4366 = VECTOR ( 'NONE', #2815, 1000.000000000000000 ) ;
#4367 = VERTEX_POINT ( 'NONE', #4919 ) ;
#4368 = ORIENTED_EDGE ( 'NONE', *, *, #6080, .F. ) ;
#4369 = VERTEX_POINT ( 'NONE', #317 ) ;
#4370 = VERTEX_POINT ( 'NONE', #8419 ) ;
#4371 = VECTOR ( 'NONE', #5931, 1000.000000000000000 ) ;
#4372 = VERTEX_POINT ( 'NONE', #2447 ) ;
#4373 = ORIENTED_EDGE ( 'NONE', *, *, #4547, .T. ) ;
#4374 = ORIENTED_EDGE ( 'NONE', *, *, #962, .T. ) ;
#4375 = ORIENTED_EDGE ( 'NONE', *, *, #1094, .F. ) ;
#4376 = VERTEX_POINT ( 'NONE', #5059 ) ;
#4377 = AXIS2_PLACEMENT_3D ( 'NONE', #6733, #6060, #6639 ) ;
#4378 = DIRECTION ( 'NONE',  ( 0.0000000000000000000, 0.0000000000000000000, 1.000000000000000000 ) ) ;
#4379 = EDGE_CURVE ( 'NONE', #749, #325, #6493, .T. ) ;
#4380 = PLANE ( 'NONE',  #433 ) ;
#4381 = EDGE_CURVE ( 'NONE', #6742, #255, #5154, .T. ) ;
#4382 = CARTESIAN_POINT ( 'NONE',  ( -1.249999999999997600, 4.650000000000002100, 12.50000000000000200 ) ) ;
#4383 = VERTEX_POINT ( 'NONE', #4382 ) ;
#4384 = CARTESIAN_POINT ( 'NONE',  ( 4.000000000000000900, 5.700000000000000200, 7.050000000000002500 ) ) ;
#4385 = LINE ( 'NONE', #3786, #82 ) ;
#4386 = VECTOR ( 'NONE', #2523, 1000.000000000000000 ) ;
#4387 = VERTEX_POINT ( 'NONE', #7161 ) ;
#4388 =( LENGTH_UNIT ( ) NAMED_UNIT ( * ) SI_UNIT ( .MILLI., .METRE. ) );
#4389 = CIRCLE ( 'NONE', #7200, 1.200000000000000200 ) ;
#4390 = ORIENTED_EDGE ( 'NONE', *, *, #464, .T. ) ;
#4391 = VERTEX_POINT ( 'NONE', #1814 ) ;
#4392 = CARTESIAN_POINT ( 'NONE',  ( 0.7500000000000024400, -4.699999999999999300, 12.50000000000000200 ) ) ;
#4393 =( NAMED_UNIT ( * ) PLANE_ANGLE_UNIT ( ) SI_UNIT ( $, .RADIAN. ) );
#4394 = LINE ( 'NONE', #7131, #6559 ) ;
#4395 = LINE ( 'NONE', #2574, #7758 ) ;
#4396 = EDGE_CURVE ( 'NONE', #1674, #5929, #4327, .T. ) ;
#4397 = VERTEX_POINT ( 'NONE', #1092 ) ;
#4398 = VERTEX_POINT ( 'NONE', #2482 ) ;
#4399 = CARTESIAN_POINT ( 'NONE',  ( -6.624999999999999100, 5.700000000000000200, 12.50000000000000200 ) ) ;
#4400 = DIRECTION ( 'NONE',  ( -0.0000000000000000000, 1.000000000000000000, -3.710638451287287400E-016 ) ) ;
#4401 = EDGE_CURVE ( 'NONE', #6535, #4237, #8299, .T. ) ;
#4402 = PRESENTATION_LAYER_ASSIGNMENT (  '', '', ( #3956 ) ) ;
#4403 = LINE ( 'NONE', #1190, #3787 ) ;
#4404 = VECTOR ( 'NONE', #1255, 1000.000000000000000 ) ;
#4405 = ORIENTED_EDGE ( 'NONE', *, *, #909, .T. ) ;
#4406 = ORIENTED_EDGE ( 'NONE', *, *, #5538, .F. ) ;
#4407 = AXIS2_PLACEMENT_3D ( 'NONE', #3229, #6499, #2490 ) ;
#4408 = CARTESIAN_POINT ( 'NONE',  ( -38.25000000000000700, -17.31554944214035200, -8.250000000000000000 ) ) ;
#4409 = FACE_OUTER_BOUND ( 'NONE', #5916, .T. ) ;
#4410 =( GEOMETRIC_REPRESENTATION_CONTEXT ( 3 ) GLOBAL_UNCERTAINTY_ASSIGNED_CONTEXT ( ( #6033 ) ) GLOBAL_UNIT_ASSIGNED_CONTEXT ( ( #5531, #6729, #7883 ) ) REPRESENTATION_CONTEXT ( 'NONE', 'WORKASPACE' ) );
#4411 = CARTESIAN_POINT ( 'NONE',  ( 34.89999999999999900, 4.100000000000000500, -12.50000000000000400 ) ) ;
#4412 = EDGE_CURVE ( 'NONE', #978, #7281, #2093, .T. ) ;
#4413 = ORIENTED_EDGE ( 'NONE', *, *, #4381, .F. ) ;
#4414 = CARTESIAN_POINT ( 'NONE',  ( 4.000000000000000900, 5.400000000000000400, 7.050000000000002500 ) ) ;
#4415 = EDGE_CURVE ( 'NONE', #916, #8401, #3363, .T. ) ;
#4416 = FACE_OUTER_BOUND ( 'NONE', #5621, .T. ) ;
#4417 = PLANE ( 'NONE',  #3939 ) ;
#4418 = CARTESIAN_POINT ( 'NONE',  ( 2.750000000000002700, 4.750000000000000900, 12.40000000000000400 ) ) ;
#4419 = PLANE ( 'NONE',  #1098 ) ;
#4420 = DIRECTION ( 'NONE',  ( 0.0000000000000000000, 0.0000000000000000000, 1.000000000000000000 ) ) ;
#4421 = ORIENTED_EDGE ( 'NONE', *, *, #7756, .T. ) ;
#4422 = LINE ( 'NONE', #109, #5901 ) ;
#4423 = DIRECTION ( 'NONE',  ( -1.000000000000000000, 0.0000000000000000000, -0.0000000000000000000 ) ) ;
#4424 = ORIENTED_EDGE ( 'NONE', *, *, #4162, .F. ) ;
#4425 = LINE ( 'NONE', #1400, #7563 ) ;
#4426 = EDGE_CURVE ( 'NONE', #7778, #7141, #554, .T. ) ;
#4427 = DIRECTION ( 'NONE',  ( -0.0000000000000000000, -1.000000000000000000, -0.0000000000000000000 ) ) ;
#4428 = EDGE_LOOP ( 'NONE', ( #4580, #6943, #5080, #3139 ) ) ;
#4429 = FILL_AREA_STYLE_COLOUR ( '', #5530 ) ;
#4430 = CARTESIAN_POINT ( 'NONE',  ( -4.749999999999997300, 5.049999999999998000, 12.40000000000000400 ) ) ;
#4431 = CARTESIAN_POINT ( 'NONE',  ( 4.750000000000002700, 5.049999999999998000, 12.40000000000000400 ) ) ;
#4432 = DIRECTION ( 'NONE',  ( 0.0000000000000000000, 0.0000000000000000000, 1.000000000000000000 ) ) ;
#4433 = LINE ( 'NONE', #3068, #7138 ) ;
#4434 = EDGE_CURVE ( 'NONE', #3343, #8566, #7231, .T. ) ;
#4435 = CARTESIAN_POINT ( 'NONE',  ( -7.249999999999997300, 4.750000000000000900, 12.20000000000000300 ) ) ;
#4436 = CARTESIAN_POINT ( 'NONE',  ( 34.75000000000000700, 2.500000000000000000, -16.54999999999999700 ) ) ;
#4437 = EDGE_CURVE ( 'NONE', #8650, #6323, #4735, .T. ) ;
#4438 = AXIS2_PLACEMENT_3D ( 'NONE', #808, #2255, #6938 ) ;
#4439 = DIRECTION ( 'NONE',  ( 0.0000000000000000000, 8.673617379884013400E-015, -1.000000000000000000 ) ) ;
#4440 = CARTESIAN_POINT ( 'NONE',  ( -32.50000000000000000, 2.500000000000000000, -16.54999999999999700 ) ) ;
#4441 = FACE_OUTER_BOUND ( 'NONE', #4274, .T. ) ;
#4442 = ORIENTED_EDGE ( 'NONE', *, *, #7057, .T. ) ;
#4443 = ORIENTED_EDGE ( 'NONE', *, *, #1357, .F. ) ;
#4444 = CARTESIAN_POINT ( 'NONE',  ( 34.75000000000001400, 2.500000000000000000, 16.54999999999998600 ) ) ;
#4445 = EDGE_CURVE ( 'NONE', #1173, #6571, #7568, .T. ) ;
#4446 = ADVANCED_FACE ( 'NONE', ( #2944, #3691 ), #1055, .F. ) ;
#4447 = FACE_OUTER_BOUND ( 'NONE', #5070, .T. ) ;
#4448 = AXIS2_PLACEMENT_3D ( 'NONE', #7225, #5957, #7117 ) ;
#4449 = DIRECTION ( 'NONE',  ( 0.0000000000000000000, 1.000000000000000000, 0.0000000000000000000 ) ) ;
#4450 = LINE ( 'NONE', #344, #7709 ) ;
#4451 = DIRECTION ( 'NONE',  ( -1.000000000000000000, 0.0000000000000000000, 0.0000000000000000000 ) ) ;
#4452 = EDGE_LOOP ( 'NONE', ( #2089, #7083, #4590, #2739 ) ) ;
#4453 = DIRECTION ( 'NONE',  ( 0.0000000000000000000, 1.000000000000000000, -0.0000000000000000000 ) ) ;
#4454 = CARTESIAN_POINT ( 'NONE',  ( 30.24999999999999300, 7.299999999999999800, -13.54999999999999900 ) ) ;
#4455 = CARTESIAN_POINT ( 'NONE',  ( -30.72500000000000500, 7.299999999999999800, 2.549999999999996700 ) ) ;
#4456 = VECTOR ( 'NONE', #3961, 1000.000000000000000 ) ;
#4457 = DIRECTION ( 'NONE',  ( 0.0000000000000000000, 0.0000000000000000000, 1.000000000000000000 ) ) ;
#4458 = CARTESIAN_POINT ( 'NONE',  ( 1.375000000000002900, 4.100000000000000500, 12.20000000000000300 ) ) ;
#4459 = FACE_OUTER_BOUND ( 'NONE', #7123, .T. ) ;
#4460 = DIRECTION ( 'NONE',  ( -0.0000000000000000000, -0.0000000000000000000, -1.000000000000000000 ) ) ;
#4461 = EDGE_LOOP ( 'NONE', ( #1091, #230, #2154, #3505, #6344, #2582, #8357, #2871 ) ) ;
#4462 = ORIENTED_EDGE ( 'NONE', *, *, #6946, .F. ) ;
#4463 = CARTESIAN_POINT ( 'NONE',  ( -4.749999999999997300, 4.650000000000002100, 12.40000000000000400 ) ) ;
#4464 = CARTESIAN_POINT ( 'NONE',  ( 8.000000000000000000, 4.100000000000000500, 0.0000000000000000000 ) ) ;
#4465 = ADVANCED_FACE ( 'NONE', ( #3473 ), #7771, .F. ) ;
#4466 = LINE ( 'NONE', #3785, #7615 ) ;
#4467 = ORIENTED_EDGE ( 'NONE', *, *, #2046, .F. ) ;
#4468 = EDGE_CURVE ( 'NONE', #3002, #2551, #1675, .T. ) ;
#4469 = VECTOR ( 'NONE', #1532, 1000.000000000000000 ) ;
#4470 = ORIENTED_EDGE ( 'NONE', *, *, #6601, .F. ) ;
#4471 = ORIENTED_EDGE ( 'NONE', *, *, #1560, .T. ) ;
#4472 = ORIENTED_EDGE ( 'NONE', *, *, #3143, .F. ) ;
#4473 = ORIENTED_EDGE ( 'NONE', *, *, #3791, .F. ) ;
#4474 = VERTEX_POINT ( 'NONE', #5719 ) ;
#4475 = UNCERTAINTY_MEASURE_WITH_UNIT (LENGTH_MEASURE( 1.000000000000000100E-005 ), #6237, 'distance_accuracy_value', 'NONE');
#4476 = PRESENTATION_LAYER_ASSIGNMENT (  '', '', ( #3283 ) ) ;
#4477 = EDGE_CURVE ( 'NONE', #5865, #8360, #4017, .T. ) ;
#4478 = VECTOR ( 'NONE', #1259, 1000.000000000000000 ) ;
#4479 = ORIENTED_EDGE ( 'NONE', *, *, #418, .T. ) ;
#4480 = CYLINDRICAL_SURFACE ( 'NONE', #8104, 1.249999999999997600 ) ;
#4481 = ORIENTED_EDGE ( 'NONE', *, *, #7967, .F. ) ;
#4482 = VERTEX_POINT ( 'NONE', #8439 ) ;
#4483 = CARTESIAN_POINT ( 'NONE',  ( -35.80000000000000400, 0.0000000000000000000, -13.54999999999999900 ) ) ;
#4484 = PLANE ( 'NONE',  #6299 ) ;
#4485 = DIRECTION ( 'NONE',  ( -0.0000000000000000000, 1.000000000000000000, -0.0000000000000000000 ) ) ;
#4486 = PRESENTATION_STYLE_ASSIGNMENT (( #3512 ) ) ;
#4487 = VECTOR ( 'NONE', #3246, 1000.000000000000000 ) ;
#4488 = VERTEX_POINT ( 'NONE', #5030 ) ;
#4489 = VERTEX_POINT ( 'NONE', #4455 ) ;
#4490 = AXIS2_PLACEMENT_3D ( 'NONE', #2632, #8006, #1281 ) ;
#4491 = CARTESIAN_POINT ( 'NONE',  ( -39.90000000000000600, 4.100000000000000500, -10.68014882866898500 ) ) ;
#4492 = EDGE_CURVE ( 'NONE', #2657, #2137, #1580, .T. ) ;
#4493 = CARTESIAN_POINT ( 'NONE',  ( 35.79999999999999000, 0.0000000000000000000, 13.55000000000000200 ) ) ;
#4494 = CARTESIAN_POINT ( 'NONE',  ( 34.75000000000001400, 2.500000000000000000, 16.54999999999998600 ) ) ;
#4495 = DIRECTION ( 'NONE',  ( 0.0000000000000000000, 0.0000000000000000000, 1.000000000000000000 ) ) ;
#4496 = LINE ( 'NONE', #3706, #7647 ) ;
#4497 = LINE ( 'NONE', #1672, #932 ) ;
#4498 = ORIENTED_EDGE ( 'NONE', *, *, #669, .T. ) ;
#4499 = CARTESIAN_POINT ( 'NONE',  ( 34.89999999999999100, 7.299999999999999800, 5.800000000000006900 ) ) ;
#4500 = VERTEX_POINT ( 'NONE', #2445 ) ;
#4501 = ADVANCED_FACE ( 'NONE', ( #2203 ), #2325, .T. ) ;
#4502 = CARTESIAN_POINT ( 'NONE',  ( -34.90000000000000600, 7.299999999999999800, -12.50000000000000400 ) ) ;
#4503 = EDGE_CURVE ( 'NONE', #1617, #8396, #5250, .T. ) ;
#4504 = EDGE_CURVE ( 'NONE', #1722, #7740, #7783, .T. ) ;
#4505 = DIRECTION ( 'NONE',  ( -0.3420201433256627200, 0.0000000000000000000, 0.9396926207859106500 ) ) ;
#4506 = PLANE ( 'NONE',  #4993 ) ;
#4507 = LINE ( 'NONE', #4982, #5242 ) ;
#4508 = LINE ( 'NONE', #948, #939 ) ;
#4509 = CARTESIAN_POINT ( 'NONE',  ( 34.89999999999999900, 5.700000000000000200, -12.50000000000000400 ) ) ;
#4510 = CARTESIAN_POINT ( 'NONE',  ( 1.375000000000002900, 4.100000000000000500, 12.20000000000000300 ) ) ;
#4511 = ORIENTED_EDGE ( 'NONE', *, *, #2935, .F. ) ;
#4512 = AXIS2_PLACEMENT_3D ( 'NONE', #2365, #5032, #4325 ) ;
#4513 = DIRECTION ( 'NONE',  ( -1.000000000000000000, 0.0000000000000000000, 0.0000000000000000000 ) ) ;
#4514 = ORIENTED_EDGE ( 'NONE', *, *, #2967, .T. ) ;
#4515 = VECTOR ( 'NONE', #8292, 1000.000000000000000 ) ;
#4516 = LINE ( 'NONE', #3305, #8183 ) ;
#4517 = CARTESIAN_POINT ( 'NONE',  ( -7.249999999999997300, -4.699999999999997500, 12.80000000000000200 ) ) ;
#4518 = DIRECTION ( 'NONE',  ( 1.000000000000000000, -0.0000000000000000000, -0.0000000000000000000 ) ) ;
#4519 = AXIS2_PLACEMENT_3D ( 'NONE', #8330, #1720, #8477 ) ;
#4520 = DIRECTION ( 'NONE',  ( -0.0000000000000000000, 1.000000000000000000, -0.0000000000000000000 ) ) ;
#4521 = CARTESIAN_POINT ( 'NONE',  ( -7.374999999999998200, 5.400000000000000400, 12.50000000000000200 ) ) ;
#4522 = ORIENTED_EDGE ( 'NONE', *, *, #4296, .T. ) ;
#4523 = CARTESIAN_POINT ( 'NONE',  ( -3.374999999999997800, 5.700000000000000200, 12.50000000000000200 ) ) ;
#4524 = AXIS2_PLACEMENT_3D ( 'NONE', #4320, #261, #4956 ) ;
#4525 = FACE_OUTER_BOUND ( 'NONE', #1410, .T. ) ;
#4526 = CARTESIAN_POINT ( 'NONE',  ( 34.89999999999999900, 4.100000000000000500, -12.50000000000000400 ) ) ;
#4527 = EDGE_CURVE ( 'NONE', #1153, #4591, #7672, .T. ) ;
#4528 = VECTOR ( 'NONE', #4572, 1000.000000000000000 ) ;
#4529 = CARTESIAN_POINT ( 'NONE',  ( 34.89999999999999900, 4.100000000000000500, -12.50000000000000400 ) ) ;
#4530 = CARTESIAN_POINT ( 'NONE',  ( -6.624999999999999100, 5.700000000000000200, 11.25000000000000400 ) ) ;
#4531 = CYLINDRICAL_SURFACE ( 'NONE', #1298, 2.250000000000016000 ) ;
#4532 = ORIENTED_EDGE ( 'NONE', *, *, #6549, .T. ) ;
#4533 = CARTESIAN_POINT ( 'NONE',  ( -32.50000000000000000, 2.500000000000000000, -18.80000000000000800 ) ) ;
#4534 = ORIENTED_EDGE ( 'NONE', *, *, #2777, .F. ) ;
#4535 = CARTESIAN_POINT ( 'NONE',  ( 32.50000000000000700, 2.500000000000000000, 16.54999999999998600 ) ) ;
#4536 = DIRECTION ( 'NONE',  ( 1.000000000000000000, 0.0000000000000000000, -0.0000000000000000000 ) ) ;
#4537 = ADVANCED_FACE ( 'NONE', ( #1172 ), #5217, .F. ) ;
#4538 = AXIS2_PLACEMENT_3D ( 'NONE', #7592, #6875, #8118 ) ;
#4539 = EDGE_CURVE ( 'NONE', #3144, #414, #5782, .T. ) ;
#4540 = EDGE_CURVE ( 'NONE', #8185, #749, #8081, .T. ) ;
#4541 = DIRECTION ( 'NONE',  ( 0.0000000000000000000, 1.000000000000000000, 0.0000000000000000000 ) ) ;
#4542 = CARTESIAN_POINT ( 'NONE',  ( -3.374999999999997800, 5.700000000000000200, 11.25000000000000400 ) ) ;
#4543 = LINE ( 'NONE', #725, #4146 ) ;
#4544 = EDGE_LOOP ( 'NONE', ( #643, #5937, #3431, #2469, #5713, #3901, #2157, #1851 ) ) ;
#4545 = SURFACE_STYLE_FILL_AREA ( #8487 ) ;
#4546 =( LENGTH_UNIT ( ) NAMED_UNIT ( * ) SI_UNIT ( .MILLI., .METRE. ) );
#4547 = EDGE_CURVE ( 'NONE', #4060, #1153, #455, .T. ) ;
#4548 = FACE_OUTER_BOUND ( 'NONE', #2970, .T. ) ;
#4549 = CYLINDRICAL_SURFACE ( 'NONE', #3698, 0.09999999999999939500 ) ;
#4550 = VERTEX_POINT ( 'NONE', #7900 ) ;
#4551 = AXIS2_PLACEMENT_3D ( 'NONE', #4840, #845, #1504 ) ;
#4552 = CARTESIAN_POINT ( 'NONE',  ( 0.0000000000000000000, 4.100000000000000500, 0.0000000000000000000 ) ) ;
#4553 = DIRECTION ( 'NONE',  ( 0.0000000000000000000, 1.000000000000000000, 0.0000000000000000000 ) ) ;
#4554 = VECTOR ( 'NONE', #7496, 1000.000000000000000 ) ;
#4555 = DIRECTION ( 'NONE',  ( -1.000000000000000000, 0.0000000000000000000, 0.0000000000000000000 ) ) ;
#4556 = VERTEX_POINT ( 'NONE', #1206 ) ;
#4557 = ORIENTED_EDGE ( 'NONE', *, *, #2631, .T. ) ;
#4558 = VECTOR ( 'NONE', #1065, 1000.000000000000000 ) ;
#4559 = VERTEX_POINT ( 'NONE', #2481 ) ;
#4560 = EDGE_CURVE ( 'NONE', #1329, #7392, #5575, .T. ) ;
#4561 = CIRCLE ( 'NONE', #3647, 0.09999999999999939500 ) ;
#4562 = VERTEX_POINT ( 'NONE', #8507 ) ;
#4563 = CARTESIAN_POINT ( 'NONE',  ( 1.374999999999985600, 4.100000000000000500, 9.194034422677102800E-015 ) ) ;
#4564 = CARTESIAN_POINT ( 'NONE',  ( -3.999999999999999100, 5.400000000000000400, 7.050000000000003400 ) ) ;
#4565 = VECTOR ( 'NONE', #2014, 1000.000000000000000 ) ;
#4566 = ORIENTED_EDGE ( 'NONE', *, *, #854, .F. ) ;
#4567 = VERTEX_POINT ( 'NONE', #4603 ) ;
#4568 = ORIENTED_EDGE ( 'NONE', *, *, #8206, .F. ) ;
#4569 = ORIENTED_EDGE ( 'NONE', *, *, #7057, .F. ) ;
#4570 = ADVANCED_FACE ( 'NONE', ( #1575 ), #1245, .F. ) ;
#4571 = DIRECTION ( 'NONE',  ( 0.0000000000000000000, 1.000000000000000000, -0.0000000000000000000 ) ) ;
#4572 = DIRECTION ( 'NONE',  ( -1.000000000000000000, -0.0000000000000000000, -0.0000000000000000000 ) ) ;
#4573 = LINE ( 'NONE', #8423, #8646 ) ;
#4574 = CIRCLE ( 'NONE', #3975, 0.8999999999999980200 ) ;
#4575 = ORIENTED_EDGE ( 'NONE', *, *, #2064, .F. ) ;
#4576 = ORIENTED_EDGE ( 'NONE', *, *, #3649, .T. ) ;
#4577 = DIRECTION ( 'NONE',  ( -0.0000000000000000000, 1.000000000000000000, -0.0000000000000000000 ) ) ;
#4578 = VECTOR ( 'NONE', #8403, 1000.000000000000000 ) ;
#4579 = VERTEX_POINT ( 'NONE', #4491 ) ;
#4580 = ORIENTED_EDGE ( 'NONE', *, *, #6385, .T. ) ;
#4581 = ORIENTED_EDGE ( 'NONE', *, *, #6172, .T. ) ;
#4582 = ADVANCED_FACE ( 'NONE', ( #2618 ), #5182, .F. ) ;
#4583 = STYLED_ITEM ( 'NONE', ( #4776 ), #8235 ) ;
#4584 = DIRECTION ( 'NONE',  ( 0.0000000000000000000, -1.000000000000000000, 0.0000000000000000000 ) ) ;
#4585 = VERTEX_POINT ( 'NONE', #7882 ) ;
#4586 = VECTOR ( 'NONE', #362, 1000.000000000000000 ) ;
#4587 = VECTOR ( 'NONE', #4002, 1000.000000000000000 ) ;
#4588 = ORIENTED_EDGE ( 'NONE', *, *, #3855, .T. ) ;
#4589 = SURFACE_STYLE_FILL_AREA ( #3509 ) ;
#4590 = ORIENTED_EDGE ( 'NONE', *, *, #1930, .F. ) ;
#4591 = VERTEX_POINT ( 'NONE', #2593 ) ;
#4592 = EDGE_CURVE ( 'NONE', #2252, #1920, #6300, .T. ) ;
#4593 = DIRECTION ( 'NONE',  ( 0.0000000000000000000, 1.000000000000000000, 0.0000000000000000000 ) ) ;
#4594 = EDGE_CURVE ( 'NONE', #636, #3544, #863, .T. ) ;
#4595 = LINE ( 'NONE', #6966, #1555 ) ;
#4596 = VECTOR ( 'NONE', #3185, 1000.000000000000000 ) ;
#4597 = EDGE_LOOP ( 'NONE', ( #3492, #6047, #7541, #8366, #1859, #4607, #5190, #5797 ) ) ;
#4598 = ORIENTED_EDGE ( 'NONE', *, *, #7054, .T. ) ;
#4599 = CARTESIAN_POINT ( 'NONE',  ( -34.40000000000000600, 5.700000000000002800, -0.2499999999999985000 ) ) ;
#4600 = CARTESIAN_POINT ( 'NONE',  ( 32.50000000000000000, 2.500000000000000000, -16.54999999999999700 ) ) ;
#4601 = CARTESIAN_POINT ( 'NONE',  ( -34.90000000000000600, 7.100000000000008500, -12.50000000000000400 ) ) ;
#4602 = DIRECTION ( 'NONE',  ( -0.0000000000000000000, -1.000000000000000000, -0.0000000000000000000 ) ) ;
#4603 = CARTESIAN_POINT ( 'NONE',  ( -3.374999999999997800, 4.100000000000000500, 11.25000000000000400 ) ) ;
#4604 = CYLINDRICAL_SURFACE ( 'NONE', #2317, 1.249999999999997600 ) ;
#4605 = VECTOR ( 'NONE', #1815, 1000.000000000000000 ) ;
#4606 = EDGE_CURVE ( 'NONE', #5568, #6248, #6585, .T. ) ;
#4607 = ORIENTED_EDGE ( 'NONE', *, *, #6602, .T. ) ;
#4608 = VERTEX_POINT ( 'NONE', #1271 ) ;
#4609 = EDGE_CURVE ( 'NONE', #7338, #3544, #3579, .T. ) ;
#4610 = AXIS2_PLACEMENT_3D ( 'NONE', #5338, #3407, #6019 ) ;
#4611 = VECTOR ( 'NONE', #1944, 1000.000000000000000 ) ;
#4612 = FACE_OUTER_BOUND ( 'NONE', #2938, .T. ) ;
#4613 = VERTEX_POINT ( 'NONE', #68 ) ;
#4614 = EDGE_CURVE ( 'NONE', #5648, #5102, #7985, .T. ) ;
#4615 = CARTESIAN_POINT ( 'NONE',  ( -34.89999999999999900, 0.8999999999999980200, -12.50000000000000400 ) ) ;
#4616 = DIRECTION ( 'NONE',  ( -1.000000000000000000, 0.0000000000000000000, 1.084202172485504400E-016 ) ) ;
#4617 = VECTOR ( 'NONE', #6221, 1000.000000000000000 ) ;
#4618 = FACE_OUTER_BOUND ( 'NONE', #4348, .T. ) ;
#4619 = ORIENTED_EDGE ( 'NONE', *, *, #3941, .T. ) ;
#4620 = ORIENTED_EDGE ( 'NONE', *, *, #6697, .F. ) ;
#4621 = ADVANCED_FACE ( 'NONE', ( #1480 ), #4848, .F. ) ;
#4622 = CARTESIAN_POINT ( 'NONE',  ( 34.89999999999999900, 7.299999999999999800, -12.50000000000000400 ) ) ;
#4623 = DIRECTION ( 'NONE',  ( 0.0000000000000000000, 1.000000000000000000, 0.0000000000000000000 ) ) ;
#4624 = PLANE ( 'NONE',  #493 ) ;
#4625 = DIRECTION ( 'NONE',  ( -0.0000000000000000000, 1.000000000000000000, -3.710638451287287400E-016 ) ) ;
#4626 = DIRECTION ( 'NONE',  ( 1.000000000000000000, -0.0000000000000000000, -0.0000000000000000000 ) ) ;
#4627 = VECTOR ( 'NONE', #740, 1000.000000000000000 ) ;
#4628 = LINE ( 'NONE', #3309, #6200 ) ;
#4629 = ORIENTED_EDGE ( 'NONE', *, *, #6322, .T. ) ;
#4630 = STYLED_ITEM ( 'NONE', ( #5276 ), #1361 ) ;
#4631 = PLANE ( 'NONE',  #3998 ) ;
#4632 = CARTESIAN_POINT ( 'NONE',  ( 0.0000000000000000000, 7.299999999999999800, -12.30000000000000600 ) ) ;
#4633 = EDGE_CURVE ( 'NONE', #3653, #6353, #3154, .T. ) ;
#4634 = FACE_OUTER_BOUND ( 'NONE', #2842, .T. ) ;
#4635 = EDGE_CURVE ( 'NONE', #4850, #2776, #7775, .T. ) ;
#4636 = CARTESIAN_POINT ( 'NONE',  ( -1.249999999999997600, -4.699999999999999300, 12.50000000000000200 ) ) ;
#4637 = CARTESIAN_POINT ( 'NONE',  ( -34.40000000000000600, 5.700000000000000200, -7.449999999999998400 ) ) ;
#4638 = CIRCLE ( 'NONE', #5885, 1.250000000000004700 ) ;
#4639 = DIRECTION ( 'NONE',  ( -0.9396926207859082100, 0.0000000000000000000, 0.3420201433256693800 ) ) ;
#4640 = ORIENTED_EDGE ( 'NONE', *, *, #6205, .F. ) ;
#4641 = CARTESIAN_POINT ( 'NONE',  ( 2.750000000000002700, -4.699999999999997500, 12.80000000000000200 ) ) ;
#4642 = DIRECTION ( 'NONE',  ( -0.0000000000000000000, -1.000000000000000000, -0.0000000000000000000 ) ) ;
#4643 = CARTESIAN_POINT ( 'NONE',  ( -32.49999999999999300, 2.500000000000000000, 16.55000000000000400 ) ) ;
#4644 = DIRECTION ( 'NONE',  ( 0.0000000000000000000, 0.0000000000000000000, 1.000000000000000000 ) ) ;
#4645 = AXIS2_PLACEMENT_3D ( 'NONE', #5983, #6070, #587 ) ;
#4646 = DIRECTION ( 'NONE',  ( 0.0000000000000000000, 0.0000000000000000000, 1.000000000000000000 ) ) ;
#4647 = DIRECTION ( 'NONE',  ( 1.387778780781446500E-015, 0.0000000000000000000, 1.000000000000000000 ) ) ;
#4648 = CIRCLE ( 'NONE', #889, 1.750000000000000700 ) ;
#4649 = EDGE_CURVE ( 'NONE', #4176, #4357, #8190, .T. ) ;
#4650 = ORIENTED_EDGE ( 'NONE', *, *, #2394, .T. ) ;
#4651 = EDGE_LOOP ( 'NONE', ( #1502, #275, #1636, #610 ) ) ;
#4652 = ORIENTED_EDGE ( 'NONE', *, *, #134, .T. ) ;
#4653 = EDGE_CURVE ( 'NONE', #6406, #4367, #4942, .T. ) ;
#4654 = DIRECTION ( 'NONE',  ( -0.0000000000000000000, -1.000000000000000000, -0.0000000000000000000 ) ) ;
#4655 = DIRECTION ( 'NONE',  ( 0.0000000000000000000, 0.0000000000000000000, 1.000000000000000000 ) ) ;
#4656 =( NAMED_UNIT ( * ) PLANE_ANGLE_UNIT ( ) SI_UNIT ( $, .RADIAN. ) );
#4657 = LINE ( 'NONE', #702, #4884 ) ;
#4658 = EDGE_CURVE ( 'NONE', #2776, #4474, #8197, .T. ) ;
#4659 = VECTOR ( 'NONE', #4975, 1000.000000000000000 ) ;
#4660 = ORIENTED_EDGE ( 'NONE', *, *, #415, .F. ) ;
#4661 = PLANE ( 'NONE',  #1488 ) ;
#4662 = DIRECTION ( 'NONE',  ( 1.387778780781446900E-015, 0.0000000000000000000, 1.000000000000000000 ) ) ;
#4663 = EDGE_CURVE ( 'NONE', #7931, #5116, #6815, .T. ) ;
#4664 = ADVANCED_FACE ( 'NONE', ( #6395 ), #5382, .F. ) ;
#4665 = LINE ( 'NONE', #8338, #2031 ) ;
#4666 = ORIENTED_EDGE ( 'NONE', *, *, #345, .T. ) ;
#4667 = AXIS2_PLACEMENT_3D ( 'NONE', #5818, #3799, #5739 ) ;
#4668 = COLOUR_RGB ( '',0.2509803921568627400, 0.2509803921568627400, 0.2509803921568627400 ) ;
#4669 = ORIENTED_EDGE ( 'NONE', *, *, #2622, .F. ) ;
#4670 = EDGE_LOOP ( 'NONE', ( #7459, #5419, #5631, #695 ) ) ;
#4671 = CARTESIAN_POINT ( 'NONE',  ( 2.750000000000002700, 4.750000000000000900, 12.20000000000000300 ) ) ;
#4672 = VECTOR ( 'NONE', #5814, 1000.000000000000000 ) ;
#4673 =( GEOMETRIC_REPRESENTATION_CONTEXT ( 3 ) GLOBAL_UNCERTAINTY_ASSIGNED_CONTEXT ( ( #4232 ) ) GLOBAL_UNIT_ASSIGNED_CONTEXT ( ( #3352, #5435, #6769 ) ) REPRESENTATION_CONTEXT ( 'NONE', 'WORKASPACE' ) );
#4674 = VERTEX_POINT ( 'NONE', #6624 ) ;
#4675 = VECTOR ( 'NONE', #3828, 1000.000000000000000 ) ;
#4676 = EDGE_LOOP ( 'NONE', ( #2349, #1444, #7413, #1616 ) ) ;
#4677 = EDGE_LOOP ( 'NONE', ( #3357, #7848, #8297, #8231 ) ) ;
#4678 = VERTEX_POINT ( 'NONE', #7318 ) ;
#4679 = CARTESIAN_POINT ( 'NONE',  ( -34.90000000000000600, 4.100000000000000500, -7.649999999999996800 ) ) ;
#4680 = DIRECTION ( 'NONE',  ( 1.000000000000000000, -0.0000000000000000000, -0.0000000000000000000 ) ) ;
#4681 = ORIENTED_EDGE ( 'NONE', *, *, #4134, .F. ) ;
#4682 = DIRECTION ( 'NONE',  ( -0.0000000000000000000, -1.000000000000000000, -0.0000000000000000000 ) ) ;
#4683 = PRESENTATION_LAYER_ASSIGNMENT (  '', '', ( #1534 ) ) ;
#4684 = CARTESIAN_POINT ( 'NONE',  ( -34.90000000000000600, 0.9000000000000000200, -12.50000000000000400 ) ) ;
#4685 = CARTESIAN_POINT ( 'NONE',  ( 7.250000000000002700, 5.049999999999998000, 12.40000000000000400 ) ) ;
#4686 = LINE ( 'NONE', #5136, #4909 ) ;
#4687 = FACE_OUTER_BOUND ( 'NONE', #5984, .T. ) ;
#4688 = ORIENTED_EDGE ( 'NONE', *, *, #928, .T. ) ;
#4689 = ORIENTED_EDGE ( 'NONE', *, *, #6078, .F. ) ;
#4690 = CARTESIAN_POINT ( 'NONE',  ( 28.52499999999999500, 7.299999999999999800, -10.80000000000001000 ) ) ;
#4691 = VECTOR ( 'NONE', #7517, 1000.000000000000000 ) ;
#4692 = ORIENTED_EDGE ( 'NONE', *, *, #2278, .T. ) ;
#4693 = DIRECTION ( 'NONE',  ( 1.000000000000000000, 0.0000000000000000000, -0.0000000000000000000 ) ) ;
#4694 = ORIENTED_EDGE ( 'NONE', *, *, #1013, .F. ) ;
#4695 = ORIENTED_EDGE ( 'NONE', *, *, #1489, .T. ) ;
#4696 = ORIENTED_EDGE ( 'NONE', *, *, #354, .F. ) ;
#4697 = CARTESIAN_POINT ( 'NONE',  ( -4.624999999999997300, 4.100000000000000500, 12.20000000000000300 ) ) ;
#4698 = FILL_AREA_STYLE ('',( #2650 ) ) ;
#4699 = PLANE ( 'NONE',  #3226 ) ;
#4700 = VECTOR ( 'NONE', #7562, 1000.000000000000000 ) ;
#4701 = VECTOR ( 'NONE', #8484, 1000.000000000000000 ) ;
#4702 = VERTEX_POINT ( 'NONE', #46 ) ;
#4703 = EDGE_LOOP ( 'NONE', ( #5400, #7855, #4660, #7402 ) ) ;
#4704 = ADVANCED_FACE ( 'NONE', ( #5055 ), #6075, .T. ) ;
#4705 = CARTESIAN_POINT ( 'NONE',  ( 2.000000000000000000, 5.700000000000000200, 11.25000000000000400 ) ) ;
#4706 = CIRCLE ( 'NONE', #7328, 0.3999999999999958600 ) ;
#4707 = VECTOR ( 'NONE', #8370, 1000.000000000000000 ) ;
#4708 = EDGE_LOOP ( 'NONE', ( #8329, #8253, #5038, #2245, #1301, #8312, #6703, #2359 ) ) ;
#4709 = ORIENTED_EDGE ( 'NONE', *, *, #6997, .F. ) ;
#4710 = CARTESIAN_POINT ( 'NONE',  ( -1.374999999999997800, 5.400000000000000400, 11.25000000000000400 ) ) ;
#4711 = DIRECTION ( 'NONE',  ( 0.0000000000000000000, -0.0000000000000000000, 1.000000000000000000 ) ) ;
#4712 = CARTESIAN_POINT ( 'NONE',  ( -32.49999999999999300, 2.500000000000000000, 16.55000000000000400 ) ) ;
#4713 = EDGE_CURVE ( 'NONE', #8364, #5779, #851, .T. ) ;
#4714 = DIRECTION ( 'NONE',  ( 0.0000000000000000000, -1.000000000000000000, 0.0000000000000000000 ) ) ;
#4715 = ORIENTED_EDGE ( 'NONE', *, *, #3440, .T. ) ;
#4716 = ORIENTED_EDGE ( 'NONE', *, *, #3482, .T. ) ;
#4717 = SURFACE_STYLE_FILL_AREA ( #91 ) ;
#4718 = VECTOR ( 'NONE', #254, 1000.000000000000000 ) ;
#4719 = PLANE ( 'NONE',  #7951 ) ;
#4720 = ORIENTED_EDGE ( 'NONE', *, *, #8428, .T. ) ;
#4721 = DIRECTION ( 'NONE',  ( -0.0000000000000000000, 0.0000000000000000000, 1.000000000000000000 ) ) ;
#4722 = ORIENTED_EDGE ( 'NONE', *, *, #4994, .T. ) ;
#4723 = CARTESIAN_POINT ( 'NONE',  ( 7.375000000000001800, 5.700000000000000200, 11.25000000000000400 ) ) ;
#4724 = CARTESIAN_POINT ( 'NONE',  ( -6.749999999999997300, 4.650000000000002100, 12.79999999999999900 ) ) ;
#4725 = EDGE_CURVE ( 'NONE', #3640, #1244, #4628, .T. ) ;
#4726 = LINE ( 'NONE', #7701, #4515 ) ;
#4727 = CARTESIAN_POINT ( 'NONE',  ( 6.750000000000002700, 5.049999999999998000, 12.40000000000000400 ) ) ;
#4728 = EDGE_CURVE ( 'NONE', #8242, #817, #8408, .T. ) ;
#4729 = MECHANICAL_DESIGN_GEOMETRIC_PRESENTATION_REPRESENTATION (  '', ( #8207 ), #3370 ) ;
#4730 = DIRECTION ( 'NONE',  ( -0.0000000000000000000, 1.000000000000000000, -0.0000000000000000000 ) ) ;
#4731 = ORIENTED_EDGE ( 'NONE', *, *, #8528, .F. ) ;
#4732 = DIRECTION ( 'NONE',  ( 1.000000000000000000, 0.0000000000000000000, -1.206764157201257300E-016 ) ) ;
#4733 = CYLINDRICAL_SURFACE ( 'NONE', #6339, 1.200000000000000200 ) ;
#4734 = CARTESIAN_POINT ( 'NONE',  ( -34.90000000000000600, 4.350000000000000500, -12.50000000000000400 ) ) ;
#4735 = LINE ( 'NONE', #7749, #6921 ) ;
#4736 = EDGE_CURVE ( 'NONE', #6797, #3531, #4425, .T. ) ;
#4737 = DIRECTION ( 'NONE',  ( -1.000000000000000000, 0.0000000000000000000, 0.0000000000000000000 ) ) ;
#4738 = ORIENTED_EDGE ( 'NONE', *, *, #600, .F. ) ;
#4739 = DIRECTION ( 'NONE',  ( 0.0000000000000000000, -0.0000000000000000000, 1.000000000000000000 ) ) ;
#4740 = EDGE_LOOP ( 'NONE', ( #6823, #1408, #3191, #6155 ) ) ;
#4741 = DIRECTION ( 'NONE',  ( 1.000000000000000000, 0.0000000000000000000, 0.0000000000000000000 ) ) ;
#4742 = AXIS2_PLACEMENT_3D ( 'NONE', #5160, #404, #5876 ) ;
#4743 = VECTOR ( 'NONE', #202, 1000.000000000000000 ) ;
#4744 = SURFACE_SIDE_STYLE ('',( #8187 ) ) ;
#4745 = DIRECTION ( 'NONE',  ( 0.0000000000000000000, 0.0000000000000000000, 1.000000000000000000 ) ) ;
#4746 = ORIENTED_EDGE ( 'NONE', *, *, #5336, .T. ) ;
#4747 = UNCERTAINTY_MEASURE_WITH_UNIT (LENGTH_MEASURE( 1.000000000000000100E-005 ), #7071, 'distance_accuracy_value', 'NONE');
#4748 = CARTESIAN_POINT ( 'NONE',  ( -5.249999999999997300, 5.049999999999999800, 12.20000000000000300 ) ) ;
#4749 = DIRECTION ( 'NONE',  ( 1.000000000000000000, 0.0000000000000000000, -0.0000000000000000000 ) ) ;
#4750 = ADVANCED_FACE ( 'NONE', ( #8400 ), #2070, .F. ) ;
#4751 = DIRECTION ( 'NONE',  ( 1.000000000000000000, 0.0000000000000000000, -0.0000000000000000000 ) ) ;
#4752 = FACE_OUTER_BOUND ( 'NONE', #5426, .T. ) ;
#4753 = EDGE_LOOP ( 'NONE', ( #7460, #4913, #1300, #6303, #1604, #8085, #7565, #89 ) ) ;
#4754 = AXIS2_PLACEMENT_3D ( 'NONE', #2536, #7235, #7909 ) ;
#4755 = ORIENTED_EDGE ( 'NONE', *, *, #4040, .F. ) ;
#4756 = CARTESIAN_POINT ( 'NONE',  ( 34.89999999999999900, 4.100000000000000500, -12.50000000000000400 ) ) ;
#4757 = CARTESIAN_POINT ( 'NONE',  ( 4.000000000000000000, 5.700000000000000200, 0.0000000000000000000 ) ) ;
#4758 = DIRECTION ( 'NONE',  ( -0.0000000000000000000, 5.782411586589358800E-015, 1.000000000000000000 ) ) ;
#4759 = FACE_OUTER_BOUND ( 'NONE', #5000, .T. ) ;
#4760 = ORIENTED_EDGE ( 'NONE', *, *, #2068, .F. ) ;
#4761 = EDGE_CURVE ( 'NONE', #2596, #5206, #1473, .T. ) ;
#4762 = CARTESIAN_POINT ( 'NONE',  ( -32.49999999999999300, 2.500000000000000000, 16.55000000000000400 ) ) ;
#4763 = SURFACE_SIDE_STYLE ('',( #4717 ) ) ;
#4764 = VECTOR ( 'NONE', #5847, 1000.000000000000000 ) ;
#4765 = ADVANCED_FACE ( 'NONE', ( #1778 ), #3490, .F. ) ;
#4766 = CARTESIAN_POINT ( 'NONE',  ( -15.00000000000000000, 7.299999999999999800, 12.50000000000000200 ) ) ;
#4767 = FACE_OUTER_BOUND ( 'NONE', #1130, .T. ) ;
#4768 = ORIENTED_EDGE ( 'NONE', *, *, #3181, .F. ) ;
#4769 = ORIENTED_EDGE ( 'NONE', *, *, #2144, .F. ) ;
#4770 = DIRECTION ( 'NONE',  ( 1.000000000000000000, 0.0000000000000000000, -0.0000000000000000000 ) ) ;
#4771 = EDGE_CURVE ( 'NONE', #5886, #8360, #1274, .T. ) ;
#4772 = CARTESIAN_POINT ( 'NONE',  ( 0.7500000000000024400, 5.049999999999998000, 12.40000000000000400 ) ) ;
#4773 = CARTESIAN_POINT ( 'NONE',  ( 5.250000000000002700, 4.750000000000000900, 12.40000000000000400 ) ) ;
#4774 = LINE ( 'NONE', #6468, #1710 ) ;
#4775 = CARTESIAN_POINT ( 'NONE',  ( -35.80000000000000400, 7.299999999999999800, 13.55000000000000200 ) ) ;
#4776 = PRESENTATION_STYLE_ASSIGNMENT (( #223 ) ) ;
#4777 = ORIENTED_EDGE ( 'NONE', *, *, #2352, .F. ) ;
#4778 = EDGE_LOOP ( 'NONE', ( #3993, #1926, #5369, #6289 ) ) ;
#4779 = FACE_OUTER_BOUND ( 'NONE', #481, .T. ) ;
#4780 = DIRECTION ( 'NONE',  ( -1.000000000000000000, 0.0000000000000000000, -0.0000000000000000000 ) ) ;
#4781 = PLANE ( 'NONE',  #3053 ) ;
#4782 = CARTESIAN_POINT ( 'NONE',  ( -1.249999999999997600, -4.699999999999999300, 12.50000000000000200 ) ) ;
#4783 = EDGE_CURVE ( 'NONE', #8567, #1523, #229, .T. ) ;
#4784 = VECTOR ( 'NONE', #160, 1000.000000000000000 ) ;
#4785 = EDGE_LOOP ( 'NONE', ( #1159, #821, #2952, #7752 ) ) ;
#4786 = VERTEX_POINT ( 'NONE', #154 ) ;
#4787 = CARTESIAN_POINT ( 'NONE',  ( 4.750000000000002700, 5.049999999999999800, 12.20000000000000300 ) ) ;
#4788 = FACE_OUTER_BOUND ( 'NONE', #3849, .T. ) ;
#4789 = VERTEX_POINT ( 'NONE', #2098 ) ;
#4790 = ORIENTED_EDGE ( 'NONE', *, *, #4039, .T. ) ;
#4791 = EDGE_CURVE ( 'NONE', #5206, #536, #7786, .T. ) ;
#4792 = AXIS2_PLACEMENT_3D ( 'NONE', #7968, #4654, #5924 ) ;
#4793 = FACE_OUTER_BOUND ( 'NONE', #2213, .T. ) ;
#4794 = CYLINDRICAL_SURFACE ( 'NONE', #6617, 0.09999999999999939500 ) ;
#4795 = ORIENTED_EDGE ( 'NONE', *, *, #6423, .T. ) ;
#4796 = PLANE ( 'NONE',  #340 ) ;
#4797 = DIRECTION ( 'NONE',  ( 1.000000000000000000, 0.0000000000000000000, 1.807003620809164000E-016 ) ) ;
#4798 = ORIENTED_EDGE ( 'NONE', *, *, #8528, .T. ) ;
#4799 = LINE ( 'NONE', #8267, #2052 ) ;
#4800 = ORIENTED_EDGE ( 'NONE', *, *, #6521, .T. ) ;
#4801 = ORIENTED_EDGE ( 'NONE', *, *, #6309, .F. ) ;
#4802 = EDGE_LOOP ( 'NONE', ( #323, #7849, #6441, #5100 ) ) ;
#4803 = CARTESIAN_POINT ( 'NONE',  ( -34.80000000000000400, 5.700000000000002800, 0.9500000000000016200 ) ) ;
#4804 = DIRECTION ( 'NONE',  ( -1.000000000000000000, 0.0000000000000000000, -0.0000000000000000000 ) ) ;
#4805 = LINE ( 'NONE', #3688, #3007 ) ;
#4806 = DIRECTION ( 'NONE',  ( -0.0000000000000000000, -1.000000000000000000, -0.0000000000000000000 ) ) ;
#4807 = EDGE_LOOP ( 'NONE', ( #2035, #995, #7378, #5430 ) ) ;
#4808 = ADVANCED_FACE ( 'NONE', ( #4416 ), #4216, .F. ) ;
#4809 = LINE ( 'NONE', #8475, #5113 ) ;
#4810 = ORIENTED_EDGE ( 'NONE', *, *, #5877, .T. ) ;
#4811 = VERTEX_POINT ( 'NONE', #219 ) ;
#4812 = CARTESIAN_POINT ( 'NONE',  ( -34.70000000000001000, 7.299999999999999800, 0.0000000000000000000 ) ) ;
#4813 = PLANE ( 'NONE',  #6272 ) ;
#4814 = DIRECTION ( 'NONE',  ( 0.0000000000000000000, 8.673617379884013400E-015, -1.000000000000000000 ) ) ;
#4815 = CARTESIAN_POINT ( 'NONE',  ( -2.624999999999998700, 5.400000000000000400, 11.25000000000000400 ) ) ;
#4816 = CARTESIAN_POINT ( 'NONE',  ( -3.249999999999997800, 4.650000000000002100, 12.40000000000000400 ) ) ;
#4817 = FACE_OUTER_BOUND ( 'NONE', #3443, .T. ) ;
#4818 = FACE_OUTER_BOUND ( 'NONE', #7085, .T. ) ;
#4819 = DIRECTION ( 'NONE',  ( 0.0000000000000000000, 1.000000000000000000, -5.782411586589358800E-015 ) ) ;
#4820 = ADVANCED_FACE ( 'NONE', ( #4010 ), #6235, .F. ) ;
#4821 = AXIS2_PLACEMENT_3D ( 'NONE', #6615, #5325, #2709 ) ;
#4822 = DIRECTION ( 'NONE',  ( 1.000000000000000000, 0.0000000000000000000, -0.0000000000000000000 ) ) ;
#4823 = CARTESIAN_POINT ( 'NONE',  ( 35.79999999999999000, 7.299999999999999800, -13.54999999999999900 ) ) ;
#4824 = CARTESIAN_POINT ( 'NONE',  ( 4.750000000000002700, 4.650000000000002100, 12.40000000000000400 ) ) ;
#4825 = CARTESIAN_POINT ( 'NONE',  ( -5.374999999999998200, 5.400000000000000400, 11.25000000000000400 ) ) ;
#4826 = DIRECTION ( 'NONE',  ( 1.000000000000000000, -0.0000000000000000000, -0.0000000000000000000 ) ) ;
#4827 = LINE ( 'NONE', #1724, #5760 ) ;
#4828 = VECTOR ( 'NONE', #1158, 1000.000000000000000 ) ;
#4829 = ORIENTED_EDGE ( 'NONE', *, *, #4653, .T. ) ;
#4830 = ORIENTED_EDGE ( 'NONE', *, *, #5599, .F. ) ;
#4831 = DIRECTION ( 'NONE',  ( -1.000000000000000000, 0.0000000000000000000, 0.0000000000000000000 ) ) ;
#4832 = EDGE_CURVE ( 'NONE', #689, #1803, #2831, .T. ) ;
#4833 = PLANE ( 'NONE',  #571 ) ;
#4834 = AXIS2_PLACEMENT_3D ( 'NONE', #5397, #93, #6092 ) ;
#4835 = DIRECTION ( 'NONE',  ( -0.0000000000000000000, 0.0000000000000000000, -1.000000000000000000 ) ) ;
#4836 = VECTOR ( 'NONE', #4625, 1000.000000000000000 ) ;
#4837 = EDGE_CURVE ( 'NONE', #3971, #7778, #5346, .T. ) ;
#4838 = EDGE_CURVE ( 'NONE', #1903, #3884, #2607, .T. ) ;
#4839 = VERTEX_POINT ( 'NONE', #5642 ) ;
#4840 = CARTESIAN_POINT ( 'NONE',  ( 2.750000000000002700, 4.650000000000002100, 12.40000000000000400 ) ) ;
#4841 = ORIENTED_EDGE ( 'NONE', *, *, #8271, .T. ) ;
#4842 = FILL_AREA_STYLE_COLOUR ( '', #3803 ) ;
#4843 = CARTESIAN_POINT ( 'NONE',  ( -3.999999999999999100, 5.700000000000000200, 8.550000000000006000 ) ) ;
#4844 = DIRECTION ( 'NONE',  ( -1.000000000000000000, 0.0000000000000000000, 0.0000000000000000000 ) ) ;
#4845 = LINE ( 'NONE', #7794, #1620 ) ;
#4846 = ORIENTED_EDGE ( 'NONE', *, *, #4938, .T. ) ;
#4847 = PLANE ( 'NONE',  #2775 ) ;
#4848 = CYLINDRICAL_SURFACE ( 'NONE', #3717, 1.199999999999999700 ) ;
#4849 = VERTEX_POINT ( 'NONE', #1569 ) ;
#4850 = VERTEX_POINT ( 'NONE', #3693 ) ;
#4851 = EDGE_CURVE ( 'NONE', #5149, #1463, #5776, .T. ) ;
#4852 = DIRECTION ( 'NONE',  ( -0.0000000000000000000, 1.000000000000000000, -0.0000000000000000000 ) ) ;
#4853 = AXIS2_PLACEMENT_3D ( 'NONE', #4143, #4770, #2062 ) ;
#4854 = LINE ( 'NONE', #7574, #6393 ) ;
#4855 = VERTEX_POINT ( 'NONE', #6290 ) ;
#4856 = VECTOR ( 'NONE', #2736, 1000.000000000000000 ) ;
#4857 = ORIENTED_EDGE ( 'NONE', *, *, #4401, .F. ) ;
#4858 = AXIS2_PLACEMENT_3D ( 'NONE', #376, #1125, #3741 ) ;
#4859 = CARTESIAN_POINT ( 'NONE',  ( -6.749999999999997300, 4.650000000000002100, 12.79999999999999900 ) ) ;
#4860 = DIRECTION ( 'NONE',  ( 0.0000000000000000000, -1.000000000000000000, 0.0000000000000000000 ) ) ;
#4861 = CARTESIAN_POINT ( 'NONE',  ( -34.90000000000000600, 4.100000000000000500, 12.50000000000000200 ) ) ;
#4862 = FACE_OUTER_BOUND ( 'NONE', #4939, .T. ) ;
#4863 = ORIENTED_EDGE ( 'NONE', *, *, #1794, .F. ) ;
#4864 = PLANE ( 'NONE',  #4258 ) ;
#4865 = ADVANCED_FACE ( 'NONE', ( #4618 ), #4226, .F. ) ;
#4866 = AXIS2_PLACEMENT_3D ( 'NONE', #6576, #5273, #5969 ) ;
#4867 = EDGE_CURVE ( 'NONE', #4060, #8334, #5148, .T. ) ;
#4868 = DIRECTION ( 'NONE',  ( 0.0000000000000000000, 0.0000000000000000000, -1.000000000000000000 ) ) ;
#4869 = DIRECTION ( 'NONE',  ( 0.0000000000000000000, 1.000000000000000000, 0.0000000000000000000 ) ) ;
#4870 = LINE ( 'NONE', #3871, #2426 ) ;
#4871 = DIRECTION ( 'NONE',  ( -1.000000000000000000, 0.0000000000000000000, 0.0000000000000000000 ) ) ;
#4872 = CARTESIAN_POINT ( 'NONE',  ( -39.90000000000000600, 0.8999999999999980200, -10.68014882866898500 ) ) ;
#4873 = CARTESIAN_POINT ( 'NONE',  ( -3.374999999999997800, 5.400000000000000400, 11.25000000000000400 ) ) ;
#4874 = CARTESIAN_POINT ( 'NONE',  ( 0.0000000000000000000, 7.299999999999999800, 0.0000000000000000000 ) ) ;
#4875 = VERTEX_POINT ( 'NONE', #7610 ) ;
#4876 = ORIENTED_EDGE ( 'NONE', *, *, #3181, .T. ) ;
#4877 = PLANE ( 'NONE',  #3497 ) ;
#4878 = DIRECTION ( 'NONE',  ( 0.0000000000000000000, 0.0000000000000000000, -1.000000000000000000 ) ) ;
#4879 = VECTOR ( 'NONE', #4142, 1000.000000000000000 ) ;
#4880 = VERTEX_POINT ( 'NONE', #970 ) ;
#4881 = VERTEX_POINT ( 'NONE', #898 ) ;
#4882 = EDGE_LOOP ( 'NONE', ( #2173, #7530, #5681, #6396 ) ) ;
#4883 = CARTESIAN_POINT ( 'NONE',  ( -7.249999999999997300, 4.650000000000002100, 12.79999999999999900 ) ) ;
#4884 = VECTOR ( 'NONE', #7721, 1000.000000000000000 ) ;
#4885 = EDGE_CURVE ( 'NONE', #5865, #8123, #3804, .T. ) ;
#4886 = EDGE_CURVE ( 'NONE', #3144, #687, #7337, .T. ) ;
#4887 = FACE_OUTER_BOUND ( 'NONE', #7182, .T. ) ;
#4888 = ORIENTED_EDGE ( 'NONE', *, *, #6151, .F. ) ;
#4889 = DIRECTION ( 'NONE',  ( -0.0000000000000000000, 5.782411586589358800E-015, 1.000000000000000000 ) ) ;
#4890 = VECTOR ( 'NONE', #1572, 1000.000000000000000 ) ;
#4891 = ORIENTED_EDGE ( 'NONE', *, *, #7803, .T. ) ;
#4892 = LINE ( 'NONE', #8061, #1220 ) ;
#4893 = EDGE_LOOP ( 'NONE', ( #2328, #4405, #5277, #2608 ) ) ;
#4894 = ORIENTED_EDGE ( 'NONE', *, *, #2851, .F. ) ;
#4895 = CARTESIAN_POINT ( 'NONE',  ( -34.90000000000000600, 4.350000000000000500, 1.149999999999998100 ) ) ;
#4896 = EDGE_CURVE ( 'NONE', #4591, #4370, #18, .T. ) ;
#4897 = CARTESIAN_POINT ( 'NONE',  ( -3.249999999999997800, 4.650000000000002100, 12.79999999999999900 ) ) ;
#4898 = LINE ( 'NONE', #2937, #8133 ) ;
#4899 = ORIENTED_EDGE ( 'NONE', *, *, #272, .T. ) ;
#4900 = DIRECTION ( 'NONE',  ( 0.0000000000000000000, 0.0000000000000000000, 1.000000000000000000 ) ) ;
#4901 = LINE ( 'NONE', #3699, #4675 ) ;
#4902 = VERTEX_POINT ( 'NONE', #2205 ) ;
#4903 = ORIENTED_EDGE ( 'NONE', *, *, #6832, .T. ) ;
#4904 = EDGE_LOOP ( 'NONE', ( #5726, #5275, #2550, #3207 ) ) ;
#4905 = ORIENTED_EDGE ( 'NONE', *, *, #8309, .T. ) ;
#4906 = ADVANCED_FACE ( 'NONE', ( #3356 ), #2880, .F. ) ;
#4907 = CARTESIAN_POINT ( 'NONE',  ( 34.75000000000000700, 0.0000000000000000000, -16.54999999999999700 ) ) ;
#4908 = SURFACE_SIDE_STYLE ('',( #6523 ) ) ;
#4909 = VECTOR ( 'NONE', #1781, 1000.000000000000000 ) ;
#4910 = CIRCLE ( 'NONE', #6504, 1.200000000000000200 ) ;
#4911 = EDGE_CURVE ( 'NONE', #3051, #6719, #456, .T. ) ;
#4912 = VERTEX_POINT ( 'NONE', #952 ) ;
#4913 = ORIENTED_EDGE ( 'NONE', *, *, #8090, .F. ) ;
#4914 = VECTOR ( 'NONE', #7919, 1000.000000000000000 ) ;
#4915 = VERTEX_POINT ( 'NONE', #7645 ) ;
#4916 = VERTEX_POINT ( 'NONE', #2918 ) ;
#4917 = ORIENTED_EDGE ( 'NONE', *, *, #2013, .T. ) ;
#4918 = AXIS2_PLACEMENT_3D ( 'NONE', #339, #3050, #3020 ) ;
#4919 = CARTESIAN_POINT ( 'NONE',  ( 7.250000000000002700, 4.650000000000002100, 12.79999999999999900 ) ) ;
#4920 = DIRECTION ( 'NONE',  ( 0.0000000000000000000, 0.0000000000000000000, 1.000000000000000000 ) ) ;
#4921 = VECTOR ( 'NONE', #2323, 1000.000000000000000 ) ;
#4922 = ORIENTED_EDGE ( 'NONE', *, *, #8011, .F. ) ;
#4923 = CARTESIAN_POINT ( 'NONE',  ( 6.750000000000002700, -4.699999999999997500, 12.80000000000000200 ) ) ;
#4924 = CARTESIAN_POINT ( 'NONE',  ( -38.85000000000000900, 0.8999999999999980200, -6.750000000000000000 ) ) ;
#4925 = CYLINDRICAL_SURFACE ( 'NONE', #270, 0.3999999999999958600 ) ;
#4926 = EDGE_LOOP ( 'NONE', ( #542, #52, #3198, #7304 ) ) ;
#4927 = CARTESIAN_POINT ( 'NONE',  ( -34.75000000000000000, 2.500000000000000400, 13.55000000000000200 ) ) ;
#4928 = DIRECTION ( 'NONE',  ( 0.0000000000000000000, -1.000000000000000000, 0.0000000000000000000 ) ) ;
#4929 = AXIS2_PLACEMENT_3D ( 'NONE', #7190, #5897, #7150 ) ;
#4930 = DIRECTION ( 'NONE',  ( -1.387778780781446300E-015, 0.0000000000000000000, -1.000000000000000000 ) ) ;
#4931 = ORIENTED_EDGE ( 'NONE', *, *, #8131, .F. ) ;
#4932 = CARTESIAN_POINT ( 'NONE',  ( -5.249999999999997300, 5.049999999999998000, 12.40000000000000400 ) ) ;
#4933 = CARTESIAN_POINT ( 'NONE',  ( 34.75000000000001400, 0.0000000000000000000, 16.54999999999998600 ) ) ;
#4934 = ORIENTED_EDGE ( 'NONE', *, *, #1963, .F. ) ;
#4935 = LINE ( 'NONE', #8620, #1360 ) ;
#4936 = VECTOR ( 'NONE', #5666, 1000.000000000000000 ) ;
#4937 = AXIS2_PLACEMENT_3D ( 'NONE', #6622, #4626, #1375 ) ;
#4938 = EDGE_CURVE ( 'NONE', #7099, #4912, #236, .T. ) ;
#4939 = EDGE_LOOP ( 'NONE', ( #6880, #3635, #3472, #590 ) ) ;
#4940 = PLANE ( 'NONE',  #5373 ) ;
#4941 = VECTOR ( 'NONE', #35, 1000.000000000000000 ) ;
#4942 = LINE ( 'NONE', #8052, #642 ) ;
#4943 = DIRECTION ( 'NONE',  ( 1.000000000000000000, 0.0000000000000000000, -0.0000000000000000000 ) ) ;
#4944 = ORIENTED_EDGE ( 'NONE', *, *, #6601, .T. ) ;
#4945 = EDGE_LOOP ( 'NONE', ( #5105, #5179, #141, #1533 ) ) ;
#4946 = AXIS2_PLACEMENT_3D ( 'NONE', #5554, #4831, #8191 ) ;
#4947 = CARTESIAN_POINT ( 'NONE',  ( -2.749999999999997300, -4.699999999999999300, 12.50000000000000200 ) ) ;
#4948 = CARTESIAN_POINT ( 'NONE',  ( -39.90000000000000600, 4.100000000000000500, 0.0000000000000000000 ) ) ;
#4949 = EDGE_CURVE ( 'NONE', #5393, #4357, #5785, .T. ) ;
#4950 = CARTESIAN_POINT ( 'NONE',  ( -34.40000000000000600, 5.700000000000000200, -6.249999999999998200 ) ) ;
#4951 = CARTESIAN_POINT ( 'NONE',  ( -35.80000000000000400, 7.299999999999999800, 13.55000000000000200 ) ) ;
#4952 = FACE_OUTER_BOUND ( 'NONE', #3219, .T. ) ;
#4953 = DIRECTION ( 'NONE',  ( 1.000000000000000000, -0.0000000000000000000, -0.0000000000000000000 ) ) ;
#4954 = CARTESIAN_POINT ( 'NONE',  ( -0.6249999999999987800, 5.400000000000000400, 11.25000000000000400 ) ) ;
#4955 = DIRECTION ( 'NONE',  ( -1.000000000000000000, 0.0000000000000000000, -3.750753461571473500E-016 ) ) ;
#4956 = DIRECTION ( 'NONE',  ( 0.0000000000000000000, -0.0000000000000000000, -1.000000000000000000 ) ) ;
#4957 = EDGE_CURVE ( 'NONE', #7941, #4855, #4238, .T. ) ;
#4958 = DIRECTION ( 'NONE',  ( 1.000000000000000000, 0.0000000000000000000, 0.0000000000000000000 ) ) ;
#4959 = CARTESIAN_POINT ( 'NONE',  ( -28.97500000000000100, 7.000000000000000000, 4.299999999999996300 ) ) ;
#4960 = LINE ( 'NONE', #4155, #1280 ) ;
#4961 = EDGE_CURVE ( 'NONE', #5648, #6861, #7127, .T. ) ;
#4962 = CARTESIAN_POINT ( 'NONE',  ( 34.89999999999999900, -74.14202586927336800, 12.50000000000000200 ) ) ;
#4963 = AXIS2_PLACEMENT_3D ( 'NONE', #7192, #7153, #8503 ) ;
#4964 = DIRECTION ( 'NONE',  ( -0.0000000000000000000, 1.000000000000000000, -0.0000000000000000000 ) ) ;
#4965 = CARTESIAN_POINT ( 'NONE',  ( 6.000000000000000000, 5.700000000000000200, 0.0000000000000000000 ) ) ;
#4966 = VECTOR ( 'NONE', #338, 1000.000000000000000 ) ;
#4967 = VERTEX_POINT ( 'NONE', #7700 ) ;
#4968 = ADVANCED_FACE ( 'NONE', ( #2204 ), #3599, .F. ) ;
#4969 = SURFACE_SIDE_STYLE ('',( #7251 ) ) ;
#4970 = LINE ( 'NONE', #7441, #2316 ) ;
#4971 = ORIENTED_EDGE ( 'NONE', *, *, #58, .F. ) ;
#4972 = ORIENTED_EDGE ( 'NONE', *, *, #6640, .F. ) ;
#4973 = ORIENTED_EDGE ( 'NONE', *, *, #8110, .F. ) ;
#4974 = CARTESIAN_POINT ( 'NONE',  ( -1.249999999999997600, 5.049999999999998000, 12.40000000000000400 ) ) ;
#4975 = DIRECTION ( 'NONE',  ( 0.0000000000000000000, 0.0000000000000000000, 1.000000000000000000 ) ) ;
#4976 = CARTESIAN_POINT ( 'NONE',  ( -34.90000000000000600, 4.100000000000000500, 12.50000000000000200 ) ) ;
#4977 = CARTESIAN_POINT ( 'NONE',  ( -32.50000000000000000, 2.500000000000000000, -16.54999999999999700 ) ) ;
#4978 = CARTESIAN_POINT ( 'NONE',  ( 2.750000000000002700, 5.049999999999998000, 12.40000000000000400 ) ) ;
#4979 = SURFACE_STYLE_FILL_AREA ( #2431 ) ;
#4980 = AXIS2_PLACEMENT_3D ( 'NONE', #410, #320, #2280 ) ;
#4981 = ORIENTED_EDGE ( 'NONE', *, *, #17, .F. ) ;
#4982 = CARTESIAN_POINT ( 'NONE',  ( 30.27499999999999500, 7.000000000000000000, 2.549999999999989600 ) ) ;
#4983 = ORIENTED_EDGE ( 'NONE', *, *, #3944, .F. ) ;
#4984 = EDGE_LOOP ( 'NONE', ( #135, #420, #7571, #2246 ) ) ;
#4985 = CARTESIAN_POINT ( 'NONE',  ( -6.624999999999999100, 4.100000000000000500, 11.25000000000000400 ) ) ;
#4986 = LINE ( 'NONE', #7514, #8332 ) ;
#4987 = DIRECTION ( 'NONE',  ( 1.000000000000000000, -0.0000000000000000000, -0.0000000000000000000 ) ) ;
#4988 = DIRECTION ( 'NONE',  ( 1.000000000000000000, -0.0000000000000000000, -0.0000000000000000000 ) ) ;
#4989 = LINE ( 'NONE', #5177, #3189 ) ;
#4990 = ORIENTED_EDGE ( 'NONE', *, *, #7583, .T. ) ;
#4991 = FACE_OUTER_BOUND ( 'NONE', #4452, .T. ) ;
#4992 = DIRECTION ( 'NONE',  ( 0.0000000000000000000, 1.000000000000000000, -0.0000000000000000000 ) ) ;
#4993 = AXIS2_PLACEMENT_3D ( 'NONE', #512, #5888, #7180 ) ;
#4994 = EDGE_CURVE ( 'NONE', #6616, #3349, #1997, .T. ) ;
#4995 = EDGE_CURVE ( 'NONE', #3807, #7689, #4020, .T. ) ;
#4996 = CIRCLE ( 'NONE', #7262, 1.250000000000004700 ) ;
#4997 = ORIENTED_EDGE ( 'NONE', *, *, #5292, .F. ) ;
#4998 = VECTOR ( 'NONE', #1671, 1000.000000000000000 ) ;
#4999 = EDGE_LOOP ( 'NONE', ( #7579, #5335, #1798, #4669 ) ) ;
#5000 = EDGE_LOOP ( 'NONE', ( #2792, #6249, #1387, #7618 ) ) ;
#5001 = ORIENTED_EDGE ( 'NONE', *, *, #7561, .T. ) ;
#5002 = ORIENTED_EDGE ( 'NONE', *, *, #3367, .T. ) ;
#5003 = CARTESIAN_POINT ( 'NONE',  ( -38.85000000000000900, -17.31554944214035200, 0.2500000000000011100 ) ) ;
#5004 = DIRECTION ( 'NONE',  ( -1.000000000000000000, 0.0000000000000000000, 0.0000000000000000000 ) ) ;
#5005 = COLOUR_RGB ( '',0.7921568627450980000, 0.8196078431372548800, 0.9333333333333333500 ) ;
#5006 = VECTOR ( 'NONE', #605, 1000.000000000000000 ) ;
#5007 = ORIENTED_EDGE ( 'NONE', *, *, #5557, .F. ) ;
#5008 = ORIENTED_EDGE ( 'NONE', *, *, #7300, .T. ) ;
#5009 = DIRECTION ( 'NONE',  ( 0.0000000000000000000, 0.0000000000000000000, 1.000000000000000000 ) ) ;
#5010 = VERTEX_POINT ( 'NONE', #1821 ) ;
#5011 = VERTEX_POINT ( 'NONE', #2629 ) ;
#5012 = VERTEX_POINT ( 'NONE', #8440 ) ;
#5013 = EDGE_CURVE ( 'NONE', #5632, #897, #8079, .T. ) ;
#5014 = CARTESIAN_POINT ( 'NONE',  ( 7.375000000000001800, 5.400000000000000400, 11.25000000000000400 ) ) ;
#5015 = ADVANCED_FACE ( 'NONE', ( #5356 ), #4733, .F. ) ;
#5016 = DIRECTION ( 'NONE',  ( -0.0000000000000000000, 1.000000000000000000, -0.0000000000000000000 ) ) ;
#5017 = AXIS2_PLACEMENT_3D ( 'NONE', #2861, #6182, #3552 ) ;
#5018 = CYLINDRICAL_SURFACE ( 'NONE', #1558, 0.09999999999999939500 ) ;
#5019 = CIRCLE ( 'NONE', #7248, 1.200000000000000200 ) ;
#5020 = VERTEX_POINT ( 'NONE', #7993 ) ;
#5021 = ORIENTED_EDGE ( 'NONE', *, *, #7300, .F. ) ;
#5022 = ORIENTED_EDGE ( 'NONE', *, *, #2046, .T. ) ;
#5023 = UNCERTAINTY_MEASURE_WITH_UNIT (LENGTH_MEASURE( 1.000000000000000100E-005 ), #2149, 'distance_accuracy_value', 'NONE');
#5024 = CARTESIAN_POINT ( 'NONE',  ( -35.80000000000000400, 0.0000000000000000000, 13.55000000000000200 ) ) ;
#5025 = DIRECTION ( 'NONE',  ( 0.0000000000000000000, 0.0000000000000000000, 1.000000000000000000 ) ) ;
#5026 = EDGE_CURVE ( 'NONE', #2910, #3156, #2092, .T. ) ;
#5027 = LINE ( 'NONE', #1689, #2697 ) ;
#5028 = LINE ( 'NONE', #1179, #5123 ) ;
#5029 = VERTEX_POINT ( 'NONE', #4052 ) ;
#5030 = CARTESIAN_POINT ( 'NONE',  ( 7.250000000000002700, 4.750000000000000900, 12.20000000000000300 ) ) ;
#5031 = MECHANICAL_DESIGN_GEOMETRIC_PRESENTATION_REPRESENTATION (  '', ( #3686 ), #94 ) ;
#5032 = DIRECTION ( 'NONE',  ( 0.0000000000000000000, -0.0000000000000000000, 1.000000000000000000 ) ) ;
#5033 = ORIENTED_EDGE ( 'NONE', *, *, #5026, .F. ) ;
#5034 = DIRECTION ( 'NONE',  ( 0.0000000000000000000, 0.0000000000000000000, 1.000000000000000000 ) ) ;
#5035 = CARTESIAN_POINT ( 'NONE',  ( 6.000000000000000000, 4.100000000000000500, 11.25000000000000400 ) ) ;
#5036 = LINE ( 'NONE', #809, #3231 ) ;
#5037 = VECTOR ( 'NONE', #2573, 1000.000000000000000 ) ;
#5038 = ORIENTED_EDGE ( 'NONE', *, *, #5599, .T. ) ;
#5039 = VERTEX_POINT ( 'NONE', #5374 ) ;
#5040 = ORIENTED_EDGE ( 'NONE', *, *, #2512, .T. ) ;
#5041 = CARTESIAN_POINT ( 'NONE',  ( -30.24999999999998600, 2.500000000000000000, 16.54999999999998600 ) ) ;
#5042 = CARTESIAN_POINT ( 'NONE',  ( -2.624999999999997300, 5.700000000000000200, 12.20000000000000300 ) ) ;
#5043 = CARTESIAN_POINT ( 'NONE',  ( -35.80000000000001100, 0.8999999999999980200, 5.672426789160429200 ) ) ;
#5044 = LINE ( 'NONE', #1511, #7553 ) ;
#5045 = DIRECTION ( 'NONE',  ( 0.0000000000000000000, 1.000000000000000000, -0.0000000000000000000 ) ) ;
#5046 = CARTESIAN_POINT ( 'NONE',  ( -4.749999999999997300, 4.750000000000000900, 12.20000000000000300 ) ) ;
#5047 = CARTESIAN_POINT ( 'NONE',  ( -7.374999999999998200, 4.100000000000000500, 0.0000000000000000000 ) ) ;
#5048 = VERTEX_POINT ( 'NONE', #2610 ) ;
#5049 = DIRECTION ( 'NONE',  ( -1.000000000000000000, 0.0000000000000000000, -0.0000000000000000000 ) ) ;
#5050 = AXIS2_PLACEMENT_3D ( 'NONE', #850, #4122, #5500 ) ;
#5051 = LINE ( 'NONE', #5439, #3249 ) ;
#5052 = EDGE_CURVE ( 'NONE', #7350, #4237, #6298, .T. ) ;
#5053 = ORIENTED_EDGE ( 'NONE', *, *, #2512, .F. ) ;
#5054 = CARTESIAN_POINT ( 'NONE',  ( 2.625000000000002200, 5.400000000000000400, 12.50000000000000200 ) ) ;
#5055 = FACE_OUTER_BOUND ( 'NONE', #7415, .T. ) ;
#5056 = DIRECTION ( 'NONE',  ( 0.0000000000000000000, -0.0000000000000000000, 1.000000000000000000 ) ) ;
#5057 = ADVANCED_FACE ( 'NONE', ( #1272 ), #2674, .T. ) ;
#5058 = CARTESIAN_POINT ( 'NONE',  ( -7.249999999999997300, -4.699999999999999300, 12.50000000000000200 ) ) ;
#5059 = CARTESIAN_POINT ( 'NONE',  ( -5.374999999999998200, 4.100000000000000500, 11.25000000000000400 ) ) ;
#5060 = CARTESIAN_POINT ( 'NONE',  ( 7.250000000000002700, 4.650000000000002100, 12.50000000000000200 ) ) ;
#5061 = CARTESIAN_POINT ( 'NONE',  ( 4.750000000000002700, -4.699999999999997500, 12.80000000000000200 ) ) ;
#5062 = LINE ( 'NONE', #3501, #4743 ) ;
#5063 = DIRECTION ( 'NONE',  ( -0.0000000000000000000, 5.782411586589358800E-015, 1.000000000000000000 ) ) ;
#5064 = ORIENTED_EDGE ( 'NONE', *, *, #3335, .T. ) ;
#5065 = CARTESIAN_POINT ( 'NONE',  ( -34.90000000000000600, 5.700000000000000200, -12.50000000000000400 ) ) ;
#5066 = EDGE_CURVE ( 'NONE', #5922, #2251, #553, .T. ) ;
#5067 = DIRECTION ( 'NONE',  ( 1.000000000000000000, 0.0000000000000000000, 0.0000000000000000000 ) ) ;
#5068 = AXIS2_PLACEMENT_3D ( 'NONE', #730, #1318, #4693 ) ;
#5069 = VECTOR ( 'NONE', #713, 1000.000000000000000 ) ;
#5070 = EDGE_LOOP ( 'NONE', ( #5546, #1302, #8067, #2891 ) ) ;
#5071 = EDGE_CURVE ( 'NONE', #7970, #7398, #6490, .T. ) ;
#5072 = FACE_BOUND ( 'NONE', #4329, .T. ) ;
#5073 = ORIENTED_EDGE ( 'NONE', *, *, #2341, .T. ) ;
#5074 = EDGE_LOOP ( 'NONE', ( #7623, #7690, #1315, #7146 ) ) ;
#5075 = ORIENTED_EDGE ( 'NONE', *, *, #6242, .F. ) ;
#5076 = AXIS2_PLACEMENT_3D ( 'NONE', #5003, #7603, #2941 ) ;
#5077 = DIRECTION ( 'NONE',  ( -0.0000000000000000000, -1.000000000000000000, -0.0000000000000000000 ) ) ;
#5078 = DIRECTION ( 'NONE',  ( -1.000000000000000000, 0.0000000000000000000, 0.0000000000000000000 ) ) ;
#5079 = PLANE ( 'NONE',  #5289 ) ;
#5080 = ORIENTED_EDGE ( 'NONE', *, *, #5896, .T. ) ;
#5081 = VERTEX_POINT ( 'NONE', #3359 ) ;
#5082 = CARTESIAN_POINT ( 'NONE',  ( -15.00000000000000400, 7.299999999999999800, 12.50000000000000200 ) ) ;
#5083 = CARTESIAN_POINT ( 'NONE',  ( 3.374999999999985800, 5.700000000000000200, 9.194034422677102800E-015 ) ) ;
#5084 = DIRECTION ( 'NONE',  ( 0.0000000000000000000, 1.000000000000000000, 0.0000000000000000000 ) ) ;
#5085 = AXIS2_PLACEMENT_3D ( 'NONE', #6371, #3008, #2524 ) ;
#5086 = VECTOR ( 'NONE', #755, 1000.000000000000000 ) ;
#5087 = VECTOR ( 'NONE', #2415, 1000.000000000000000 ) ;
#5088 = ORIENTED_EDGE ( 'NONE', *, *, #6061, .T. ) ;
#5089 = ORIENTED_EDGE ( 'NONE', *, *, #3941, .F. ) ;
#5090 = CARTESIAN_POINT ( 'NONE',  ( -4.749999999999997300, 4.650000000000002100, 12.79999999999999900 ) ) ;
#5091 = CARTESIAN_POINT ( 'NONE',  ( -3.374999999999997800, 4.100000000000000500, 11.25000000000000400 ) ) ;
#5092 = ADVANCED_FACE ( 'NONE', ( #7872, #3586 ), #8015, .T. ) ;
#5093 = VECTOR ( 'NONE', #2051, 1000.000000000000000 ) ;
#5094 = EDGE_CURVE ( 'NONE', #4880, #7259, #1673, .T. ) ;
#5095 = ORIENTED_EDGE ( 'NONE', *, *, #7224, .T. ) ;
#5096 = LINE ( 'NONE', #2513, #6238 ) ;
#5097 = EDGE_LOOP ( 'NONE', ( #7489, #8619, #7777, #6645 ) ) ;
#5098 = EDGE_LOOP ( 'NONE', ( #2969, #2111, #197, #5491 ) ) ;
#5099 = VECTOR ( 'NONE', #7162, 1000.000000000000000 ) ;
#5100 = ORIENTED_EDGE ( 'NONE', *, *, #1171, .T. ) ;
#5101 = LINE ( 'NONE', #4311, #7830 ) ;
#5102 = VERTEX_POINT ( 'NONE', #585 ) ;
#5103 = ORIENTED_EDGE ( 'NONE', *, *, #5013, .F. ) ;
#5104 = CLOSED_SHELL ( 'NONE', ( #3474, #8488, #4501, #2589, #263, #1892, #3288, #2936, #7448, #6213, #5855, #5985, #3929, #558, #3245 ) ) ;
#5105 = ORIENTED_EDGE ( 'NONE', *, *, #2800, .F. ) ;
#5106 = DIRECTION ( 'NONE',  ( 0.0000000000000000000, 0.0000000000000000000, 1.000000000000000000 ) ) ;
#5107 = EDGE_CURVE ( 'NONE', #5929, #6369, #1888, .T. ) ;
#5108 = DIRECTION ( 'NONE',  ( 0.0000000000000000000, 0.0000000000000000000, 1.000000000000000000 ) ) ;
#5109 = CARTESIAN_POINT ( 'NONE',  ( 28.52499999999999500, 7.000000000000000000, -10.80000000000001100 ) ) ;
#5110 = FACE_OUTER_BOUND ( 'NONE', #8216, .T. ) ;
#5111 = FACE_OUTER_BOUND ( 'NONE', #4893, .T. ) ;
#5112 = ORIENTED_EDGE ( 'NONE', *, *, #8023, .F. ) ;
#5113 = VECTOR ( 'NONE', #7113, 1000.000000000000000 ) ;
#5114 = EDGE_LOOP ( 'NONE', ( #3621, #3307, #3003, #6888, #951 ) ) ;
#5115 = ORIENTED_EDGE ( 'NONE', *, *, #3422, .F. ) ;
#5116 = VERTEX_POINT ( 'NONE', #7408 ) ;
#5117 = ORIENTED_EDGE ( 'NONE', *, *, #6319, .F. ) ;
#5118 = CARTESIAN_POINT ( 'NONE',  ( 28.52499999999999500, 7.000000000000000000, 4.299999999999989200 ) ) ;
#5119 = ADVANCED_FACE ( 'NONE', ( #4525 ), #2943, .F. ) ;
#5120 = EDGE_CURVE ( 'NONE', #1323, #4369, #23, .T. ) ;
#5121 = PRODUCT_CONTEXT ( 'NONE', #7068, 'mechanical' ) ;
#5122 = LINE ( 'NONE', #3426, #1750 ) ;
#5123 = VECTOR ( 'NONE', #5266, 1000.000000000000000 ) ;
#5124 = EDGE_CURVE ( 'NONE', #2427, #318, #3810, .T. ) ;
#5125 = ORIENTED_EDGE ( 'NONE', *, *, #1934, .T. ) ;
#5126 = CARTESIAN_POINT ( 'NONE',  ( -34.90000000000000600, 5.700000000000000200, 12.50000000000000200 ) ) ;
#5127 = DIRECTION ( 'NONE',  ( -1.000000000000000000, 0.0000000000000000000, -0.0000000000000000000 ) ) ;
#5128 = CARTESIAN_POINT ( 'NONE',  ( -1.249999999999997600, 4.750000000000000900, 12.20000000000000300 ) ) ;
#5129 = MANIFOLD_SOLID_BREP ( 'Boss-Extrude8', #401 ) ;
#5130 = CARTESIAN_POINT ( 'NONE',  ( 28.52499999999999500, 7.000000000000000000, -9.050000000000009600 ) ) ;
#5131 = DIRECTION ( 'NONE',  ( 0.0000000000000000000, 0.0000000000000000000, -1.000000000000000000 ) ) ;
#5132 = LINE ( 'NONE', #4225, #533 ) ;
#5133 = LINE ( 'NONE', #5756, #1556 ) ;
#5134 = ORIENTED_EDGE ( 'NONE', *, *, #8126, .T. ) ;
#5135 = ORIENTED_EDGE ( 'NONE', *, *, #7244, .T. ) ;
#5136 = CARTESIAN_POINT ( 'NONE',  ( -5.249999999999997300, 4.650000000000002100, 12.79999999999999900 ) ) ;
#5137 = ORIENTED_EDGE ( 'NONE', *, *, #1977, .F. ) ;
#5138 = DIRECTION ( 'NONE',  ( -0.0000000000000000000, 1.000000000000000000, 0.0000000000000000000 ) ) ;
#5139 = PRESENTATION_STYLE_ASSIGNMENT (( #5706 ) ) ;
#5140 = ADVANCED_FACE ( 'NONE', ( #2720 ), #2730, .F. ) ;
#5141 = LINE ( 'NONE', #8369, #8064 ) ;
#5142 = MECHANICAL_DESIGN_GEOMETRIC_PRESENTATION_REPRESENTATION (  '', ( #1534 ), #6513 ) ;
#5143 = DIRECTION ( 'NONE',  ( -1.000000000000000000, 0.0000000000000000000, 0.0000000000000000000 ) ) ;
#5144 = ORIENTED_EDGE ( 'NONE', *, *, #2170, .T. ) ;
#5145 = CARTESIAN_POINT ( 'NONE',  ( 32.50000000000000000, 2.500000000000000000, -15.30000000000000100 ) ) ;
#5146 = CARTESIAN_POINT ( 'NONE',  ( -35.80000000000000400, 4.100000000000000500, -12.50000000000000400 ) ) ;
#5147 = AXIS2_PLACEMENT_3D ( 'NONE', #6203, #2182, #6811 ) ;
#5148 = LINE ( 'NONE', #212, #2402 ) ;
#5149 = VERTEX_POINT ( 'NONE', #5954 ) ;
#5150 = ORIENTED_EDGE ( 'NONE', *, *, #6913, .F. ) ;
#5151 = DIRECTION ( 'NONE',  ( -1.000000000000000000, 0.0000000000000000000, -0.0000000000000000000 ) ) ;
#5152 = VECTOR ( 'NONE', #4680, 1000.000000000000000 ) ;
#5153 = DIRECTION ( 'NONE',  ( 1.000000000000000000, -0.0000000000000000000, -0.0000000000000000000 ) ) ;
#5154 = LINE ( 'NONE', #7808, #3161 ) ;
#5155 = ORIENTED_EDGE ( 'NONE', *, *, #7040, .F. ) ;
#5156 = ADVANCED_FACE ( 'NONE', ( #7671 ), #1391, .F. ) ;
#5157 = EDGE_CURVE ( 'NONE', #8566, #6369, #737, .T. ) ;
#5158 = VECTOR ( 'NONE', #1514, 1000.000000000000000 ) ;
#5159 = CARTESIAN_POINT ( 'NONE',  ( -35.80000000000000400, 7.299999999999999800, 13.55000000000000200 ) ) ;
#5160 = CARTESIAN_POINT ( 'NONE',  ( -6.010887296633280000, 4.350000000000000500, 16.51477711838690600 ) ) ;
#5161 = FACE_OUTER_BOUND ( 'NONE', #6000, .T. ) ;
#5162 = EDGE_CURVE ( 'NONE', #4376, #7520, #2298, .T. ) ;
#5163 = ORIENTED_EDGE ( 'NONE', *, *, #1683, .F. ) ;
#5164 = DIRECTION ( 'NONE',  ( -1.000000000000000000, 0.0000000000000000000, 0.0000000000000000000 ) ) ;
#5165 = CARTESIAN_POINT ( 'NONE',  ( -34.40000000000000600, 5.700000000000002800, 0.9500000000000016200 ) ) ;
#5166 = EDGE_CURVE ( 'NONE', #2217, #1388, #5051, .T. ) ;
#5167 = AXIS2_PLACEMENT_3D ( 'NONE', #7032, #7730, #4281 ) ;
#5168 = DIRECTION ( 'NONE',  ( -1.000000000000000000, -0.0000000000000000000, -0.0000000000000000000 ) ) ;
#5169 = DIRECTION ( 'NONE',  ( 0.0000000000000000000, -0.0000000000000000000, -1.000000000000000000 ) ) ;
#5170 = LINE ( 'NONE', #3083, #6117 ) ;
#5171 = EDGE_LOOP ( 'NONE', ( #1584, #5438, #5184, #190, #2337, #2195, #6547, #4692 ) ) ;
#5172 = ORIENTED_EDGE ( 'NONE', *, *, #4034, .T. ) ;
#5173 = EDGE_CURVE ( 'NONE', #5578, #2617, #3362, .T. ) ;
#5174 = FACE_OUTER_BOUND ( 'NONE', #279, .T. ) ;
#5175 = CARTESIAN_POINT ( 'NONE',  ( -7.249999999999997300, 4.750000000000000900, 12.20000000000000300 ) ) ;
#5176 = PRESENTATION_LAYER_ASSIGNMENT (  '', '', ( #7129 ) ) ;
#5177 = CARTESIAN_POINT ( 'NONE',  ( 28.52499999999999500, 7.000000000000000000, -10.80000000000001000 ) ) ;
#5178 = LINE ( 'NONE', #143, #5707 ) ;
#5179 = ORIENTED_EDGE ( 'NONE', *, *, #8622, .F. ) ;
#5180 = DIRECTION ( 'NONE',  ( 0.0000000000000000000, 1.000000000000000000, -0.0000000000000000000 ) ) ;
#5181 = DIRECTION ( 'NONE',  ( -1.000000000000000000, -0.0000000000000000000, -0.0000000000000000000 ) ) ;
#5182 = PLANE ( 'NONE',  #2338 ) ;
#5183 = CIRCLE ( 'NONE', #2132, 1.750000000000000700 ) ;
#5184 = ORIENTED_EDGE ( 'NONE', *, *, #8368, .T. ) ;
#5185 = VERTEX_POINT ( 'NONE', #1454 ) ;
#5186 = DIRECTION ( 'NONE',  ( 1.000000000000000000, 0.0000000000000000000, 0.0000000000000000000 ) ) ;
#5187 = PLANE ( 'NONE',  #718 ) ;
#5188 = AXIS2_PLACEMENT_3D ( 'NONE', #7944, #3951, #2625 ) ;
#5189 = FACE_OUTER_BOUND ( 'NONE', #3315, .T. ) ;
#5190 = ORIENTED_EDGE ( 'NONE', *, *, #116, .T. ) ;
#5191 = CYLINDRICAL_SURFACE ( 'NONE', #1090, 1.250000000000004700 ) ;
#5192 = ORIENTED_EDGE ( 'NONE', *, *, #7352, .T. ) ;
#5193 = ORIENTED_EDGE ( 'NONE', *, *, #2321, .F. ) ;
#5194 = ORIENTED_EDGE ( 'NONE', *, *, #7990, .T. ) ;
#5195 = EDGE_LOOP ( 'NONE', ( #5192, #5150, #6193, #8555 ) ) ;
#5196 = DIRECTION ( 'NONE',  ( 0.0000000000000000000, 0.0000000000000000000, -1.000000000000000000 ) ) ;
#5197 = AXIS2_PLACEMENT_3D ( 'NONE', #2428, #2538, #1931 ) ;
#5198 = ORIENTED_EDGE ( 'NONE', *, *, #2555, .F. ) ;
#5199 = EDGE_CURVE ( 'NONE', #7607, #5331, #8298, .T. ) ;
#5200 = CARTESIAN_POINT ( 'NONE',  ( 0.0000000000000000000, 0.8999999999999980200, 0.0000000000000000000 ) ) ;
#5201 = CIRCLE ( 'NONE', #2277, 1.249999999999997600 ) ;
#5202 = LINE ( 'NONE', #1390, #6542 ) ;
#5203 = ORIENTED_EDGE ( 'NONE', *, *, #7170, .T. ) ;
#5204 = VERTEX_POINT ( 'NONE', #2148 ) ;
#5205 = VECTOR ( 'NONE', #1599, 1000.000000000000000 ) ;
#5206 = VERTEX_POINT ( 'NONE', #7528 ) ;
#5207 = ORIENTED_EDGE ( 'NONE', *, *, #1052, .F. ) ;
#5208 = ORIENTED_EDGE ( 'NONE', *, *, #7524, .F. ) ;
#5209 = DIRECTION ( 'NONE',  ( 2.096342569156263500E-016, -0.0000000000000000000, 1.000000000000000000 ) ) ;
#5210 = CARTESIAN_POINT ( 'NONE',  ( 34.89999999999999900, 7.299999999999999800, -12.50000000000000400 ) ) ;
#5211 = CARTESIAN_POINT ( 'NONE',  ( 30.27499999999999500, 7.000000000000000000, -9.050000000000009600 ) ) ;
#5212 = DIRECTION ( 'NONE',  ( 1.000000000000000000, 0.0000000000000000000, 0.0000000000000000000 ) ) ;
#5213 = VECTOR ( 'NONE', #6336, 1000.000000000000000 ) ;
#5214 = EDGE_LOOP ( 'NONE', ( #4522, #8604, #7173, #186 ) ) ;
#5215 = VERTEX_POINT ( 'NONE', #2756 ) ;
#5216 = VERTEX_POINT ( 'NONE', #6141 ) ;
#5217 = PLANE ( 'NONE',  #8316 ) ;
#5218 = EDGE_LOOP ( 'NONE', ( #5226, #5533, #1119, #3088 ) ) ;
#5219 = EDGE_CURVE ( 'NONE', #2786, #2034, #3912, .T. ) ;
#5220 = ADVANCED_FACE ( 'NONE', ( #3158 ), #7556, .F. ) ;
#5221 = DIRECTION ( 'NONE',  ( 2.096342569156263300E-016, 0.0000000000000000000, 1.000000000000000000 ) ) ;
#5222 = CARTESIAN_POINT ( 'NONE',  ( -2.624999999999998700, 4.100000000000000500, 11.25000000000000400 ) ) ;
#5223 = DIRECTION ( 'NONE',  ( -1.000000000000000000, 0.0000000000000000000, 0.0000000000000000000 ) ) ;
#5224 = LINE ( 'NONE', #8588, #5863 ) ;
#5225 = VECTOR ( 'NONE', #7974, 1000.000000000000000 ) ;
#5226 = ORIENTED_EDGE ( 'NONE', *, *, #7790, .F. ) ;
#5227 = VERTEX_POINT ( 'NONE', #6201 ) ;
#5228 = CARTESIAN_POINT ( 'NONE',  ( -34.90000000000000600, 5.700000000000000200, 6.000000000000005300 ) ) ;
#5229 = MANIFOLD_SOLID_BREP ( 'Boss-Extrude3', #7826 ) ;
#5230 = EDGE_CURVE ( 'NONE', #2551, #8574, #3046, .T. ) ;
#5231 = EDGE_LOOP ( 'NONE', ( #2541, #1625, #6545, #664 ) ) ;
#5232 = ADVANCED_FACE ( 'NONE', ( #311 ), #6863, .F. ) ;
#5233 = EDGE_CURVE ( 'NONE', #314, #3284, #3528, .T. ) ;
#5234 = DIRECTION ( 'NONE',  ( -1.000000000000000000, 0.0000000000000000000, -0.0000000000000000000 ) ) ;
#5235 = CARTESIAN_POINT ( 'NONE',  ( -5.374999999999998200, 5.700000000000000200, 11.25000000000000400 ) ) ;
#5236 = VECTOR ( 'NONE', #3334, 1000.000000000000000 ) ;
#5237 = FACE_OUTER_BOUND ( 'NONE', #2496, .T. ) ;
#5238 = AXIS2_PLACEMENT_3D ( 'NONE', #1755, #2366, #7160 ) ;
#5239 = PLANE ( 'NONE',  #2027 ) ;
#5240 = ORIENTED_EDGE ( 'NONE', *, *, #3781, .T. ) ;
#5241 = ADVANCED_FACE ( 'NONE', ( #7545 ), #8383, .T. ) ;
#5242 = VECTOR ( 'NONE', #8381, 1000.000000000000000 ) ;
#5243 = LINE ( 'NONE', #903, #2499 ) ;
#5244 = ORIENTED_EDGE ( 'NONE', *, *, #4181, .T. ) ;
#5245 = DIRECTION ( 'NONE',  ( 1.000000000000000000, -0.0000000000000000000, -0.0000000000000000000 ) ) ;
#5246 = AXIS2_PLACEMENT_3D ( 'NONE', #1431, #6782, #972 ) ;
#5247 = VECTOR ( 'NONE', #6539, 1000.000000000000000 ) ;
#5248 = CARTESIAN_POINT ( 'NONE',  ( -3.374999999999997800, 5.400000000000000400, 11.25000000000000400 ) ) ;
#5249 = ORIENTED_EDGE ( 'NONE', *, *, #2226, .T. ) ;
#5250 = LINE ( 'NONE', #6380, #648 ) ;
#5251 = DIRECTION ( 'NONE',  ( 1.000000000000000000, -0.0000000000000000000, 0.0000000000000000000 ) ) ;
#5252 = DIRECTION ( 'NONE',  ( -1.000000000000000000, -0.0000000000000000000, -0.0000000000000000000 ) ) ;
#5253 = EDGE_CURVE ( 'NONE', #2494, #255, #3954, .T. ) ;
#5254 = CARTESIAN_POINT ( 'NONE',  ( -1.374999999999997800, 5.700000000000000200, 11.25000000000000400 ) ) ;
#5255 = LINE ( 'NONE', #3475, #7982 ) ;
#5256 = CARTESIAN_POINT ( 'NONE',  ( 5.374999999999985800, 5.700000000000000200, 9.194034422677102800E-015 ) ) ;
#5257 = DIRECTION ( 'NONE',  ( 1.000000000000000000, 0.0000000000000000000, -0.0000000000000000000 ) ) ;
#5258 = VERTEX_POINT ( 'NONE', #3701 ) ;
#5259 = CARTESIAN_POINT ( 'NONE',  ( 34.89999999999999900, 5.700000000000000200, -12.50000000000000400 ) ) ;
#5260 = CARTESIAN_POINT ( 'NONE',  ( 7.375000000000001800, 5.400000000000000400, 11.25000000000000400 ) ) ;
#5261 = LINE ( 'NONE', #4081, #5069 ) ;
#5262 = AXIS2_PLACEMENT_3D ( 'NONE', #7124, #3262, #5234 ) ;
#5263 = EDGE_CURVE ( 'NONE', #7281, #4202, #5383, .T. ) ;
#5264 = EDGE_CURVE ( 'NONE', #3556, #5612, #3821, .T. ) ;
#5265 = DIRECTION ( 'NONE',  ( 1.000000000000000000, 0.0000000000000000000, -2.096342569156262300E-016 ) ) ;
#5266 = DIRECTION ( 'NONE',  ( 1.387778780781446500E-015, 0.0000000000000000000, 1.000000000000000000 ) ) ;
#5267 = LINE ( 'NONE', #7409, #1186 ) ;
#5268 = DIRECTION ( 'NONE',  ( -1.387778780781446300E-015, 0.0000000000000000000, -1.000000000000000000 ) ) ;
#5269 = CARTESIAN_POINT ( 'NONE',  ( 0.0000000000000000000, 4.100000000000000500, 11.25000000000000400 ) ) ;
#5270 = EDGE_CURVE ( 'NONE', #7863, #7778, #8195, .T. ) ;
#5271 = ADVANCED_FACE ( 'NONE', ( #6387 ), #7348, .F. ) ;
#5272 = DIRECTION ( 'NONE',  ( 1.000000000000000000, -0.0000000000000000000, -0.0000000000000000000 ) ) ;
#5273 = DIRECTION ( 'NONE',  ( 1.000000000000000000, 0.0000000000000000000, -1.387778780781446300E-015 ) ) ;
#5274 = LINE ( 'NONE', #3479, #1603 ) ;
#5275 = ORIENTED_EDGE ( 'NONE', *, *, #7096, .F. ) ;
#5276 = PRESENTATION_STYLE_ASSIGNMENT (( #5790 ) ) ;
#5277 = ORIENTED_EDGE ( 'NONE', *, *, #1889, .F. ) ;
#5278 = EDGE_LOOP ( 'NONE', ( #2911, #1706, #6931, #8108 ) ) ;
#5279 = PRESENTATION_LAYER_ASSIGNMENT (  '', '', ( #6446 ) ) ;
#5280 = DIRECTION ( 'NONE',  ( -0.0000000000000000000, -1.000000000000000000, -0.0000000000000000000 ) ) ;
#5281 = VECTOR ( 'NONE', #4758, 1000.000000000000000 ) ;
#5282 = CARTESIAN_POINT ( 'NONE',  ( -0.6249999999999971100, 4.100000000000000500, 12.50000000000000200 ) ) ;
#5283 = CARTESIAN_POINT ( 'NONE',  ( -34.40000000000000600, 5.700000000000002800, -0.2499999999999985000 ) ) ;
#5284 = MECHANICAL_DESIGN_GEOMETRIC_PRESENTATION_REPRESENTATION (  '', ( #2416 ), #8438 ) ;
#5285 = DIRECTION ( 'NONE',  ( 0.0000000000000000000, 0.0000000000000000000, 1.000000000000000000 ) ) ;
#5286 = CARTESIAN_POINT ( 'NONE',  ( -8.099947028114725000, 4.350000000000000500, -22.25442155852373800 ) ) ;
#5287 = DIRECTION ( 'NONE',  ( -0.0000000000000000000, 0.0000000000000000000, -1.000000000000000000 ) ) ;
#5288 = DIRECTION ( 'NONE',  ( 1.000000000000000000, 0.0000000000000000000, -0.0000000000000000000 ) ) ;
#5289 = AXIS2_PLACEMENT_3D ( 'NONE', #6462, #5056, #3052 ) ;
#5290 = LINE ( 'NONE', #2747, #3187 ) ;
#5291 = CARTESIAN_POINT ( 'NONE',  ( 32.50000000000000700, 2.500000000000000000, 15.29999999999997900 ) ) ;
#5292 = EDGE_CURVE ( 'NONE', #2866, #2198, #2414, .T. ) ;
#5293 = LINE ( 'NONE', #7256, #4565 ) ;
#5294 = EDGE_LOOP ( 'NONE', ( #7980, #47, #6868, #1935 ) ) ;
#5295 = ORIENTED_EDGE ( 'NONE', *, *, #2922, .T. ) ;
#5296 = ORIENTED_EDGE ( 'NONE', *, *, #5843, .F. ) ;
#5297 = CARTESIAN_POINT ( 'NONE',  ( -5.374999999999998200, 5.400000000000000400, 11.25000000000000400 ) ) ;
#5298 = FACE_OUTER_BOUND ( 'NONE', #2120, .T. ) ;
#5299 = VECTOR ( 'NONE', #496, 1000.000000000000000 ) ;
#5300 = ORIENTED_EDGE ( 'NONE', *, *, #3491, .F. ) ;
#5301 = CARTESIAN_POINT ( 'NONE',  ( 8.000000000000000000, 4.100000000000000500, 11.25000000000000400 ) ) ;
#5302 = DIRECTION ( 'NONE',  ( -1.000000000000000000, 0.0000000000000000000, -0.0000000000000000000 ) ) ;
#5303 = LINE ( 'NONE', #7551, #1730 ) ;
#5304 = EDGE_LOOP ( 'NONE', ( #8627, #861, #3401, #1112 ) ) ;
#5305 = ORIENTED_EDGE ( 'NONE', *, *, #2068, .T. ) ;
#5306 = ORIENTED_EDGE ( 'NONE', *, *, #8213, .F. ) ;
#5307 = DIRECTION ( 'NONE',  ( 0.0000000000000000000, 0.0000000000000000000, 1.000000000000000000 ) ) ;
#5308 = LINE ( 'NONE', #1365, #3319 ) ;
#5309 = LINE ( 'NONE', #2465, #7195 ) ;
#5310 = PLANE ( 'NONE',  #4610 ) ;
#5311 = LINE ( 'NONE', #3054, #3542 ) ;
#5312 = ORIENTED_EDGE ( 'NONE', *, *, #1001, .F. ) ;
#5313 = VERTEX_POINT ( 'NONE', #333 ) ;
#5314 = ORIENTED_EDGE ( 'NONE', *, *, #7503, .F. ) ;
#5315 = AXIS2_PLACEMENT_3D ( 'NONE', #2584, #657, #4082 ) ;
#5316 = DIRECTION ( 'NONE',  ( -2.990902544787598600E-016, -0.0000000000000000000, 1.000000000000000000 ) ) ;
#5317 = CARTESIAN_POINT ( 'NONE',  ( -0.7499999999999972200, 5.049999999999998000, 12.40000000000000400 ) ) ;
#5318 = CARTESIAN_POINT ( 'NONE',  ( -0.6250000000000144300, 4.100000000000000500, 8.673617379884241600E-016 ) ) ;
#5319 = EDGE_CURVE ( 'NONE', #1340, #3631, #5542, .T. ) ;
#5320 = SURFACE_STYLE_FILL_AREA ( #3462 ) ;
#5321 = LINE ( 'NONE', #1898, #4487 ) ;
#5322 = VERTEX_POINT ( 'NONE', #6335 ) ;
#5323 = ADVANCED_FACE ( 'NONE', ( #6582 ), #1015, .F. ) ;
#5324 = PLANE ( 'NONE',  #1164 ) ;
#5325 = DIRECTION ( 'NONE',  ( -1.000000000000000000, 0.0000000000000000000, 0.0000000000000000000 ) ) ;
#5326 = CARTESIAN_POINT ( 'NONE',  ( -30.72500000000000500, 7.299999999999999800, 2.549999999999996700 ) ) ;
#5327 = CARTESIAN_POINT ( 'NONE',  ( -3.374999999999997800, 5.400000000000000400, 12.50000000000000200 ) ) ;
#5328 = FACE_OUTER_BOUND ( 'NONE', #7915, .T. ) ;
#5329 = FACE_OUTER_BOUND ( 'NONE', #1458, .T. ) ;
#5330 = EDGE_CURVE ( 'NONE', #1577, #2060, #3195, .T. ) ;
#5331 = VERTEX_POINT ( 'NONE', #386 ) ;
#5332 = AXIS2_PLACEMENT_3D ( 'NONE', #679, #1364, #2912 ) ;
#5333 = VECTOR ( 'NONE', #5522, 1000.000000000000000 ) ;
#5334 = VECTOR ( 'NONE', #1786, 1000.000000000000000 ) ;
#5335 = ORIENTED_EDGE ( 'NONE', *, *, #5945, .T. ) ;
#5336 = EDGE_CURVE ( 'NONE', #1543, #7392, #8222, .T. ) ;
#5337 = CARTESIAN_POINT ( 'NONE',  ( 34.89999999999999900, 7.100000000000008500, -12.50000000000000400 ) ) ;
#5338 = CARTESIAN_POINT ( 'NONE',  ( -34.90000000000000600, 5.700000000000000200, 12.50000000000000200 ) ) ;
#5339 = DIRECTION ( 'NONE',  ( 0.0000000000000000000, 0.0000000000000000000, -1.000000000000000000 ) ) ;
#5340 = DIRECTION ( 'NONE',  ( 0.0000000000000000000, 1.000000000000000000, 0.0000000000000000000 ) ) ;
#5341 = CARTESIAN_POINT ( 'NONE',  ( -34.80000000000000400, 5.700000000000000200, -6.249999999999998200 ) ) ;
#5342 = CARTESIAN_POINT ( 'NONE',  ( 2.750000000000002700, 4.750000000000000900, 12.20000000000000300 ) ) ;
#5343 = LINE ( 'NONE', #3001, #3353 ) ;
#5344 = CARTESIAN_POINT ( 'NONE',  ( 1.250000000000002900, 4.650000000000002100, 12.79999999999999900 ) ) ;
#5345 = DIRECTION ( 'NONE',  ( 1.000000000000000000, 0.0000000000000000000, 0.0000000000000000000 ) ) ;
#5346 = LINE ( 'NONE', #3465, #7975 ) ;
#5347 = VERTEX_POINT ( 'NONE', #7654 ) ;
#5348 = ORIENTED_EDGE ( 'NONE', *, *, #297, .F. ) ;
#5349 = DIRECTION ( 'NONE',  ( 1.387778780781446500E-015, 0.0000000000000000000, 1.000000000000000000 ) ) ;
#5350 = CARTESIAN_POINT ( 'NONE',  ( -28.97500000000000100, 7.000000000000000000, 4.299999999999996300 ) ) ;
#5351 = CARTESIAN_POINT ( 'NONE',  ( -34.80000000000000400, 5.700000000000000200, -6.249999999999998200 ) ) ;
#5352 = VECTOR ( 'NONE', #7274, 1000.000000000000000 ) ;
#5353 = CARTESIAN_POINT ( 'NONE',  ( 2.625000000000002200, 5.700000000000000200, 12.20000000000000300 ) ) ;
#5354 = FACE_OUTER_BOUND ( 'NONE', #1331, .T. ) ;
#5355 = ADVANCED_FACE ( 'NONE', ( #3058 ), #5618, .F. ) ;
#5356 = FACE_OUTER_BOUND ( 'NONE', #3633, .T. ) ;
#5357 = CARTESIAN_POINT ( 'NONE',  ( 4.625000000000002700, 4.100000000000000500, 11.25000000000000400 ) ) ;
#5358 = DIRECTION ( 'NONE',  ( -0.0000000000000000000, 1.000000000000000000, -3.710638451287287400E-016 ) ) ;
#5359 = CARTESIAN_POINT ( 'NONE',  ( -5.249999999999997300, 4.650000000000002100, 12.40000000000000400 ) ) ;
#5360 = DIRECTION ( 'NONE',  ( 1.000000000000000000, 0.0000000000000000000, 0.0000000000000000000 ) ) ;
#5361 = LINE ( 'NONE', #2232, #8614 ) ;
#5362 = CARTESIAN_POINT ( 'NONE',  ( 3.250000000000002700, -4.699999999999997500, 12.80000000000000200 ) ) ;
#5363 = ADVANCED_FACE ( 'NONE', ( #5354 ), #453, .F. ) ;
#5364 = MECHANICAL_DESIGN_GEOMETRIC_PRESENTATION_REPRESENTATION (  '', ( #3283 ), #5478 ) ;
#5365 = EDGE_CURVE ( 'NONE', #1323, #4178, #4845, .T. ) ;
#5366 = CARTESIAN_POINT ( 'NONE',  ( -38.25000000000000700, -4.199999999999999300, 1.750000000000000700 ) ) ;
#5367 = PLANE ( 'NONE',  #2186 ) ;
#5368 = PLANE ( 'NONE',  #5315 ) ;
#5369 = ORIENTED_EDGE ( 'NONE', *, *, #945, .F. ) ;
#5370 = CARTESIAN_POINT ( 'NONE',  ( 5.250000000000002700, -4.699999999999999300, 12.50000000000000200 ) ) ;
#5371 = EDGE_LOOP ( 'NONE', ( #3936, #2248, #8265, #3826 ) ) ;
#5372 = CARTESIAN_POINT ( 'NONE',  ( 32.50000000000000000, 0.0000000000000000000, -17.79999999999999700 ) ) ;
#5373 = AXIS2_PLACEMENT_3D ( 'NONE', #4965, #1581, #6301 ) ;
#5374 = CARTESIAN_POINT ( 'NONE',  ( -3.374999999999997800, 4.100000000000000500, 12.50000000000000200 ) ) ;
#5375 = VECTOR ( 'NONE', #327, 1000.000000000000000 ) ;
#5376 = UNCERTAINTY_MEASURE_WITH_UNIT (LENGTH_MEASURE( 1.000000000000000100E-005 ), #4388, 'distance_accuracy_value', 'NONE');
#5377 = EDGE_CURVE ( 'NONE', #4474, #7743, #5183, .T. ) ;
#5378 = CARTESIAN_POINT ( 'NONE',  ( 5.375000000000002700, 5.400000000000000400, 12.50000000000000200 ) ) ;
#5379 = DIRECTION ( 'NONE',  ( -0.0000000000000000000, 1.000000000000000000, -0.0000000000000000000 ) ) ;
#5380 = ORIENTED_EDGE ( 'NONE', *, *, #2515, .F. ) ;
#5381 = ORIENTED_EDGE ( 'NONE', *, *, #4539, .T. ) ;
#5382 = PLANE ( 'NONE',  #5068 ) ;
#5383 = LINE ( 'NONE', #2950, #6941 ) ;
#5384 = CARTESIAN_POINT ( 'NONE',  ( 5.250000000000002700, -4.699999999999997500, 12.80000000000000200 ) ) ;
#5385 = ORIENTED_EDGE ( 'NONE', *, *, #7619, .F. ) ;
#5386 = ORIENTED_EDGE ( 'NONE', *, *, #1073, .F. ) ;
#5387 = VERTEX_POINT ( 'NONE', #1707 ) ;
#5388 = EDGE_CURVE ( 'NONE', #4489, #4372, #5498, .T. ) ;
#5389 = CIRCLE ( 'NONE', #4490, 0.09999999999999939500 ) ;
#5390 = AXIS2_PLACEMENT_3D ( 'NONE', #7037, #2286, #6977 ) ;
#5391 = LINE ( 'NONE', #3521, #7904 ) ;
#5392 = EDGE_LOOP ( 'NONE', ( #6533, #1768, #6834, #1961 ) ) ;
#5393 = VERTEX_POINT ( 'NONE', #2436 ) ;
#5394 = CARTESIAN_POINT ( 'NONE',  ( -34.90000000000000600, 4.350000000000000500, -7.649999999999996800 ) ) ;
#5395 = PLANE ( 'NONE',  #130 ) ;
#5396 = CARTESIAN_POINT ( 'NONE',  ( -38.25000000000000700, -4.199999999999999300, 0.2500000000000012200 ) ) ;
#5397 = CARTESIAN_POINT ( 'NONE',  ( -34.40000000000000600, 5.700000000000002800, -0.2499999999999985000 ) ) ;
#5398 = LINE ( 'NONE', #4517, #4364 ) ;
#5399 = AXIS2_PLACEMENT_3D ( 'NONE', #1170, #7264, #1824 ) ;
#5400 = ORIENTED_EDGE ( 'NONE', *, *, #2999, .T. ) ;
#5401 = LINE ( 'NONE', #2224, #8554 ) ;
#5402 = ORIENTED_EDGE ( 'NONE', *, *, #8606, .F. ) ;
#5403 = ORIENTED_EDGE ( 'NONE', *, *, #8428, .F. ) ;
#5404 = ORIENTED_EDGE ( 'NONE', *, *, #7966, .T. ) ;
#5405 = ADVANCED_FACE ( 'NONE', ( #4057 ), #3830, .F. ) ;
#5406 = SURFACE_STYLE_USAGE ( .BOTH. , #4744 ) ;
#5407 = DIRECTION ( 'NONE',  ( 0.0000000000000000000, 5.782411586589358800E-015, 1.000000000000000000 ) ) ;
#5408 = DIRECTION ( 'NONE',  ( 1.000000000000000000, -0.0000000000000000000, -0.0000000000000000000 ) ) ;
#5409 = PRESENTATION_LAYER_ASSIGNMENT (  '', '', ( #3169 ) ) ;
#5410 = ORIENTED_EDGE ( 'NONE', *, *, #5157, .F. ) ;
#5411 = LINE ( 'NONE', #8211, #3637 ) ;
#5412 = DIRECTION ( 'NONE',  ( -0.0000000000000000000, -1.000000000000000000, -0.0000000000000000000 ) ) ;
#5413 = ORIENTED_EDGE ( 'NONE', *, *, #7874, .T. ) ;
#5414 = VERTEX_POINT ( 'NONE', #8181 ) ;
#5415 = CARTESIAN_POINT ( 'NONE',  ( -30.72500000000000500, 7.299999999999999800, 2.549999999999996700 ) ) ;
#5416 = FACE_OUTER_BOUND ( 'NONE', #1564, .T. ) ;
#5417 = ORIENTED_EDGE ( 'NONE', *, *, #395, .F. ) ;
#5418 = DIRECTION ( 'NONE',  ( -0.0000000000000000000, 1.000000000000000000, -0.0000000000000000000 ) ) ;
#5419 = ORIENTED_EDGE ( 'NONE', *, *, #7733, .F. ) ;
#5420 = ORIENTED_EDGE ( 'NONE', *, *, #4437, .T. ) ;
#5421 = ADVANCED_FACE ( 'NONE', ( #5503 ), #8204, .F. ) ;
#5422 =( GEOMETRIC_REPRESENTATION_CONTEXT ( 3 ) GLOBAL_UNCERTAINTY_ASSIGNED_CONTEXT ( ( #2364 ) ) GLOBAL_UNIT_ASSIGNED_CONTEXT ( ( #2990, #7668, #3654 ) ) REPRESENTATION_CONTEXT ( 'NONE', 'WORKASPACE' ) );
#5423 = DIRECTION ( 'NONE',  ( -0.0000000000000000000, 0.0000000000000000000, -1.000000000000000000 ) ) ;
#5424 = LINE ( 'NONE', #1602, #6990 ) ;
#5425 = FACE_OUTER_BOUND ( 'NONE', #8641, .T. ) ;
#5426 = EDGE_LOOP ( 'NONE', ( #2487, #8125, #2122, #2237 ) ) ;
#5427 = VERTEX_POINT ( 'NONE', #1142 ) ;
#5428 = CARTESIAN_POINT ( 'NONE',  ( 28.52499999999999500, 7.000000000000000000, 4.299999999999989200 ) ) ;
#5429 = VERTEX_POINT ( 'NONE', #1079 ) ;
#5430 = ORIENTED_EDGE ( 'NONE', *, *, #4560, .T. ) ;
#5431 = PLANE ( 'NONE',  #1135 ) ;
#5432 = FACE_OUTER_BOUND ( 'NONE', #356, .T. ) ;
#5433 = FACE_OUTER_BOUND ( 'NONE', #2569, .T. ) ;
#5434 = CARTESIAN_POINT ( 'NONE',  ( -5.249999999999997300, 5.049999999999998000, 12.40000000000000400 ) ) ;
#5435 =( NAMED_UNIT ( * ) PLANE_ANGLE_UNIT ( ) SI_UNIT ( $, .RADIAN. ) );
#5436 = EDGE_CURVE ( 'NONE', #3695, #916, #445, .T. ) ;
#5437 = EDGE_CURVE ( 'NONE', #1422, #689, #4322, .T. ) ;
#5438 = ORIENTED_EDGE ( 'NONE', *, *, #860, .T. ) ;
#5439 = CARTESIAN_POINT ( 'NONE',  ( -35.80000000000000400, 2.499999999999999600, 13.55000000000000200 ) ) ;
#5440 = VECTOR ( 'NONE', #3712, 1000.000000000000000 ) ;
#5441 = LINE ( 'NONE', #405, #6684 ) ;
#5442 = VERTEX_POINT ( 'NONE', #4152 ) ;
#5443 = DIRECTION ( 'NONE',  ( 0.0000000000000000000, 1.000000000000000000, 0.0000000000000000000 ) ) ;
#5444 = ORIENTED_EDGE ( 'NONE', *, *, #2676, .T. ) ;
#5445 = DIRECTION ( 'NONE',  ( -1.000000000000000000, 0.0000000000000000000, 1.206764157201257300E-016 ) ) ;
#5446 = EDGE_CURVE ( 'NONE', #86, #5204, #3467, .T. ) ;
#5447 = LINE ( 'NONE', #1237, #2829 ) ;
#5448 = FACE_OUTER_BOUND ( 'NONE', #3506, .T. ) ;
#5449 = CARTESIAN_POINT ( 'NONE',  ( -3.249999999999997800, 4.650000000000002100, 12.79999999999999900 ) ) ;
#5450 = AXIS2_PLACEMENT_3D ( 'NONE', #4316, #929, #2971 ) ;
#5451 = EDGE_LOOP ( 'NONE', ( #1411, #4731, #853, #1630, #4619, #6351, #3818, #8262 ) ) ;
#5452 = ADVANCED_FACE ( 'NONE', ( #2599 ), #184, .F. ) ;
#5453 = CARTESIAN_POINT ( 'NONE',  ( 0.7500000000000024400, -4.699999999999997500, 12.80000000000000200 ) ) ;
#5454 = VECTOR ( 'NONE', #4299, 1000.000000000000000 ) ;
#5455 = EDGE_CURVE ( 'NONE', #188, #6535, #6292, .T. ) ;
#5456 = CARTESIAN_POINT ( 'NONE',  ( -3.249999999999997800, -4.699999999999997500, 12.80000000000000200 ) ) ;
#5457 = ORIENTED_EDGE ( 'NONE', *, *, #5233, .F. ) ;
#5458 = DIRECTION ( 'NONE',  ( 0.0000000000000000000, 0.0000000000000000000, -1.000000000000000000 ) ) ;
#5459 = DIRECTION ( 'NONE',  ( 0.0000000000000000000, 0.0000000000000000000, 1.000000000000000000 ) ) ;
#5460 = ADVANCED_FACE ( 'NONE', ( #4409 ), #4877, .F. ) ;
#5461 = AXIS2_PLACEMENT_3D ( 'NONE', #8233, #785, #4900 ) ;
#5462 = LINE ( 'NONE', #5504, #1384 ) ;
#5463 = ORIENTED_EDGE ( 'NONE', *, *, #1955, .F. ) ;
#5464 = DIRECTION ( 'NONE',  ( -1.807003620809164000E-016, 0.0000000000000000000, 1.000000000000000000 ) ) ;
#5465 = CARTESIAN_POINT ( 'NONE',  ( -6.625000000000014200, 4.100000000000000500, 9.194034422677102800E-015 ) ) ;
#5466 = ORIENTED_EDGE ( 'NONE', *, *, #4783, .F. ) ;
#5467 = FILL_AREA_STYLE ('',( #4842 ) ) ;
#5468 = CARTESIAN_POINT ( 'NONE',  ( -32.49999999999999300, 2.500000000000000000, 16.55000000000000400 ) ) ;
#5469 = SURFACE_SIDE_STYLE ('',( #5320 ) ) ;
#5470 = CARTESIAN_POINT ( 'NONE',  ( 0.0000000000000000000, 7.299999999999999800, 5.800000000000006900 ) ) ;
#5471 = VECTOR ( 'NONE', #1861, 1000.000000000000000 ) ;
#5472 = ORIENTED_EDGE ( 'NONE', *, *, #854, .T. ) ;
#5473 = DIRECTION ( 'NONE',  ( 1.000000000000000000, -0.0000000000000000000, -0.0000000000000000000 ) ) ;
#5474 = DIRECTION ( 'NONE',  ( 0.0000000000000000000, -3.710638451287287400E-016, -1.000000000000000000 ) ) ;
#5475 = PLANE ( 'NONE',  #8372 ) ;
#5476 = CARTESIAN_POINT ( 'NONE',  ( -34.90000000000000600, 7.299999999999999800, 7.499999999999996400 ) ) ;
#5477 = FACE_OUTER_BOUND ( 'NONE', #6102, .T. ) ;
#5478 =( GEOMETRIC_REPRESENTATION_CONTEXT ( 3 ) GLOBAL_UNCERTAINTY_ASSIGNED_CONTEXT ( ( #2099 ) ) GLOBAL_UNIT_ASSIGNED_CONTEXT ( ( #128, #2123, #4212 ) ) REPRESENTATION_CONTEXT ( 'NONE', 'WORKASPACE' ) );
#5479 = VERTEX_POINT ( 'NONE', #6207 ) ;
#5480 = ORIENTED_EDGE ( 'NONE', *, *, #2975, .T. ) ;
#5481 = VERTEX_POINT ( 'NONE', #8143 ) ;
#5482 = EDGE_CURVE ( 'NONE', #2060, #4875, #5044, .T. ) ;
#5483 = EDGE_CURVE ( 'NONE', #3531, #7050, #5243, .T. ) ;
#5484 = DIRECTION ( 'NONE',  ( -0.0000000000000000000, 1.000000000000000000, -3.710638451287287400E-016 ) ) ;
#5485 = CARTESIAN_POINT ( 'NONE',  ( 34.89999999999999900, 0.9000000000000000200, 12.50000000000000200 ) ) ;
#5486 = CARTESIAN_POINT ( 'NONE',  ( 34.89999999999999900, 5.700000000000000200, 12.50000000000000200 ) ) ;
#5487 = PLANE ( 'NONE',  #561 ) ;
#5488 = VECTOR ( 'NONE', #8072, 1000.000000000000100 ) ;
#5489 = CARTESIAN_POINT ( 'NONE',  ( 4.625000000000002700, 4.100000000000000500, 0.0000000000000000000 ) ) ;
#5490 = VECTOR ( 'NONE', #2611, 1000.000000000000000 ) ;
#5491 = ORIENTED_EDGE ( 'NONE', *, *, #5675, .T. ) ;
#5492 = ORIENTED_EDGE ( 'NONE', *, *, #2331, .T. ) ;
#5493 = SURFACE_SIDE_STYLE ('',( #949 ) ) ;
#5494 = EDGE_CURVE ( 'NONE', #4849, #7398, #4516, .T. ) ;
#5495 = DIRECTION ( 'NONE',  ( 0.0000000000000000000, 0.0000000000000000000, 1.000000000000000000 ) ) ;
#5496 = DIRECTION ( 'NONE',  ( -0.0000000000000000000, 1.000000000000000000, -0.0000000000000000000 ) ) ;
#5497 = DIRECTION ( 'NONE',  ( 1.000000000000000000, 0.0000000000000000000, 0.0000000000000000000 ) ) ;
#5498 = CIRCLE ( 'NONE', #4667, 1.750000000000002400 ) ;
#5499 = EDGE_LOOP ( 'NONE', ( #3072, #1561, #1258, #4666, #8640, #2959, #4514, #1745 ) ) ;
#5500 = DIRECTION ( 'NONE',  ( 0.0000000000000000000, 0.0000000000000000000, -1.000000000000000000 ) ) ;
#5501 = LINE ( 'NONE', #1804, #8545 ) ;
#5502 = ORIENTED_EDGE ( 'NONE', *, *, #7419, .F. ) ;
#5503 = FACE_OUTER_BOUND ( 'NONE', #114, .T. ) ;
#5504 = CARTESIAN_POINT ( 'NONE',  ( -34.40000000000000600, 5.700000000000000200, 0.9500000000000016200 ) ) ;
#5505 = ADVANCED_FACE ( 'NONE', ( #1667 ), #3977, .F. ) ;
#5506 = VECTOR ( 'NONE', #4091, 1000.000000000000000 ) ;
#5507 = CARTESIAN_POINT ( 'NONE',  ( -7.374999999999998200, 5.700000000000000200, 0.0000000000000000000 ) ) ;
#5508 = CARTESIAN_POINT ( 'NONE',  ( -5.249999999999997300, 4.650000000000002100, 12.50000000000000200 ) ) ;
#5509 = EDGE_LOOP ( 'NONE', ( #1949, #6900, #471, #77 ) ) ;
#5510 = ORIENTED_EDGE ( 'NONE', *, *, #7733, .T. ) ;
#5511 = ORIENTED_EDGE ( 'NONE', *, *, #535, .T. ) ;
#5512 = EDGE_CURVE ( 'NONE', #3010, #1597, #6093, .T. ) ;
#5513 = AXIS2_PLACEMENT_3D ( 'NONE', #1614, #7789, #8426 ) ;
#5514 = FACE_OUTER_BOUND ( 'NONE', #7992, .T. ) ;
#5515 = DIRECTION ( 'NONE',  ( -0.3420201433256693200, 0.0000000000000000000, -0.9396926207859082100 ) ) ;
#5516 = EDGE_LOOP ( 'NONE', ( #7548, #4125, #4078, #1742, #1746, #4175, #7804, #5672 ) ) ;
#5517 = FACE_OUTER_BOUND ( 'NONE', #1858, .T. ) ;
#5518 = ORIENTED_EDGE ( 'NONE', *, *, #6935, .T. ) ;
#5519 = ORIENTED_EDGE ( 'NONE', *, *, #3952, .F. ) ;
#5520 = VERTEX_POINT ( 'NONE', #3272 ) ;
#5521 = DIRECTION ( 'NONE',  ( 1.000000000000000000, 0.0000000000000000000, -0.0000000000000000000 ) ) ;
#5522 = DIRECTION ( 'NONE',  ( 0.0000000000000000000, 8.673617379884013400E-015, -1.000000000000000000 ) ) ;
#5523 = CARTESIAN_POINT ( 'NONE',  ( 4.000000000000000900, 5.400000000000000400, 7.050000000000002500 ) ) ;
#5524 = ADVANCED_FACE ( 'NONE', ( #2716 ), #6578, .T. ) ;
#5525 = DIRECTION ( 'NONE',  ( -1.000000000000000000, 0.0000000000000000000, 0.0000000000000000000 ) ) ;
#5526 = FACE_OUTER_BOUND ( 'NONE', #7609, .T. ) ;
#5527 = VECTOR ( 'NONE', #7536, 1000.000000000000000 ) ;
#5528 = VERTEX_POINT ( 'NONE', #6592 ) ;
#5529 = DIRECTION ( 'NONE',  ( 0.0000000000000000000, 1.000000000000000000, 0.0000000000000000000 ) ) ;
#5530 = COLOUR_RGB ( '',0.7921568627450980000, 0.8196078431372548800, 0.9333333333333333500 ) ;
#5531 =( LENGTH_UNIT ( ) NAMED_UNIT ( * ) SI_UNIT ( .MILLI., .METRE. ) );
#5532 = ORIENTED_EDGE ( 'NONE', *, *, #798, .T. ) ;
#5533 = ORIENTED_EDGE ( 'NONE', *, *, #7329, .F. ) ;
#5534 = CARTESIAN_POINT ( 'NONE',  ( -4.624999999999999100, 5.700000000000000200, 11.25000000000000400 ) ) ;
#5535 = DIRECTION ( 'NONE',  ( 0.0000000000000000000, 1.000000000000000000, 0.0000000000000000000 ) ) ;
#5536 = MECHANICAL_DESIGN_GEOMETRIC_PRESENTATION_REPRESENTATION (  '', ( #4630 ), #2948 ) ;
#5537 = CARTESIAN_POINT ( 'NONE',  ( -5.249999999999997300, -4.699999999999999300, 12.50000000000000200 ) ) ;
#5538 = EDGE_CURVE ( 'NONE', #6852, #5865, #7963, .T. ) ;
#5539 = DIRECTION ( 'NONE',  ( -1.387778780781446300E-015, 0.0000000000000000000, -1.000000000000000000 ) ) ;
#5540 = DIRECTION ( 'NONE',  ( 0.0000000000000000000, 0.0000000000000000000, 1.000000000000000000 ) ) ;
#5541 = EDGE_CURVE ( 'NONE', #4003, #1966, #4005, .T. ) ;
#5542 = LINE ( 'NONE', #5046, #4586 ) ;
#5543 = CARTESIAN_POINT ( 'NONE',  ( 1.374999999999985600, 4.100000000000000500, 9.194034422677102800E-015 ) ) ;
#5544 = LINE ( 'NONE', #2529, #4596 ) ;
#5545 = ORIENTED_EDGE ( 'NONE', *, *, #5166, .F. ) ;
#5546 = ORIENTED_EDGE ( 'NONE', *, *, #1668, .T. ) ;
#5547 = DIRECTION ( 'NONE',  ( 0.0000000000000000000, 5.782411586589358800E-015, 1.000000000000000000 ) ) ;
#5548 = EDGE_CURVE ( 'NONE', #7024, #4702, #3040, .T. ) ;
#5549 = DIRECTION ( 'NONE',  ( 1.000000000000000000, -0.0000000000000000000, 0.0000000000000000000 ) ) ;
#5550 = DIRECTION ( 'NONE',  ( 0.0000000000000000000, 0.0000000000000000000, 1.000000000000000000 ) ) ;
#5551 = VECTOR ( 'NONE', #6036, 1000.000000000000000 ) ;
#5552 = VECTOR ( 'NONE', #3922, 1000.000000000000000 ) ;
#5553 = VERTEX_POINT ( 'NONE', #1664 ) ;
#5554 = CARTESIAN_POINT ( 'NONE',  ( 4.625000000000002700, 5.400000000000000400, 11.25000000000000400 ) ) ;
#5555 = CARTESIAN_POINT ( 'NONE',  ( -4.624999999999999100, 5.400000000000000400, 11.25000000000000400 ) ) ;
#5556 = VECTOR ( 'NONE', #1871, 1000.000000000000000 ) ;
#5557 = EDGE_CURVE ( 'NONE', #5695, #3389, #8598, .T. ) ;
#5558 = ADVANCED_FACE ( 'NONE', ( #4218 ), #7776, .T. ) ;
#5559 = CARTESIAN_POINT ( 'NONE',  ( -3.249999999999997800, 4.650000000000002100, 12.79999999999999900 ) ) ;
#5560 = ORIENTED_EDGE ( 'NONE', *, *, #8622, .T. ) ;
#5561 = CARTESIAN_POINT ( 'NONE',  ( 6.750000000000002700, -4.699999999999997500, 12.80000000000000200 ) ) ;
#5562 = CARTESIAN_POINT ( 'NONE',  ( -4.624999999999999100, 5.700000000000000200, 11.25000000000000400 ) ) ;
#5563 = VECTOR ( 'NONE', #4647, 1000.000000000000000 ) ;
#5564 = EDGE_CURVE ( 'NONE', #6145, #4370, #222, .T. ) ;
#5565 = VECTOR ( 'NONE', #8291, 1000.000000000000000 ) ;
#5566 = DIRECTION ( 'NONE',  ( -0.0000000000000000000, 1.000000000000000000, 0.0000000000000000000 ) ) ;
#5567 = ORIENTED_EDGE ( 'NONE', *, *, #7008, .F. ) ;
#5568 = VERTEX_POINT ( 'NONE', #7051 ) ;
#5569 = ORIENTED_EDGE ( 'NONE', *, *, #8486, .T. ) ;
#5570 = DIRECTION ( 'NONE',  ( -1.000000000000000000, 0.0000000000000000000, 1.387778780781446900E-015 ) ) ;
#5571 = EDGE_CURVE ( 'NONE', #2900, #4489, #944, .T. ) ;
#5572 = CARTESIAN_POINT ( 'NONE',  ( -28.97500000000000100, 7.000000000000000000, 2.549999999999996700 ) ) ;
#5573 = VECTOR ( 'NONE', #8624, 1000.000000000000000 ) ;
#5574 = AXIS2_PLACEMENT_3D ( 'NONE', #4260, #237, #6437 ) ;
#5575 = LINE ( 'NONE', #3218, #7125 ) ;
#5576 = CARTESIAN_POINT ( 'NONE',  ( -3.374999999999997800, 4.100000000000000500, 0.0000000000000000000 ) ) ;
#5577 = VECTOR ( 'NONE', #4953, 1000.000000000000000 ) ;
#5578 = VERTEX_POINT ( 'NONE', #2357 ) ;
#5579 = ADVANCED_FACE ( 'NONE', ( #5448 ), #331, .T. ) ;
#5580 = AXIS2_PLACEMENT_3D ( 'NONE', #7033, #3028, #7732 ) ;
#5581 = DIRECTION ( 'NONE',  ( 0.0000000000000000000, 0.0000000000000000000, 1.000000000000000000 ) ) ;
#5582 = DIRECTION ( 'NONE',  ( 0.0000000000000000000, 0.0000000000000000000, -1.000000000000000000 ) ) ;
#5583 = COLOUR_RGB ( '',0.7921568627450980000, 0.8196078431372548800, 0.9333333333333333500 ) ;
#5584 = DIRECTION ( 'NONE',  ( -0.0000000000000000000, 1.000000000000000000, -0.0000000000000000000 ) ) ;
#5585 = CARTESIAN_POINT ( 'NONE',  ( -28.97500000000000100, 7.000000000000000000, 2.549999999999996700 ) ) ;
#5586 = CARTESIAN_POINT ( 'NONE',  ( -34.90000000000000600, 6.900000000000001200, -0.2499999999999989200 ) ) ;
#5587 = AXIS2_PLACEMENT_3D ( 'NONE', #6517, #7213, #1885 ) ;
#5588 = DIRECTION ( 'NONE',  ( 0.0000000000000000000, 1.000000000000000000, -0.0000000000000000000 ) ) ;
#5589 = ORIENTED_EDGE ( 'NONE', *, *, #2077, .F. ) ;
#5590 = PRESENTATION_LAYER_ASSIGNMENT (  '', '', ( #1547 ) ) ;
#5591 = DIRECTION ( 'NONE',  ( 1.000000000000000000, -0.0000000000000000000, -0.0000000000000000000 ) ) ;
#5592 = LINE ( 'NONE', #4210, #763 ) ;
#5593 = ADVANCED_FACE ( 'NONE', ( #7111 ), #7725, .F. ) ;
#5594 = EDGE_LOOP ( 'NONE', ( #6984, #1439, #3983, #4105 ) ) ;
#5595 = ORIENTED_EDGE ( 'NONE', *, *, #5494, .F. ) ;
#5596 = CARTESIAN_POINT ( 'NONE',  ( -1.249999999999997600, 5.049999999999999800, 12.20000000000000300 ) ) ;
#5597 = VECTOR ( 'NONE', #8480, 1000.000000000000000 ) ;
#5598 = EDGE_CURVE ( 'NONE', #2167, #3807, #635, .T. ) ;
#5599 = EDGE_CURVE ( 'NONE', #6353, #8196, #7664, .T. ) ;
#5600 = LINE ( 'NONE', #1915, #3942 ) ;
#5601 = EDGE_LOOP ( 'NONE', ( #6460, #1487, #7440, #4934, #1835, #997 ) ) ;
#5602 = ORIENTED_EDGE ( 'NONE', *, *, #1930, .T. ) ;
#5603 = DIRECTION ( 'NONE',  ( -1.000000000000000000, -0.0000000000000000000, -0.0000000000000000000 ) ) ;
#5604 = CARTESIAN_POINT ( 'NONE',  ( 0.7500000000000024400, 4.650000000000002100, 12.79999999999999900 ) ) ;
#5605 = CARTESIAN_POINT ( 'NONE',  ( -34.40000000000000600, 6.900000000000001200, -0.2499999999999989200 ) ) ;
#5606 = EDGE_LOOP ( 'NONE', ( #200, #5402 ) ) ;
#5607 = CARTESIAN_POINT ( 'NONE',  ( -34.90000000000000600, 4.350000000000000500, -6.749999999999999100 ) ) ;
#5608 = VECTOR ( 'NONE', #2220, 1000.000000000000000 ) ;
#5609 = COLOUR_RGB ( '',0.7529411764705882200, 0.7529411764705882200, 0.7529411764705882200 ) ;
#5610 = ORIENTED_EDGE ( 'NONE', *, *, #211, .T. ) ;
#5611 = ORIENTED_EDGE ( 'NONE', *, *, #1668, .F. ) ;
#5612 = VERTEX_POINT ( 'NONE', #3916 ) ;
#5613 = EDGE_CURVE ( 'NONE', #1920, #3494, #3685, .T. ) ;
#5614 = CARTESIAN_POINT ( 'NONE',  ( 0.6250000000000023300, 5.700000000000000200, 12.20000000000000300 ) ) ;
#5615 = ADVANCED_FACE ( 'NONE', ( #1982 ), #6382, .T. ) ;
#5616 = VECTOR ( 'NONE', #1051, 1000.000000000000000 ) ;
#5617 = ADVANCED_FACE ( 'NONE', ( #4612 ), #2501, .F. ) ;
#5618 = PLANE ( 'NONE',  #2868 ) ;
#5619 = ORIENTED_EDGE ( 'NONE', *, *, #342, .T. ) ;
#5620 = LINE ( 'NONE', #4418, #6971 ) ;
#5621 = EDGE_LOOP ( 'NONE', ( #6952, #7867, #7659, #4652 ) ) ;
#5622 = ORIENTED_EDGE ( 'NONE', *, *, #1816, .F. ) ;
#5623 = VERTEX_POINT ( 'NONE', #1085 ) ;
#5624 = EDGE_LOOP ( 'NONE', ( #4421, #7252, #1770, #399 ) ) ;
#5625 = CARTESIAN_POINT ( 'NONE',  ( -35.80000000000000400, 4.350000000000000500, 0.0000000000000000000 ) ) ;
#5626 = LINE ( 'NONE', #7604, #2259 ) ;
#5627 = EDGE_CURVE ( 'NONE', #4235, #978, #2822, .T. ) ;
#5628 = EDGE_LOOP ( 'NONE', ( #3194, #4709, #3948, #1017, #2899, #706, #1194, #3127, #1437, #8159, #2335, #67 ) ) ;
#5629 = DIRECTION ( 'NONE',  ( 0.0000000000000000000, 0.0000000000000000000, 1.000000000000000000 ) ) ;
#5630 = LINE ( 'NONE', #1103, #7187 ) ;
#5631 = ORIENTED_EDGE ( 'NONE', *, *, #4547, .F. ) ;
#5632 = VERTEX_POINT ( 'NONE', #6456 ) ;
#5633 = AXIS2_PLACEMENT_3D ( 'NONE', #4444, #7184, #1053 ) ;
#5634 = CARTESIAN_POINT ( 'NONE',  ( -34.90000000000000600, 4.100000000000000500, 12.50000000000000200 ) ) ;
#5635 = LINE ( 'NONE', #2183, #526 ) ;
#5636 = LINE ( 'NONE', #5770, #6551 ) ;
#5637 = ORIENTED_EDGE ( 'NONE', *, *, #2139, .T. ) ;
#5638 = SURFACE_SIDE_STYLE ('',( #2876 ) ) ;
#5639 = VERTEX_POINT ( 'NONE', #3806 ) ;
#5640 = DIRECTION ( 'NONE',  ( -0.0000000000000000000, 1.000000000000000000, -0.0000000000000000000 ) ) ;
#5641 = ADVANCED_FACE ( 'NONE', ( #7866 ), #4484, .T. ) ;
#5642 = CARTESIAN_POINT ( 'NONE',  ( 34.89999999999999900, 0.8999999999999980200, -12.50000000000000400 ) ) ;
#5643 = FILL_AREA_STYLE_COLOUR ( '', #7596 ) ;
#5644 = VECTOR ( 'NONE', #5181, 1000.000000000000000 ) ;
#5645 = VECTOR ( 'NONE', #267, 1000.000000000000000 ) ;
#5646 = EDGE_LOOP ( 'NONE', ( #2978, #608, #5064, #2318 ) ) ;
#5647 = DIRECTION ( 'NONE',  ( 0.0000000000000000000, 0.0000000000000000000, 1.000000000000000000 ) ) ;
#5648 = VERTEX_POINT ( 'NONE', #5211 ) ;
#5649 = CARTESIAN_POINT ( 'NONE',  ( -8.099947028114725000, 4.100000000000000500, -22.25442155852373800 ) ) ;
#5650 = FACE_OUTER_BOUND ( 'NONE', #8055, .T. ) ;
#5651 = VECTOR ( 'NONE', #2916, 1000.000000000000000 ) ;
#5652 = DIRECTION ( 'NONE',  ( 0.0000000000000000000, 0.0000000000000000000, -1.000000000000000000 ) ) ;
#5653 = ORIENTED_EDGE ( 'NONE', *, *, #2812, .T. ) ;
#5654 = AXIS2_PLACEMENT_3D ( 'NONE', #4056, #42, #3425 ) ;
#5655 = EDGE_CURVE ( 'NONE', #4071, #1722, #122, .T. ) ;
#5656 = CARTESIAN_POINT ( 'NONE',  ( 12.00000000000000000, 4.100000000000000500, 11.25000000000000400 ) ) ;
#5657 = FILL_AREA_STYLE_COLOUR ( '', #5609 ) ;
#5658 = ORIENTED_EDGE ( 'NONE', *, *, #5740, .T. ) ;
#5659 = CARTESIAN_POINT ( 'NONE',  ( -38.85000000000000900, 0.8999999999999980200, 0.2500000000000011100 ) ) ;
#5660 = FACE_OUTER_BOUND ( 'NONE', #5214, .T. ) ;
#5661 = ADVANCED_FACE ( 'NONE', ( #7327 ), #6419, .F. ) ;
#5662 = DIRECTION ( 'NONE',  ( 0.0000000000000000000, 0.0000000000000000000, 1.000000000000000000 ) ) ;
#5663 = ORIENTED_EDGE ( 'NONE', *, *, #3027, .F. ) ;
#5664 = CARTESIAN_POINT ( 'NONE',  ( 0.7500000000000024400, 4.650000000000002100, 12.79999999999999900 ) ) ;
#5665 = EDGE_CURVE ( 'NONE', #6688, #7689, #6805, .T. ) ;
#5666 = DIRECTION ( 'NONE',  ( 0.0000000000000000000, -1.000000000000000000, 0.0000000000000000000 ) ) ;
#5667 = PRODUCT_DEFINITION_SHAPE ( 'NONE', 'NONE',  #8457 ) ;
#5668 = VECTOR ( 'NONE', #5529, 1000.000000000000000 ) ;
#5669 = LINE ( 'NONE', #3709, #2509 ) ;
#5670 = CARTESIAN_POINT ( 'NONE',  ( 0.6250000000000023300, 4.100000000000000500, 12.20000000000000300 ) ) ;
#5671 = DIRECTION ( 'NONE',  ( 1.387778780781446500E-015, 0.0000000000000000000, 1.000000000000000000 ) ) ;
#5672 = ORIENTED_EDGE ( 'NONE', *, *, #8240, .F. ) ;
#5673 = CARTESIAN_POINT ( 'NONE',  ( 32.50000000000000700, 2.500000000000000000, 16.54999999999998600 ) ) ;
#5674 = DIRECTION ( 'NONE',  ( 0.0000000000000000000, -1.000000000000000000, 0.0000000000000000000 ) ) ;
#5675 = EDGE_CURVE ( 'NONE', #7516, #3664, #7016, .T. ) ;
#5676 = DIRECTION ( 'NONE',  ( 0.0000000000000000000, 1.000000000000000000, 0.0000000000000000000 ) ) ;
#5677 = DIRECTION ( 'NONE',  ( -2.096342569156262300E-016, 0.0000000000000000000, -1.000000000000000000 ) ) ;
#5678 = LINE ( 'NONE', #2663, #3918 ) ;
#5679 = DIRECTION ( 'NONE',  ( 0.0000000000000000000, 0.0000000000000000000, 1.000000000000000000 ) ) ;
#5680 = EDGE_CURVE ( 'NONE', #7077, #764, #1265, .T. ) ;
#5681 = ORIENTED_EDGE ( 'NONE', *, *, #3791, .T. ) ;
#5682 = ORIENTED_EDGE ( 'NONE', *, *, #364, .T. ) ;
#5683 = ADVANCED_FACE ( 'NONE', ( #1465 ), #5870, .F. ) ;
#5684 = CARTESIAN_POINT ( 'NONE',  ( 34.89999999999999900, 7.100000000000008500, -12.50000000000000400 ) ) ;
#5685 = PLANE ( 'NONE',  #442 ) ;
#5686 = CARTESIAN_POINT ( 'NONE',  ( -30.72500000000000500, 7.000000000000000000, 2.549999999999996700 ) ) ;
#5687 = DIRECTION ( 'NONE',  ( 1.000000000000000000, -0.0000000000000000000, -0.0000000000000000000 ) ) ;
#5688 = SURFACE_STYLE_FILL_AREA ( #4009 ) ;
#5689 = EDGE_LOOP ( 'NONE', ( #1296, #6383, #6557, #6271 ) ) ;
#5690 = VERTEX_POINT ( 'NONE', #458 ) ;
#5691 = CARTESIAN_POINT ( 'NONE',  ( 30.24999999999998600, 0.0000000000000000000, 16.54999999999998600 ) ) ;
#5692 = FACE_OUTER_BOUND ( 'NONE', #1985, .T. ) ;
#5693 = ADVANCED_FACE ( 'NONE', ( #547 ), #2527, .F. ) ;
#5694 = DIRECTION ( 'NONE',  ( -0.0000000000000000000, -1.000000000000000000, -0.0000000000000000000 ) ) ;
#5695 = VERTEX_POINT ( 'NONE', #1764 ) ;
#5696 = AXIS2_PLACEMENT_3D ( 'NONE', #665, #6035, #7410 ) ;
#5697 = DIRECTION ( 'NONE',  ( -0.0000000000000000000, -0.0000000000000000000, 1.000000000000000000 ) ) ;
#5698 = VERTEX_POINT ( 'NONE', #416 ) ;
#5699 = CARTESIAN_POINT ( 'NONE',  ( 2.625000000000002200, 5.400000000000000400, 11.25000000000000400 ) ) ;
#5700 = EDGE_CURVE ( 'NONE', #5185, #5708, #5884, .T. ) ;
#5701 = CARTESIAN_POINT ( 'NONE',  ( -1.374999999999997800, 5.400000000000000400, 11.25000000000000400 ) ) ;
#5702 = DIRECTION ( 'NONE',  ( 0.0000000000000000000, 0.0000000000000000000, -1.000000000000000000 ) ) ;
#5703 = FACE_OUTER_BOUND ( 'NONE', #6972, .T. ) ;
#5704 = ADVANCED_FACE ( 'NONE', ( #3798 ), #1697, .F. ) ;
#5705 = CARTESIAN_POINT ( 'NONE',  ( -5.249999999999997300, 5.049999999999998000, 12.40000000000000400 ) ) ;
#5706 = SURFACE_STYLE_USAGE ( .BOTH. , #1014 ) ;
#5707 = VECTOR ( 'NONE', #5671, 1000.000000000000000 ) ;
#5708 = VERTEX_POINT ( 'NONE', #3151 ) ;
#5709 = ORIENTED_EDGE ( 'NONE', *, *, #8520, .T. ) ;
#5710 = DIRECTION ( 'NONE',  ( 0.0000000000000000000, 1.000000000000000000, -0.0000000000000000000 ) ) ;
#5711 = FACE_OUTER_BOUND ( 'NONE', #4228, .T. ) ;
#5712 = VECTOR ( 'NONE', #5869, 1000.000000000000000 ) ;
#5713 = ORIENTED_EDGE ( 'NONE', *, *, #7942, .T. ) ;
#5714 = ORIENTED_EDGE ( 'NONE', *, *, #3482, .F. ) ;
#5715 = ORIENTED_EDGE ( 'NONE', *, *, #8240, .T. ) ;
#5716 = CARTESIAN_POINT ( 'NONE',  ( -7.249999999999997300, 4.650000000000002100, 12.40000000000000400 ) ) ;
#5717 = AXIS2_PLACEMENT_3D ( 'NONE', #1999, #4083, #8010 ) ;
#5718 = CARTESIAN_POINT ( 'NONE',  ( 5.375000000000004400, 5.700000000000000200, 12.50000000000000200 ) ) ;
#5719 = CARTESIAN_POINT ( 'NONE',  ( 30.27499999999999500, 7.299999999999999800, -9.050000000000009600 ) ) ;
#5720 = EDGE_CURVE ( 'NONE', #6982, #1976, #3906, .T. ) ;
#5721 = VECTOR ( 'NONE', #8068, 1000.000000000000000 ) ;
#5722 = EDGE_CURVE ( 'NONE', #5048, #8650, #7954, .T. ) ;
#5723 = ORIENTED_EDGE ( 'NONE', *, *, #3587, .F. ) ;
#5724 = CYLINDRICAL_SURFACE ( 'NONE', #4754, 0.8999999999999980200 ) ;
#5725 = ORIENTED_EDGE ( 'NONE', *, *, #7990, .F. ) ;
#5726 = ORIENTED_EDGE ( 'NONE', *, *, #5377, .F. ) ;
#5727 = ORIENTED_EDGE ( 'NONE', *, *, #6061, .F. ) ;
#5728 = CARTESIAN_POINT ( 'NONE',  ( 2.625000000000002200, 5.700000000000000200, 11.25000000000000400 ) ) ;
#5729 = ADVANCED_FACE ( 'NONE', ( #2492 ), #8447, .F. ) ;
#5730 = LINE ( 'NONE', #4128, #3965 ) ;
#5731 = EDGE_LOOP ( 'NONE', ( #2202, #7949, #2773, #5589 ) ) ;
#5732 =( LENGTH_UNIT ( ) NAMED_UNIT ( * ) SI_UNIT ( .MILLI., .METRE. ) );
#5733 = VECTOR ( 'NONE', #3568, 1000.000000000000000 ) ;
#5734 = VERTEX_POINT ( 'NONE', #2486 ) ;
#5735 = ORIENTED_EDGE ( 'NONE', *, *, #1303, .F. ) ;
#5736 = ORIENTED_EDGE ( 'NONE', *, *, #798, .F. ) ;
#5737 = EDGE_CURVE ( 'NONE', #2319, #6587, #8286, .T. ) ;
#5738 = CARTESIAN_POINT ( 'NONE',  ( 28.52499999999999500, 7.299999999999999800, -10.80000000000001100 ) ) ;
#5739 = DIRECTION ( 'NONE',  ( 0.0000000000000000000, 0.0000000000000000000, -1.000000000000000000 ) ) ;
#5740 = EDGE_CURVE ( 'NONE', #6756, #3389, #1154, .T. ) ;
#5741 = CARTESIAN_POINT ( 'NONE',  ( -3.249999999999997800, 4.650000000000002100, 12.40000000000000400 ) ) ;
#5742 = DIRECTION ( 'NONE',  ( 0.0000000000000000000, -1.000000000000000000, 0.0000000000000000000 ) ) ;
#5743 = VECTOR ( 'NONE', #6855, 1000.000000000000000 ) ;
#5744 = PRESENTATION_STYLE_ASSIGNMENT (( #6689 ) ) ;
#5745 = ORIENTED_EDGE ( 'NONE', *, *, #4896, .T. ) ;
#5746 = LINE ( 'NONE', #3900, #185 ) ;
#5747 = ORIENTED_EDGE ( 'NONE', *, *, #1559, .T. ) ;
#5748 = ADVANCED_FACE ( 'NONE', ( #3460 ), #8514, .F. ) ;
#5749 = ORIENTED_EDGE ( 'NONE', *, *, #3855, .F. ) ;
#5750 = CARTESIAN_POINT ( 'NONE',  ( -32.50000000000000000, 0.0000000000000000000, -16.54999999999999700 ) ) ;
#5751 =( GEOMETRIC_REPRESENTATION_CONTEXT ( 3 ) GLOBAL_UNCERTAINTY_ASSIGNED_CONTEXT ( ( #8607 ) ) GLOBAL_UNIT_ASSIGNED_CONTEXT ( ( #2342, #7048, #3041 ) ) REPRESENTATION_CONTEXT ( 'NONE', 'WORKASPACE' ) );
#5752 = DIRECTION ( 'NONE',  ( 0.0000000000000000000, 0.0000000000000000000, 1.000000000000000000 ) ) ;
#5753 = FACE_OUTER_BOUND ( 'NONE', #2470, .T. ) ;
#5754 = VERTEX_POINT ( 'NONE', #7815 ) ;
#5755 = AXIS2_PLACEMENT_3D ( 'NONE', #5283, #1975, #4644 ) ;
#5756 = CARTESIAN_POINT ( 'NONE',  ( -5.374999999999998200, 4.100000000000000500, 12.20000000000000300 ) ) ;
#5757 = PLANE ( 'NONE',  #138 ) ;
#5758 = CARTESIAN_POINT ( 'NONE',  ( -6.749999999999997300, -4.699999999999997500, 12.80000000000000200 ) ) ;
#5759 = DIRECTION ( 'NONE',  ( 0.0000000000000000000, 0.0000000000000000000, -1.000000000000000000 ) ) ;
#5760 = VECTOR ( 'NONE', #1759, 1000.000000000000000 ) ;
#5761 = VECTOR ( 'NONE', #3464, 1000.000000000000000 ) ;
#5762 = CARTESIAN_POINT ( 'NONE',  ( -2.625000000000014700, 5.700000000000000200, 9.194034422677102800E-015 ) ) ;
#5763 = ORIENTED_EDGE ( 'NONE', *, *, #8087, .T. ) ;
#5764 = APPLICATION_PROTOCOL_DEFINITION ( 'draft international standard', 'automotive_design', 1998, #7068 ) ;
#5765 = CARTESIAN_POINT ( 'NONE',  ( 30.59999999999993400, 11.40000000000002500, -8.199999999999839400 ) ) ;
#5766 = LINE ( 'NONE', #5943, #4611 ) ;
#5767 = UNCERTAINTY_MEASURE_WITH_UNIT (LENGTH_MEASURE( 1.000000000000000100E-005 ), #8199, 'distance_accuracy_value', 'NONE');
#5768 = VECTOR ( 'NONE', #4602, 1000.000000000000000 ) ;
#5769 = CARTESIAN_POINT ( 'NONE',  ( 6.750000000000002700, 4.650000000000002100, 12.40000000000000400 ) ) ;
#5770 = CARTESIAN_POINT ( 'NONE',  ( -2.625000000000014700, 4.100000000000000500, 3.642919299551317800E-015 ) ) ;
#5771 = EDGE_LOOP ( 'NONE', ( #3469, #3442, #6743, #4189 ) ) ;
#5772 = PRESENTATION_LAYER_ASSIGNMENT (  '', '', ( #5895 ) ) ;
#5773 = LINE ( 'NONE', #3385, #7334 ) ;
#5774 = EDGE_CURVE ( 'NONE', #1082, #1127, #3232, .T. ) ;
#5775 = EDGE_CURVE ( 'NONE', #8648, #4916, #113, .T. ) ;
#5776 = LINE ( 'NONE', #3660, #2193 ) ;
#5777 = PLANE ( 'NONE',  #5942 ) ;
#5778 = ORIENTED_EDGE ( 'NONE', *, *, #1094, .T. ) ;
#5779 = VERTEX_POINT ( 'NONE', #3658 ) ;
#5780 = CARTESIAN_POINT ( 'NONE',  ( 5.374999999999985800, 4.100000000000000500, 9.194034422677102800E-015 ) ) ;
#5781 = CARTESIAN_POINT ( 'NONE',  ( 35.79999999999999000, 7.299999999999999800, -13.54999999999999900 ) ) ;
#5782 = LINE ( 'NONE', #1181, #7346 ) ;
#5783 = DIRECTION ( 'NONE',  ( 0.0000000000000000000, 1.000000000000000000, 0.0000000000000000000 ) ) ;
#5784 = CARTESIAN_POINT ( 'NONE',  ( 0.0000000000000000000, 4.100000000000000500, 11.25000000000000400 ) ) ;
#5785 = LINE ( 'NONE', #3573, #5577 ) ;
#5786 = ORIENTED_EDGE ( 'NONE', *, *, #4163, .T. ) ;
#5787 = ADVANCED_FACE ( 'NONE', ( #9 ), #2968, .F. ) ;
#5788 = EDGE_CURVE ( 'NONE', #4357, #4562, #1658, .T. ) ;
#5789 = EDGE_CURVE ( 'NONE', #137, #5442, #4508, .T. ) ;
#5790 = SURFACE_STYLE_USAGE ( .BOTH. , #6390 ) ;
#5791 = CYLINDRICAL_SURFACE ( 'NONE', #4438, 0.3999999999999958600 ) ;
#5792 = ORIENTED_EDGE ( 'NONE', *, *, #4653, .F. ) ;
#5793 = DIRECTION ( 'NONE',  ( 0.0000000000000000000, 8.673617379884013400E-015, -1.000000000000000000 ) ) ;
#5794 = VERTEX_POINT ( 'NONE', #379 ) ;
#5795 = EDGE_CURVE ( 'NONE', #6727, #7305, #7439, .T. ) ;
#5796 = EDGE_CURVE ( 'NONE', #1059, #8567, #2932, .T. ) ;
#5797 = ORIENTED_EDGE ( 'NONE', *, *, #6665, .T. ) ;
#5798 = PRESENTATION_LAYER_ASSIGNMENT (  '', '', ( #3686 ) ) ;
#5799 = DIRECTION ( 'NONE',  ( 0.0000000000000000000, 0.0000000000000000000, 1.000000000000000000 ) ) ;
#5800 = DIRECTION ( 'NONE',  ( -0.0000000000000000000, 1.000000000000000000, -0.0000000000000000000 ) ) ;
#5801 = CARTESIAN_POINT ( 'NONE',  ( -34.40000000000000600, 6.899999999999998600, -6.249999999999999100 ) ) ;
#5802 = CARTESIAN_POINT ( 'NONE',  ( -35.80000000000000400, 4.100000000000000500, 0.0000000000000000000 ) ) ;
#5803 = EDGE_LOOP ( 'NONE', ( #6794, #7236, #3960, #8409 ) ) ;
#5804 = DIRECTION ( 'NONE',  ( 0.0000000000000000000, 0.0000000000000000000, 1.000000000000000000 ) ) ;
#5805 = DIRECTION ( 'NONE',  ( 0.0000000000000000000, 0.0000000000000000000, 1.000000000000000000 ) ) ;
#5806 = DIRECTION ( 'NONE',  ( 0.0000000000000000000, 1.000000000000000000, -0.0000000000000000000 ) ) ;
#5807 = CARTESIAN_POINT ( 'NONE',  ( 7.250000000000002700, 5.049999999999999800, 12.20000000000000300 ) ) ;
#5808 = DIRECTION ( 'NONE',  ( 0.0000000000000000000, 0.0000000000000000000, 1.000000000000000000 ) ) ;
#5809 = CARTESIAN_POINT ( 'NONE',  ( 34.70000000000001000, 7.299999999999999800, -12.30000000000000600 ) ) ;
#5810 = VECTOR ( 'NONE', #7929, 1000.000000000000000 ) ;
#5811 = VECTOR ( 'NONE', #1570, 1000.000000000000000 ) ;
#5812 = ORIENTED_EDGE ( 'NONE', *, *, #771, .T. ) ;
#5813 = EDGE_CURVE ( 'NONE', #7509, #4550, #3571, .T. ) ;
#5814 = DIRECTION ( 'NONE',  ( 0.0000000000000000000, 1.000000000000000000, 0.0000000000000000000 ) ) ;
#5815 = DIRECTION ( 'NONE',  ( 0.0000000000000000000, 0.0000000000000000000, 1.000000000000000000 ) ) ;
#5816 = FACE_OUTER_BOUND ( 'NONE', #425, .T. ) ;
#5817 = PLANE ( 'NONE',  #1987 ) ;
#5818 = CARTESIAN_POINT ( 'NONE',  ( -28.97500000000000100, 7.299999999999999800, 2.549999999999996700 ) ) ;
#5819 = EDGE_CURVE ( 'NONE', #6140, #8185, #7658, .T. ) ;
#5820 = LINE ( 'NONE', #7137, #895 ) ;
#5821 = ORIENTED_EDGE ( 'NONE', *, *, #771, .F. ) ;
#5822 = EDGE_LOOP ( 'NONE', ( #5404, #7296, #4197, #6816 ) ) ;
#5823 = CARTESIAN_POINT ( 'NONE',  ( -39.90000000000000600, 4.100000000000000500, 4.180148828669031100 ) ) ;
#5824 = VECTOR ( 'NONE', #3696, 1000.000000000000000 ) ;
#5825 = ORIENTED_EDGE ( 'NONE', *, *, #1969, .F. ) ;
#5826 = DIRECTION ( 'NONE',  ( -1.000000000000000000, 0.0000000000000000000, 0.0000000000000000000 ) ) ;
#5827 = CARTESIAN_POINT ( 'NONE',  ( -32.50000000000000000, 2.500000000000000000, -16.54999999999999700 ) ) ;
#5828 = CLOSED_SHELL ( 'NONE', ( #1381, #7080, #4465, #1188, #3086, #8033, #1140, #8610, #8318, #183 ) ) ;
#5829 = DIRECTION ( 'NONE',  ( 1.000000000000000000, -0.0000000000000000000, -0.0000000000000000000 ) ) ;
#5830 = VECTOR ( 'NONE', #8255, 1000.000000000000000 ) ;
#5831 = ORIENTED_EDGE ( 'NONE', *, *, #1513, .T. ) ;
#5832 = ORIENTED_EDGE ( 'NONE', *, *, #3907, .F. ) ;
#5833 = ORIENTED_EDGE ( 'NONE', *, *, #3310, .T. ) ;
#5834 = ORIENTED_EDGE ( 'NONE', *, *, #3153, .F. ) ;
#5835 = AXIS2_PLACEMENT_3D ( 'NONE', #7070, #3822, #449 ) ;
#5836 = CARTESIAN_POINT ( 'NONE',  ( -0.6249999999999987800, 4.100000000000000500, 11.25000000000000400 ) ) ;
#5837 = EDGE_CURVE ( 'NONE', #8628, #1732, #7007, .T. ) ;
#5838 = CARTESIAN_POINT ( 'NONE',  ( -4.624999999999997300, 5.700000000000000200, 12.50000000000000200 ) ) ;
#5839 = CARTESIAN_POINT ( 'NONE',  ( 1.375000000000002900, 5.700000000000000200, 12.20000000000000300 ) ) ;
#5840 = VECTOR ( 'NONE', #3253, 1000.000000000000000 ) ;
#5841 = FACE_OUTER_BOUND ( 'NONE', #7569, .T. ) ;
#5842 = ORIENTED_EDGE ( 'NONE', *, *, #7692, .T. ) ;
#5843 = EDGE_CURVE ( 'NONE', #7398, #1148, #5141, .T. ) ;
#5844 = DIRECTION ( 'NONE',  ( 1.000000000000000000, -0.0000000000000000000, -0.0000000000000000000 ) ) ;
#5845 = FACE_OUTER_BOUND ( 'NONE', #8092, .T. ) ;
#5846 = ORIENTED_EDGE ( 'NONE', *, *, #6267, .F. ) ;
#5847 = DIRECTION ( 'NONE',  ( 0.0000000000000000000, 0.0000000000000000000, 1.000000000000000000 ) ) ;
#5848 = EDGE_LOOP ( 'NONE', ( #7926, #5386, #6978, #1385 ) ) ;
#5849 = VERTEX_POINT ( 'NONE', #4392 ) ;
#5850 = ORIENTED_EDGE ( 'NONE', *, *, #946, .F. ) ;
#5851 = CARTESIAN_POINT ( 'NONE',  ( -8.099947028114725000, 4.100000000000000500, -22.25442155852373800 ) ) ;
#5852 = EDGE_CURVE ( 'NONE', #5204, #2288, #322, .T. ) ;
#5853 = PLANE ( 'NONE',  #4407 ) ;
#5854 = LINE ( 'NONE', #3671, #5213 ) ;
#5855 = ADVANCED_FACE ( 'NONE', ( #5237 ), #8398, .F. ) ;
#5856 = LINE ( 'NONE', #612, #2269 ) ;
#5857 = EDGE_CURVE ( 'NONE', #4500, #3639, #4313, .T. ) ;
#5858 = ORIENTED_EDGE ( 'NONE', *, *, #4851, .T. ) ;
#5859 = ORIENTED_EDGE ( 'NONE', *, *, #4195, .F. ) ;
#5860 = PLANE ( 'NONE',  #4086 ) ;
#5861 = AXIS2_PLACEMENT_3D ( 'NONE', #3085, #7064, #3819 ) ;
#5862 = CARTESIAN_POINT ( 'NONE',  ( -1.249999999999997600, 4.650000000000002100, 12.40000000000000400 ) ) ;
#5863 = VECTOR ( 'NONE', #1833, 1000.000000000000000 ) ;
#5864 = CIRCLE ( 'NONE', #1913, 2.250000000000016000 ) ;
#5865 = VERTEX_POINT ( 'NONE', #352 ) ;
#5866 = ORIENTED_EDGE ( 'NONE', *, *, #6905, .T. ) ;
#5867 = ADVANCED_FACE ( 'NONE', ( #1773 ), #8331, .T. ) ;
#5868 = CARTESIAN_POINT ( 'NONE',  ( 4.750000000000002700, -4.699999999999999300, 12.50000000000000200 ) ) ;
#5869 = DIRECTION ( 'NONE',  ( 0.0000000000000000000, 0.0000000000000000000, 1.000000000000000000 ) ) ;
#5870 = PLANE ( 'NONE',  #2522 ) ;
#5871 = DIRECTION ( 'NONE',  ( 1.387778780781446900E-015, 0.0000000000000000000, 1.000000000000000000 ) ) ;
#5872 = VECTOR ( 'NONE', #169, 1000.000000000000000 ) ;
#5873 = LINE ( 'NONE', #2367, #8176 ) ;
#5874 = EDGE_LOOP ( 'NONE', ( #8180, #3645, #4080, #795 ) ) ;
#5875 = ORIENTED_EDGE ( 'NONE', *, *, #6905, .F. ) ;
#5876 = DIRECTION ( 'NONE',  ( -0.9396926207859105400, 0.0000000000000000000, -0.3420201433256627200 ) ) ;
#5877 = EDGE_CURVE ( 'NONE', #5215, #5216, #6796, .T. ) ;
#5878 = ORIENTED_EDGE ( 'NONE', *, *, #4527, .T. ) ;
#5879 = PLANE ( 'NONE',  #6157 ) ;
#5880 = DIRECTION ( 'NONE',  ( 1.000000000000000000, 0.0000000000000000000, -2.168404344971008900E-016 ) ) ;
#5881 = CARTESIAN_POINT ( 'NONE',  ( -39.90000000000000600, 4.350000000000000500, -10.68014882866898500 ) ) ;
#5882 = CARTESIAN_POINT ( 'NONE',  ( -4.624999999999997300, 5.700000000000000200, 12.20000000000000300 ) ) ;
#5883 = FACE_OUTER_BOUND ( 'NONE', #4461, .T. ) ;
#5884 = LINE ( 'NONE', #6433, #2293 ) ;
#5885 = AXIS2_PLACEMENT_3D ( 'NONE', #530, #5783, #2510 ) ;
#5886 = VERTEX_POINT ( 'NONE', #5060 ) ;
#5887 = CARTESIAN_POINT ( 'NONE',  ( 0.7500000000000024400, 5.049999999999999800, 12.20000000000000300 ) ) ;
#5888 = DIRECTION ( 'NONE',  ( 0.0000000000000000000, 1.000000000000000000, 0.0000000000000000000 ) ) ;
#5889 = DIRECTION ( 'NONE',  ( 0.0000000000000000000, -1.000000000000000000, 0.0000000000000000000 ) ) ;
#5890 = VECTOR ( 'NONE', #3299, 1000.000000000000000 ) ;
#5891 = CARTESIAN_POINT ( 'NONE',  ( 28.52499999999999500, 7.000000000000000000, -10.80000000000001100 ) ) ;
#5892 = VECTOR ( 'NONE', #3899, 1000.000000000000000 ) ;
#5893 = EDGE_CURVE ( 'NONE', #6475, #4556, #3033, .T. ) ;
#5894 = ORIENTED_EDGE ( 'NONE', *, *, #5655, .F. ) ;
#5895 = STYLED_ITEM ( 'NONE', ( #6347 ), #1886 ) ;
#5896 = EDGE_CURVE ( 'NONE', #8094, #8170, #3896, .T. ) ;
#5897 = DIRECTION ( 'NONE',  ( 1.000000000000000000, 0.0000000000000000000, 0.0000000000000000000 ) ) ;
#5898 = EDGE_CURVE ( 'NONE', #1960, #6627, #1456, .T. ) ;
#5899 = DIRECTION ( 'NONE',  ( -0.0000000000000000000, 1.000000000000000000, -0.0000000000000000000 ) ) ;
#5900 = DIRECTION ( 'NONE',  ( 0.0000000000000000000, 0.0000000000000000000, 1.000000000000000000 ) ) ;
#5901 = VECTOR ( 'NONE', #6792, 1000.000000000000000 ) ;
#5902 = ADVANCED_FACE ( 'NONE', ( #722 ), #3055, .F. ) ;
#5903 = VERTEX_POINT ( 'NONE', #439 ) ;
#5904 = DIRECTION ( 'NONE',  ( -1.387778780781446300E-015, 0.0000000000000000000, -1.000000000000000000 ) ) ;
#5905 = CARTESIAN_POINT ( 'NONE',  ( 0.0000000000000000000, 0.8999999999999980200, 0.0000000000000000000 ) ) ;
#5906 = CARTESIAN_POINT ( 'NONE',  ( -34.90000000000000600, 4.350000000000000500, -12.50000000000000400 ) ) ;
#5907 = LINE ( 'NONE', #8668, #2002 ) ;
#5908 = EDGE_CURVE ( 'NONE', #2982, #5698, #7215, .T. ) ;
#5909 = ADVANCED_FACE ( 'NONE', ( #1257 ), #1034, .F. ) ;
#5910 = EDGE_LOOP ( 'NONE', ( #1192, #1622, #8136, #2987 ) ) ;
#5911 = ORIENTED_EDGE ( 'NONE', *, *, #3546, .T. ) ;
#5912 = AXIS2_PLACEMENT_3D ( 'NONE', #1576, #5016, #6266 ) ;
#5913 = DIRECTION ( 'NONE',  ( 0.0000000000000000000, 0.0000000000000000000, -1.000000000000000000 ) ) ;
#5914 = VECTOR ( 'NONE', #5496, 1000.000000000000000 ) ;
#5915 = ORIENTED_EDGE ( 'NONE', *, *, #4114, .F. ) ;
#5916 = EDGE_LOOP ( 'NONE', ( #6065, #1647, #3771, #1222 ) ) ;
#5917 = EDGE_CURVE ( 'NONE', #61, #1008, #5873, .T. ) ;
#5918 = FACE_OUTER_BOUND ( 'NONE', #4945, .T. ) ;
#5919 = AXIS2_PLACEMENT_3D ( 'NONE', #2362, #7760, #5106 ) ;
#5920 = FACE_OUTER_BOUND ( 'NONE', #1610, .T. ) ;
#5921 = CARTESIAN_POINT ( 'NONE',  ( -34.90000000000000600, 4.100000000000000500, 12.50000000000000200 ) ) ;
#5922 = VERTEX_POINT ( 'NONE', #1691 ) ;
#5923 = EDGE_LOOP ( 'NONE', ( #6822, #8273 ) ) ;
#5924 = DIRECTION ( 'NONE',  ( 0.0000000000000000000, 0.0000000000000000000, -1.000000000000000000 ) ) ;
#5925 = DIRECTION ( 'NONE',  ( -1.000000000000000000, 0.0000000000000000000, -0.0000000000000000000 ) ) ;
#5926 = LINE ( 'NONE', #3125, #7902 ) ;
#5927 = LINE ( 'NONE', #335, #163 ) ;
#5928 = VERTEX_POINT ( 'NONE', #7059 ) ;
#5929 = VERTEX_POINT ( 'NONE', #3740 ) ;
#5930 = LINE ( 'NONE', #4384, #4167 ) ;
#5931 = DIRECTION ( 'NONE',  ( 1.000000000000000000, 0.0000000000000000000, 0.0000000000000000000 ) ) ;
#5932 = DIRECTION ( 'NONE',  ( 0.0000000000000000000, 0.0000000000000000000, 1.000000000000000000 ) ) ;
#5933 = CARTESIAN_POINT ( 'NONE',  ( 7.250000000000002700, -4.699999999999997500, 12.80000000000000200 ) ) ;
#5934 = VECTOR ( 'NONE', #7869, 1000.000000000000000 ) ;
#5935 = DIRECTION ( 'NONE',  ( 1.000000000000000000, -0.0000000000000000000, 0.0000000000000000000 ) ) ;
#5936 = ORIENTED_EDGE ( 'NONE', *, *, #454, .T. ) ;
#5937 = ORIENTED_EDGE ( 'NONE', *, *, #5877, .F. ) ;
#5938 = ORIENTED_EDGE ( 'NONE', *, *, #4249, .F. ) ;
#5939 = ORIENTED_EDGE ( 'NONE', *, *, #269, .T. ) ;
#5940 = ADVANCED_FACE ( 'NONE', ( #4103 ), #5757, .T. ) ;
#5941 = CARTESIAN_POINT ( 'NONE',  ( 34.75000000000002100, 7.299999999999999800, 13.55000000000000200 ) ) ;
#5942 = AXIS2_PLACEMENT_3D ( 'NONE', #6420, #5212, #8470 ) ;
#5943 = CARTESIAN_POINT ( 'NONE',  ( 34.89999999999999900, 4.100000000000000500, 12.50000000000000200 ) ) ;
#5944 = EDGE_CURVE ( 'NONE', #6587, #4678, #6373, .T. ) ;
#5945 = EDGE_CURVE ( 'NONE', #2762, #564, #5441, .T. ) ;
#5946 = LINE ( 'NONE', #7729, #3120 ) ;
#5947 = ORIENTED_EDGE ( 'NONE', *, *, #171, .F. ) ;
#5948 = ORIENTED_EDGE ( 'NONE', *, *, #5541, .T. ) ;
#5949 = VECTOR ( 'NONE', #2664, 1000.000000000000000 ) ;
#5950 = ORIENTED_EDGE ( 'NONE', *, *, #5819, .F. ) ;
#5951 = VERTEX_POINT ( 'NONE', #8418 ) ;
#5952 = CLOSED_SHELL ( 'NONE', ( #2661, #3495, #5241, #769, #2713, #8001, #3736, #6470, #6928, #4333, #1399, #1330, #811, #1162, #6253 ) ) ;
#5953 = ADVANCED_FACE ( 'NONE', ( #541 ), #7056, .F. ) ;
#5954 = CARTESIAN_POINT ( 'NONE',  ( 2.625000000000002200, 4.100000000000000500, 11.25000000000000400 ) ) ;
#5955 = CARTESIAN_POINT ( 'NONE',  ( -28.97500000000000100, 7.299999999999999800, -9.050000000000002500 ) ) ;
#5956 = CARTESIAN_POINT ( 'NONE',  ( -2.749999999999997300, -4.699999999999997500, 12.80000000000000200 ) ) ;
#5957 = DIRECTION ( 'NONE',  ( 0.0000000000000000000, 0.0000000000000000000, -1.000000000000000000 ) ) ;
#5958 = VECTOR ( 'NONE', #5316, 1000.000000000000000 ) ;
#5959 = VECTOR ( 'NONE', #8012, 1000.000000000000000 ) ;
#5960 = ORIENTED_EDGE ( 'NONE', *, *, #5898, .F. ) ;
#5961 = DIRECTION ( 'NONE',  ( 0.0000000000000000000, 0.0000000000000000000, -1.000000000000000000 ) ) ;
#5962 = EDGE_LOOP ( 'NONE', ( #508, #3543, #6113, #1436, #2774, #249, #2892, #3224, #6218, #2669, #4472, #7770, #5492, #4229, #4104, #6317, #5653, #3994, #922, #3890, #8264, #644, #256, #3441, #4007, #8451, #8474, #5714, #3173, #313, #1637, #5821, #5866, #2518, #3093, #8243, #5747, #5619, #3011, #7807 ) ) ;
#5963 = VERTEX_POINT ( 'NONE', #3117 ) ;
#5964 = EDGE_CURVE ( 'NONE', #6350, #5612, #3676, .T. ) ;
#5965 = CARTESIAN_POINT ( 'NONE',  ( -7.374999999999998200, 5.400000000000000400, 11.25000000000000400 ) ) ;
#5966 = CYLINDRICAL_SURFACE ( 'NONE', #4937, 0.09999999999999939500 ) ;
#5967 = LINE ( 'NONE', #3115, #1549 ) ;
#5968 = ORIENTED_EDGE ( 'NONE', *, *, #4949, .F. ) ;
#5969 = DIRECTION ( 'NONE',  ( -1.387778780781446300E-015, 0.0000000000000000000, -1.000000000000000000 ) ) ;
#5970 = EDGE_CURVE ( 'NONE', #6883, #4678, #2818, .T. ) ;
#5971 = DIRECTION ( 'NONE',  ( 0.0000000000000000000, 1.000000000000000000, -0.0000000000000000000 ) ) ;
#5972 = CARTESIAN_POINT ( 'NONE',  ( 2.750000000000002700, -4.699999999999999300, 12.50000000000000200 ) ) ;
#5973 = LINE ( 'NONE', #2142, #5440 ) ;
#5974 = LINE ( 'NONE', #1016, #1973 ) ;
#5975 = DIRECTION ( 'NONE',  ( 1.000000000000000000, -0.0000000000000000000, -0.0000000000000000000 ) ) ;
#5976 = DIRECTION ( 'NONE',  ( 0.0000000000000000000, 1.000000000000000000, -0.0000000000000000000 ) ) ;
#5977 = AXIS2_PLACEMENT_3D ( 'NONE', #1276, #1552, #3588 ) ;
#5978 = ORIENTED_EDGE ( 'NONE', *, *, #4594, .F. ) ;
#5979 = CARTESIAN_POINT ( 'NONE',  ( 7.374999999999985800, 5.700000000000000200, 9.194034422677102800E-015 ) ) ;
#5980 = VECTOR ( 'NONE', #2832, 1000.000000000000000 ) ;
#5981 = PLANE ( 'NONE',  #7341 ) ;
#5982 = PLANE ( 'NONE',  #7211 ) ;
#5983 = CARTESIAN_POINT ( 'NONE',  ( 2.000000000000000000, 5.700000000000000200, 0.0000000000000000000 ) ) ;
#5984 = EDGE_LOOP ( 'NONE', ( #3015, #5198, #6555, #5381 ) ) ;
#5985 = ADVANCED_FACE ( 'NONE', ( #6907 ), #7133, .F. ) ;
#5986 = DIRECTION ( 'NONE',  ( -1.000000000000000000, -0.0000000000000000000, -0.0000000000000000000 ) ) ;
#5987 = AXIS2_PLACEMENT_3D ( 'NONE', #1791, #2483, #3925 ) ;
#5988 = SURFACE_STYLE_FILL_AREA ( #5467 ) ;
#5989 = VECTOR ( 'NONE', #875, 1000.000000000000000 ) ;
#5990 = DIRECTION ( 'NONE',  ( -0.0000000000000000000, 0.0000000000000000000, 1.000000000000000000 ) ) ;
#5991 = DIRECTION ( 'NONE',  ( -1.000000000000000000, 0.0000000000000000000, 1.387778780781446900E-015 ) ) ;
#5992 = ORIENTED_EDGE ( 'NONE', *, *, #1644, .T. ) ;
#5993 = AXIS2_PLACEMENT_3D ( 'NONE', #2992, #349, #1670 ) ;
#5994 = EDGE_CURVE ( 'NONE', #8123, #5479, #3348, .T. ) ;
#5995 = ORIENTED_EDGE ( 'NONE', *, *, #5722, .F. ) ;
#5996 = LINE ( 'NONE', #5691, #950 ) ;
#5997 = CARTESIAN_POINT ( 'NONE',  ( -39.90000000000000600, 4.350000000000000500, -10.68014882866898500 ) ) ;
#5998 = ORIENTED_EDGE ( 'NONE', *, *, #5330, .T. ) ;
#5999 = VECTOR ( 'NONE', #3625, 1000.000000000000000 ) ;
#6000 = EDGE_LOOP ( 'NONE', ( #8103, #8135, #6056, #8453 ) ) ;
#6001 = CARTESIAN_POINT ( 'NONE',  ( 28.52499999999999500, 7.000000000000000000, 4.299999999999989200 ) ) ;
#6002 = DIRECTION ( 'NONE',  ( 0.0000000000000000000, -0.0000000000000000000, 1.000000000000000000 ) ) ;
#6003 = LINE ( 'NONE', #6705, #3707 ) ;
#6004 = AXIS2_PLACEMENT_3D ( 'NONE', #63, #2230, #262 ) ;
#6005 = VERTEX_POINT ( 'NONE', #5838 ) ;
#6006 = EDGE_CURVE ( 'NONE', #7141, #4849, #1039, .T. ) ;
#6007 = CARTESIAN_POINT ( 'NONE',  ( 15.00000000000000000, 7.299999999999999800, 12.50000000000000200 ) ) ;
#6008 = CARTESIAN_POINT ( 'NONE',  ( 2.750000000000002700, 4.650000000000002100, 12.40000000000000400 ) ) ;
#6009 = CARTESIAN_POINT ( 'NONE',  ( 15.00000000000000000, 7.300000000000005200, 13.55000000000000200 ) ) ;
#6010 = COLOUR_RGB ( '',1.000000000000000000, 1.000000000000000000, 1.000000000000000000 ) ;
#6011 = CARTESIAN_POINT ( 'NONE',  ( -1.249999999999997600, -4.699999999999999300, 12.50000000000000200 ) ) ;
#6012 = EDGE_CURVE ( 'NONE', #3107, #6526, #3340, .T. ) ;
#6013 = DIRECTION ( 'NONE',  ( 0.0000000000000000000, -0.0000000000000000000, -1.000000000000000000 ) ) ;
#6014 = DIRECTION ( 'NONE',  ( -1.000000000000000000, 0.0000000000000000000, 0.0000000000000000000 ) ) ;
#6015 = EDGE_CURVE ( 'NONE', #5081, #6536, #1762, .T. ) ;
#6016 = VECTOR ( 'NONE', #7650, 1000.000000000000000 ) ;
#6017 = ORIENTED_EDGE ( 'NONE', *, *, #369, .T. ) ;
#6018 = ORIENTED_EDGE ( 'NONE', *, *, #6700, .F. ) ;
#6019 = DIRECTION ( 'NONE',  ( -1.000000000000000000, 0.0000000000000000000, -0.0000000000000000000 ) ) ;
#6020 = PLANE ( 'NONE',  #2874 ) ;
#6021 = PLANE ( 'NONE',  #6841 ) ;
#6022 = CARTESIAN_POINT ( 'NONE',  ( -8.099947028114725000, 4.350000000000000500, -22.25442155852373800 ) ) ;
#6023 = CARTESIAN_POINT ( 'NONE',  ( -34.90000000000000600, 4.100000000000000500, 0.2500000000000002200 ) ) ;
#6024 = LINE ( 'NONE', #8000, #8632 ) ;
#6025 = CARTESIAN_POINT ( 'NONE',  ( -5.374999999999998200, 5.700000000000000200, 11.25000000000000400 ) ) ;
#6026 = CARTESIAN_POINT ( 'NONE',  ( -34.90000000000000600, 5.700000000000000200, -12.50000000000000400 ) ) ;
#6027 = LINE ( 'NONE', #645, #6125 ) ;
#6028 = ORIENTED_EDGE ( 'NONE', *, *, #7817, .F. ) ;
#6029 = AXIS2_PLACEMENT_3D ( 'NONE', #8374, #4262, #6259 ) ;
#6030 = ADVANCED_FACE ( 'NONE', ( #712 ), #4380, .F. ) ;
#6031 = DIRECTION ( 'NONE',  ( 0.0000000000000000000, 0.0000000000000000000, -1.000000000000000000 ) ) ;
#6032 = CARTESIAN_POINT ( 'NONE',  ( 0.0000000000000000000, 4.100000000000000500, 0.0000000000000000000 ) ) ;
#6033 = UNCERTAINTY_MEASURE_WITH_UNIT (LENGTH_MEASURE( 1.000000000000000100E-005 ), #5531, 'distance_accuracy_value', 'NONE');
#6034 = AXIS2_PLACEMENT_3D ( 'NONE', #2407, #8518, #3796 ) ;
#6035 = DIRECTION ( 'NONE',  ( 0.0000000000000000000, 0.0000000000000000000, -1.000000000000000000 ) ) ;
#6036 = DIRECTION ( 'NONE',  ( 0.0000000000000000000, 8.673617379884013400E-015, -1.000000000000000000 ) ) ;
#6037 = VECTOR ( 'NONE', #7483, 1000.000000000000000 ) ;
#6038 = DIRECTION ( 'NONE',  ( 0.0000000000000000000, 8.673617379884013400E-015, -1.000000000000000000 ) ) ;
#6039 = ORIENTED_EDGE ( 'NONE', *, *, #1663, .T. ) ;
#6040 = ORIENTED_EDGE ( 'NONE', *, *, #3546, .F. ) ;
#6041 = DIRECTION ( 'NONE',  ( -0.0000000000000000000, -0.0000000000000000000, -1.000000000000000000 ) ) ;
#6042 = VECTOR ( 'NONE', #4221, 1000.000000000000000 ) ;
#6043 = EDGE_LOOP ( 'NONE', ( #1438, #570, #1341, #1827 ) ) ;
#6044 = DIRECTION ( 'NONE',  ( 0.0000000000000000000, 0.0000000000000000000, -1.000000000000000000 ) ) ;
#6045 = EDGE_LOOP ( 'NONE', ( #7540, #176, #4532, #2454 ) ) ;
#6046 = CIRCLE ( 'NONE', #1207, 1.750000000000000700 ) ;
#6047 = ORIENTED_EDGE ( 'NONE', *, *, #6697, .T. ) ;
#6048 = ORIENTED_EDGE ( 'NONE', *, *, #2935, .T. ) ;
#6049 = AXIS2_PLACEMENT_3D ( 'NONE', #4261, #1044, #2376 ) ;
#6050 = LINE ( 'NONE', #6001, #4478 ) ;
#6051 = CIRCLE ( 'NONE', #8327, 1.750000000000000700 ) ;
#6052 = ORIENTED_EDGE ( 'NONE', *, *, #7692, .F. ) ;
#6053 = ORIENTED_EDGE ( 'NONE', *, *, #1489, .F. ) ;
#6054 = LINE ( 'NONE', #1046, #6352 ) ;
#6055 = VERTEX_POINT ( 'NONE', #8385 ) ;
#6056 = ORIENTED_EDGE ( 'NONE', *, *, #7054, .F. ) ;
#6057 = ORIENTED_EDGE ( 'NONE', *, *, #6063, .T. ) ;
#6058 = DIRECTION ( 'NONE',  ( 0.0000000000000000000, 0.0000000000000000000, -1.000000000000000000 ) ) ;
#6059 = ADVANCED_FACE ( 'NONE', ( #5329 ), #8344, .F. ) ;
#6060 = DIRECTION ( 'NONE',  ( 1.000000000000000000, 0.0000000000000000000, 0.0000000000000000000 ) ) ;
#6061 = EDGE_CURVE ( 'NONE', #2184, #7753, #7001, .T. ) ;
#6062 = CARTESIAN_POINT ( 'NONE',  ( -34.70000000000001000, 7.299999999999999800, 6.000000000000005300 ) ) ;
#6063 = EDGE_CURVE ( 'NONE', #4678, #8401, #5974, .T. ) ;
#6064 = VECTOR ( 'NONE', #7283, 1000.000000000000000 ) ;
#6065 = ORIENTED_EDGE ( 'NONE', *, *, #6169, .T. ) ;
#6066 = ORIENTED_EDGE ( 'NONE', *, *, #3897, .T. ) ;
#6067 = CARTESIAN_POINT ( 'NONE',  ( -32.50000000000000000, 0.0000000000000000000, -16.54999999999999700 ) ) ;
#6068 = PLANE ( 'NONE',  #746 ) ;
#6069 = DIRECTION ( 'NONE',  ( 1.000000000000000000, 0.0000000000000000000, 0.0000000000000000000 ) ) ;
#6070 = DIRECTION ( 'NONE',  ( 0.0000000000000000000, 1.000000000000000000, -0.0000000000000000000 ) ) ;
#6071 = CARTESIAN_POINT ( 'NONE',  ( -34.40000000000000600, 5.700000000000000200, -7.449999999999998400 ) ) ;
#6072 = CARTESIAN_POINT ( 'NONE',  ( 6.625000000000002700, 4.100000000000000500, 0.0000000000000000000 ) ) ;
#6073 = ADVANCED_FACE ( 'NONE', ( #3561 ), #3702, .T. ) ;
#6074 = DIRECTION ( 'NONE',  ( 0.0000000000000000000, 0.0000000000000000000, 1.000000000000000000 ) ) ;
#6075 = PLANE ( 'NONE',  #1404 ) ;
#6076 = VECTOR ( 'NONE', #1205, 1000.000000000000000 ) ;
#6077 = VECTOR ( 'NONE', #1793, 1000.000000000000000 ) ;
#6078 = EDGE_CURVE ( 'NONE', #6619, #4702, #7648, .T. ) ;
#6079 = FILL_AREA_STYLE_COLOUR ( '', #5583 ) ;
#6080 = EDGE_CURVE ( 'NONE', #1201, #1903, #6675, .T. ) ;
#6081 = AXIS2_PLACEMENT_3D ( 'NONE', #4762, #6110, #3444 ) ;
#6082 = PLANE ( 'NONE',  #8228 ) ;
#6083 = DIRECTION ( 'NONE',  ( -0.0000000000000000000, -1.000000000000000000, -0.0000000000000000000 ) ) ;
#6084 = LINE ( 'NONE', #8284, #5551 ) ;
#6085 = ORIENTED_EDGE ( 'NONE', *, *, #1349, .T. ) ;
#6086 = EDGE_CURVE ( 'NONE', #294, #4372, #2921, .T. ) ;
#6087 = DIRECTION ( 'NONE',  ( -1.000000000000000000, 0.0000000000000000000, 0.0000000000000000000 ) ) ;
#6088 = PLANE ( 'NONE',  #6666 ) ;
#6089 = DIRECTION ( 'NONE',  ( 1.000000000000000000, 0.0000000000000000000, -0.0000000000000000000 ) ) ;
#6090 = DIRECTION ( 'NONE',  ( 0.0000000000000000000, 0.0000000000000000000, 1.000000000000000000 ) ) ;
#6091 = LINE ( 'NONE', #5979, #5563 ) ;
#6092 = DIRECTION ( 'NONE',  ( 0.0000000000000000000, 0.0000000000000000000, 1.000000000000000000 ) ) ;
#6093 = LINE ( 'NONE', #624, #2087 ) ;
#6094 = ADVANCED_FACE ( 'NONE', ( #2698 ), #6294, .F. ) ;
#6095 = AXIS2_PLACEMENT_3D ( 'NONE', #5489, #5525, #6171 ) ;
#6096 = EDGE_LOOP ( 'NONE', ( #257, #6028, #1939, #462, #5846, #2242 ) ) ;
#6097 =( NAMED_UNIT ( * ) PLANE_ANGLE_UNIT ( ) SI_UNIT ( $, .RADIAN. ) );
#6098 = CARTESIAN_POINT ( 'NONE',  ( -1.249999999999997600, 4.650000000000002100, 12.40000000000000400 ) ) ;
#6099 = DIRECTION ( 'NONE',  ( -1.000000000000000000, 0.0000000000000000000, 0.0000000000000000000 ) ) ;
#6100 = CARTESIAN_POINT ( 'NONE',  ( -34.90000000000000600, -74.14202586927336800, -12.50000000000000400 ) ) ;
#6101 = LINE ( 'NONE', #919, #3590 ) ;
#6102 = EDGE_LOOP ( 'NONE', ( #3179, #5385, #6910, #2799 ) ) ;
#6103 = CARTESIAN_POINT ( 'NONE',  ( -3.249999999999997800, 4.750000000000000900, 12.40000000000000400 ) ) ;
#6104 = DIRECTION ( 'NONE',  ( 1.000000000000000000, -0.0000000000000000000, 0.0000000000000000000 ) ) ;
#6105 = PRESENTATION_LAYER_ASSIGNMENT (  '', '', ( #4583 ) ) ;
#6106 = VECTOR ( 'NONE', #699, 1000.000000000000000 ) ;
#6107 = ORIENTED_EDGE ( 'NONE', *, *, #7656, .T. ) ;
#6108 = CARTESIAN_POINT ( 'NONE',  ( -0.7499999999999972200, 5.049999999999999800, 12.20000000000000300 ) ) ;
#6109 = EDGE_CURVE ( 'NONE', #2745, #3090, #5864, .T. ) ;
#6110 = DIRECTION ( 'NONE',  ( -0.0000000000000000000, -1.000000000000000000, -0.0000000000000000000 ) ) ;
#6111 = PRESENTATION_STYLE_ASSIGNMENT (( #2072 ) ) ;
#6112 = CARTESIAN_POINT ( 'NONE',  ( 32.50000000000000700, 2.500000000000000000, 15.29999999999997900 ) ) ;
#6113 = ORIENTED_EDGE ( 'NONE', *, *, #3440, .F. ) ;
#6114 = ORIENTED_EDGE ( 'NONE', *, *, #1712, .F. ) ;
#6115 = DIRECTION ( 'NONE',  ( 0.0000000000000000000, 0.0000000000000000000, 1.000000000000000000 ) ) ;
#6116 = CARTESIAN_POINT ( 'NONE',  ( -34.90000000000000600, 4.100000000000000500, 12.50000000000000200 ) ) ;
#6117 = VECTOR ( 'NONE', #7004, 1000.000000000000000 ) ;
#6118 = EDGE_CURVE ( 'NONE', #3631, #5553, #2275, .T. ) ;
#6119 = ORIENTED_EDGE ( 'NONE', *, *, #2572, .F. ) ;
#6120 = ORIENTED_EDGE ( 'NONE', *, *, #735, .T. ) ;
#6121 = DIRECTION ( 'NONE',  ( 0.0000000000000000000, 0.0000000000000000000, -1.000000000000000000 ) ) ;
#6122 = DIRECTION ( 'NONE',  ( 0.0000000000000000000, 0.0000000000000000000, 1.000000000000000000 ) ) ;
#6123 = ADVANCED_FACE ( 'NONE', ( #5433 ), #3931, .T. ) ;
#6124 = EDGE_CURVE ( 'NONE', #5081, #5039, #7546, .T. ) ;
#6125 = VECTOR ( 'NONE', #7342, 1000.000000000000000 ) ;
#6126 = VERTEX_POINT ( 'NONE', #8602 ) ;
#6127 = DIRECTION ( 'NONE',  ( -1.000000000000000000, 0.0000000000000000000, 0.0000000000000000000 ) ) ;
#6128 = EDGE_CURVE ( 'NONE', #314, #5690, #8278, .T. ) ;
#6129 = CARTESIAN_POINT ( 'NONE',  ( 32.50000000000000700, 2.500000000000000000, 16.54999999999998600 ) ) ;
#6130 = LINE ( 'NONE', #3577, #4161 ) ;
#6131 = ORIENTED_EDGE ( 'NONE', *, *, #4783, .T. ) ;
#6132 = ORIENTED_EDGE ( 'NONE', *, *, #8623, .F. ) ;
#6133 = DIRECTION ( 'NONE',  ( -2.990902544787598600E-016, -0.0000000000000000000, 1.000000000000000000 ) ) ;
#6134 = UNCERTAINTY_MEASURE_WITH_UNIT (LENGTH_MEASURE( 1.000000000000000100E-005 ), #5732, 'distance_accuracy_value', 'NONE');
#6135 = LINE ( 'NONE', #3066, #6529 ) ;
#6136 = ORIENTED_EDGE ( 'NONE', *, *, #2257, .F. ) ;
#6137 = FACE_OUTER_BOUND ( 'NONE', #5731, .T. ) ;
#6138 = ORIENTED_EDGE ( 'NONE', *, *, #6183, .T. ) ;
#6139 = ORIENTED_EDGE ( 'NONE', *, *, #8386, .F. ) ;
#6140 = VERTEX_POINT ( 'NONE', #4637 ) ;
#6141 = CARTESIAN_POINT ( 'NONE',  ( -35.80000000000000400, 7.299999999999999800, -12.50000000000000400 ) ) ;
#6142 = DIRECTION ( 'NONE',  ( 0.0000000000000000000, 1.000000000000000000, -0.0000000000000000000 ) ) ;
#6143 = DIRECTION ( 'NONE',  ( 0.0000000000000000000, 1.000000000000000000, 0.0000000000000000000 ) ) ;
#6144 =( GEOMETRIC_REPRESENTATION_CONTEXT ( 3 ) GLOBAL_UNCERTAINTY_ASSIGNED_CONTEXT ( ( #5023 ) ) GLOBAL_UNIT_ASSIGNED_CONTEXT ( ( #2149, #2207, #6835 ) ) REPRESENTATION_CONTEXT ( 'NONE', 'WORKASPACE' ) );
#6145 = VERTEX_POINT ( 'NONE', #1906 ) ;
#6146 = DIRECTION ( 'NONE',  ( -1.000000000000000000, 0.0000000000000000000, -0.0000000000000000000 ) ) ;
#6147 = LINE ( 'NONE', #2597, #7082 ) ;
#6148 = PRESENTATION_STYLE_ASSIGNMENT (( #3843 ) ) ;
#6149 = ORIENTED_EDGE ( 'NONE', *, *, #7470, .T. ) ;
#6150 = EDGE_LOOP ( 'NONE', ( #677, #6039, #6138, #726, #5786, #6510, #5998, #1476 ) ) ;
#6151 = EDGE_CURVE ( 'NONE', #3237, #1617, #4, .T. ) ;
#6152 = VECTOR ( 'NONE', #3036, 1000.000000000000000 ) ;
#6153 = ORIENTED_EDGE ( 'NONE', *, *, #999, .T. ) ;
#6154 = DIRECTION ( 'NONE',  ( -0.0000000000000000000, -1.000000000000000000, -0.0000000000000000000 ) ) ;
#6155 = ORIENTED_EDGE ( 'NONE', *, *, #8561, .T. ) ;
#6156 = ORIENTED_EDGE ( 'NONE', *, *, #3355, .T. ) ;
#6157 = AXIS2_PLACEMENT_3D ( 'NONE', #4494, #2423, #5221 ) ;
#6158 = ORIENTED_EDGE ( 'NONE', *, *, #7643, .T. ) ;
#6159 = PLANE ( 'NONE',  #7613 ) ;
#6160 = LINE ( 'NONE', #3452, #4289 ) ;
#6161 = SURFACE_STYLE_FILL_AREA ( #7230 ) ;
#6162 = EDGE_LOOP ( 'NONE', ( #8356, #6131, #6618, #1655 ) ) ;
#6163 = EDGE_LOOP ( 'NONE', ( #2534, #235, #1799, #3619 ) ) ;
#6164 = VECTOR ( 'NONE', #7726, 1000.000000000000000 ) ;
#6165 = VECTOR ( 'NONE', #1123, 1000.000000000000000 ) ;
#6166 = EDGE_LOOP ( 'NONE', ( #3894, #7622, #2710, #806 ) ) ;
#6167 = EDGE_LOOP ( 'NONE', ( #2781, #906, #8347, #2531 ) ) ;
#6168 = DIRECTION ( 'NONE',  ( 0.0000000000000000000, 0.0000000000000000000, -1.000000000000000000 ) ) ;
#6169 = EDGE_CURVE ( 'NONE', #6914, #473, #3997, .T. ) ;
#6170 = ADVANCED_FACE ( 'NONE', ( #2179 ), #312, .F. ) ;
#6171 = DIRECTION ( 'NONE',  ( 0.0000000000000000000, 0.0000000000000000000, 1.000000000000000000 ) ) ;
#6172 = EDGE_CURVE ( 'NONE', #487, #7259, #3662, .T. ) ;
#6173 = LINE ( 'NONE', #4204, #5872 ) ;
#6174 = VECTOR ( 'NONE', #1792, 1000.000000000000000 ) ;
#6175 = ORIENTED_EDGE ( 'NONE', *, *, #7764, .T. ) ;
#6176 = CARTESIAN_POINT ( 'NONE',  ( 3.375000000000003100, 5.700000000000000200, 12.20000000000000300 ) ) ;
#6177 = PLANE ( 'NONE',  #1217 ) ;
#6178 = DIRECTION ( 'NONE',  ( -1.000000000000000000, 0.0000000000000000000, 2.096342569156265000E-016 ) ) ;
#6179 = CARTESIAN_POINT ( 'NONE',  ( -34.40000000000000600, 6.900000000000001200, -0.2499999999999989200 ) ) ;
#6180 = ORIENTED_EDGE ( 'NONE', *, *, #4332, .F. ) ;
#6181 = DIRECTION ( 'NONE',  ( 0.0000000000000000000, 5.782411586589358800E-015, 1.000000000000000000 ) ) ;
#6182 = DIRECTION ( 'NONE',  ( 1.000000000000000000, 0.0000000000000000000, -1.387778780781446300E-015 ) ) ;
#6183 = EDGE_CURVE ( 'NONE', #5429, #2786, #6896, .T. ) ;
#6184 = VECTOR ( 'NONE', #2375, 1000.000000000000000 ) ;
#6185 = EDGE_CURVE ( 'NONE', #4902, #4613, #1352, .T. ) ;
#6186 = AXIS2_PLACEMENT_3D ( 'NONE', #2998, #8336, #5009 ) ;
#6187 = EDGE_LOOP ( 'NONE', ( #4640, #3955, #2356, #107 ) ) ;
#6188 = VECTOR ( 'NONE', #6223, 1000.000000000000000 ) ;
#6189 = VECTOR ( 'NONE', #5418, 1000.000000000000000 ) ;
#6190 = AXIS2_PLACEMENT_3D ( 'NONE', #6424, #4222, #8078 ) ;
#6191 = CARTESIAN_POINT ( 'NONE',  ( 7.375000000000002700, 5.700000000000000200, 12.20000000000000300 ) ) ;
#6192 = ORIENTED_EDGE ( 'NONE', *, *, #2190, .T. ) ;
#6193 = ORIENTED_EDGE ( 'NONE', *, *, #5774, .F. ) ;
#6194 = CARTESIAN_POINT ( 'NONE',  ( -34.90000000000000600, 5.700000000000000200, 12.50000000000000200 ) ) ;
#6195 = DIRECTION ( 'NONE',  ( 1.000000000000000000, -0.0000000000000000000, -0.0000000000000000000 ) ) ;
#6196 = AXIS2_PLACEMENT_3D ( 'NONE', #465, #5143, #7058 ) ;
#6197 = ORIENTED_EDGE ( 'NONE', *, *, #324, .F. ) ;
#6198 = FACE_OUTER_BOUND ( 'NONE', #7216, .T. ) ;
#6199 = ORIENTED_EDGE ( 'NONE', *, *, #7594, .T. ) ;
#6200 = VECTOR ( 'NONE', #8630, 1000.000000000000000 ) ;
#6201 = CARTESIAN_POINT ( 'NONE',  ( -30.24999999999999300, 2.500000000000000000, -16.54999999999997900 ) ) ;
#6202 = ORIENTED_EDGE ( 'NONE', *, *, #337, .F. ) ;
#6203 = CARTESIAN_POINT ( 'NONE',  ( -5.249999999999997300, 4.650000000000002100, 12.40000000000000400 ) ) ;
#6204 = VERTEX_POINT ( 'NONE', #2188 ) ;
#6205 = EDGE_CURVE ( 'NONE', #4613, #3959, #5133, .T. ) ;
#6206 = CARTESIAN_POINT ( 'NONE',  ( -5.249999999999997300, 4.650000000000002100, 12.40000000000000400 ) ) ;
#6207 = CARTESIAN_POINT ( 'NONE',  ( 6.750000000000002700, 4.650000000000002100, 12.79999999999999900 ) ) ;
#6208 = VECTOR ( 'NONE', #1266, 1000.000000000000000 ) ;
#6209 = DIRECTION ( 'NONE',  ( 0.0000000000000000000, -1.000000000000000000, 0.0000000000000000000 ) ) ;
#6210 = ORIENTED_EDGE ( 'NONE', *, *, #600, .T. ) ;
#6211 = ORIENTED_EDGE ( 'NONE', *, *, #5720, .F. ) ;
#6212 = DIRECTION ( 'NONE',  ( 1.000000000000000000, 0.0000000000000000000, 0.0000000000000000000 ) ) ;
#6213 = ADVANCED_FACE ( 'NONE', ( #6276 ), #438, .F. ) ;
#6214 = DIRECTION ( 'NONE',  ( -1.000000000000000000, 0.0000000000000000000, -2.990902544787598600E-016 ) ) ;
#6215 = CARTESIAN_POINT ( 'NONE',  ( -34.90000000000000600, 5.700000000000000200, 12.50000000000000200 ) ) ;
#6216 = DIRECTION ( 'NONE',  ( 1.000000000000000000, -0.0000000000000000000, -0.0000000000000000000 ) ) ;
#6217 = AXIS2_PLACEMENT_3D ( 'NONE', #7278, #3978, #7932 ) ;
#6218 = ORIENTED_EDGE ( 'NONE', *, *, #1852, .T. ) ;
#6219 = EDGE_LOOP ( 'NONE', ( #6643, #5832, #4374, #3757 ) ) ;
#6220 = EDGE_CURVE ( 'NONE', #6248, #1753, #4307, .T. ) ;
#6221 = DIRECTION ( 'NONE',  ( -0.0000000000000000000, 1.000000000000000000, -0.0000000000000000000 ) ) ;
#6222 = DIRECTION ( 'NONE',  ( -1.000000000000000000, 0.0000000000000000000, 0.0000000000000000000 ) ) ;
#6223 = DIRECTION ( 'NONE',  ( 0.0000000000000000000, 1.000000000000000000, 0.0000000000000000000 ) ) ;
#6224 = CIRCLE ( 'NONE', #3928, 0.3999999999999958600 ) ;
#6225 = ORIENTED_EDGE ( 'NONE', *, *, #2777, .T. ) ;
#6226 = ORIENTED_EDGE ( 'NONE', *, *, #7503, .T. ) ;
#6227 = EDGE_CURVE ( 'NONE', #7520, #4902, #6471, .T. ) ;
#6228 = CARTESIAN_POINT ( 'NONE',  ( 4.625000000000002700, 5.400000000000000400, 11.25000000000000400 ) ) ;
#6229 = DIRECTION ( 'NONE',  ( 0.0000000000000000000, 8.673617379884013400E-015, -1.000000000000000000 ) ) ;
#6230 = VECTOR ( 'NONE', #2690, 1000.000000000000000 ) ;
#6231 = VECTOR ( 'NONE', #2116, 1000.000000000000000 ) ;
#6232 = EDGE_LOOP ( 'NONE', ( #4716, #774, #7226, #281 ) ) ;
#6233 = DIRECTION ( 'NONE',  ( -1.000000000000000000, 0.0000000000000000000, 0.0000000000000000000 ) ) ;
#6234 = EDGE_CURVE ( 'NONE', #137, #2218, #2388, .T. ) ;
#6235 = PLANE ( 'NONE',  #8156 ) ;
#6236 = LINE ( 'NONE', #8572, #2655 ) ;
#6237 =( LENGTH_UNIT ( ) NAMED_UNIT ( * ) SI_UNIT ( .MILLI., .METRE. ) );
#6238 = VECTOR ( 'NONE', #5844, 1000.000000000000000 ) ;
#6239 = ORIENTED_EDGE ( 'NONE', *, *, #3193, .T. ) ;
#6240 = VERTEX_POINT ( 'NONE', #4247 ) ;
#6241 = EDGE_LOOP ( 'NONE', ( #7734, #250, #4029, #6963 ) ) ;
#6242 = EDGE_CURVE ( 'NONE', #4276, #26, #628, .T. ) ;
#6243 = AXIS2_PLACEMENT_3D ( 'NONE', #5862, #5153, #544 ) ;
#6244 = VECTOR ( 'NONE', #4021, 1000.000000000000000 ) ;
#6245 = ORIENTED_EDGE ( 'NONE', *, *, #2439, .F. ) ;
#6246 = LINE ( 'NONE', #208, #4469 ) ;
#6247 = ORIENTED_EDGE ( 'NONE', *, *, #1216, .F. ) ;
#6248 = VERTEX_POINT ( 'NONE', #7697 ) ;
#6249 = ORIENTED_EDGE ( 'NONE', *, *, #6893, .F. ) ;
#6250 = DIRECTION ( 'NONE',  ( 1.000000000000000000, -0.0000000000000000000, -0.0000000000000000000 ) ) ;
#6251 = CARTESIAN_POINT ( 'NONE',  ( -6.624999999999999100, 4.100000000000000500, 11.25000000000000400 ) ) ;
#6252 = ORIENTED_EDGE ( 'NONE', *, *, #846, .F. ) ;
#6253 = ADVANCED_FACE ( 'NONE', ( #432 ), #353, .T. ) ;
#6254 = CARTESIAN_POINT ( 'NONE',  ( 32.50000000000000000, 2.500000000000000000, -15.30000000000000100 ) ) ;
#6255 = LINE ( 'NONE', #6022, #606 ) ;
#6256 = VECTOR ( 'NONE', #1756, 1000.000000000000000 ) ;
#6257 = ORIENTED_EDGE ( 'NONE', *, *, #568, .T. ) ;
#6258 = LINE ( 'NONE', #1942, #516 ) ;
#6259 = DIRECTION ( 'NONE',  ( -1.000000000000000000, 0.0000000000000000000, -0.0000000000000000000 ) ) ;
#6260 = ORIENTED_EDGE ( 'NONE', *, *, #6442, .T. ) ;
#6261 = ORIENTED_EDGE ( 'NONE', *, *, #5071, .T. ) ;
#6262 = ORIENTED_EDGE ( 'NONE', *, *, #5837, .F. ) ;
#6263 = CARTESIAN_POINT ( 'NONE',  ( -38.85000000000000900, -4.199999999999999300, -8.250000000000000000 ) ) ;
#6264 = AXIS2_PLACEMENT_3D ( 'NONE', #5965, #674, #5932 ) ;
#6265 = DIRECTION ( 'NONE',  ( -2.096342569156263300E-016, 0.0000000000000000000, -1.000000000000000000 ) ) ;
#6266 = DIRECTION ( 'NONE',  ( 0.0000000000000000000, 0.0000000000000000000, 1.000000000000000000 ) ) ;
#6267 = EDGE_CURVE ( 'NONE', #6883, #2184, #3135, .T. ) ;
#6268 = FACE_OUTER_BOUND ( 'NONE', #7390, .T. ) ;
#6269 = VECTOR ( 'NONE', #7880, 1000.000000000000000 ) ;
#6270 = EDGE_LOOP ( 'NONE', ( #440, #7149 ) ) ;
#6271 = ORIENTED_EDGE ( 'NONE', *, *, #8642, .T. ) ;
#6272 = AXIS2_PLACEMENT_3D ( 'NONE', #4874, #1506, #6865 ) ;
#6273 = EDGE_CURVE ( 'NONE', #5779, #6872, #3889, .T. ) ;
#6274 = CARTESIAN_POINT ( 'NONE',  ( -3.249999999999997800, 4.650000000000002100, 12.40000000000000400 ) ) ;
#6275 = LINE ( 'NONE', #1956, #4306 ) ;
#6276 = FACE_OUTER_BOUND ( 'NONE', #4177, .T. ) ;
#6277 = ORIENTED_EDGE ( 'NONE', *, *, #464, .F. ) ;
#6278 = ADVANCED_FACE ( 'NONE', ( #833 ), #417, .F. ) ;
#6279 = DIRECTION ( 'NONE',  ( 0.0000000000000000000, -0.0000000000000000000, 1.000000000000000000 ) ) ;
#6280 = CARTESIAN_POINT ( 'NONE',  ( 34.75000000000000700, 2.500000000000000000, -16.54999999999999700 ) ) ;
#6281 = CARTESIAN_POINT ( 'NONE',  ( -35.80000000000000400, 2.499999999999999600, 13.55000000000000200 ) ) ;
#6282 = DIRECTION ( 'NONE',  ( 0.0000000000000000000, 1.000000000000000000, -0.0000000000000000000 ) ) ;
#6283 = CARTESIAN_POINT ( 'NONE',  ( -34.90000000000000600, 5.700000000000000200, 12.50000000000000200 ) ) ;
#6284 = SURFACE_STYLE_FILL_AREA ( #975 ) ;
#6285 = EDGE_CURVE ( 'NONE', #6126, #3308, #1146, .T. ) ;
#6286 = DIRECTION ( 'NONE',  ( 0.0000000000000000000, 5.782411586589358800E-015, 1.000000000000000000 ) ) ;
#6287 = EDGE_CURVE ( 'NONE', #117, #3077, #4497, .T. ) ;
#6288 = ORIENTED_EDGE ( 'NONE', *, *, #4832, .T. ) ;
#6289 = ORIENTED_EDGE ( 'NONE', *, *, #1829, .T. ) ;
#6290 = CARTESIAN_POINT ( 'NONE',  ( 3.250000000000002700, 4.650000000000002100, 12.50000000000000200 ) ) ;
#6291 = CARTESIAN_POINT ( 'NONE',  ( 28.52499999999999500, 7.299999999999999800, 4.299999999999989200 ) ) ;
#6292 = LINE ( 'NONE', #824, #5980 ) ;
#6293 = CARTESIAN_POINT ( 'NONE',  ( 34.89999999999999900, 5.700000000000000200, -12.50000000000000400 ) ) ;
#6294 = PLANE ( 'NONE',  #1195 ) ;
#6295 = EDGE_LOOP ( 'NONE', ( #1866, #6114 ) ) ;
#6296 = DIRECTION ( 'NONE',  ( 2.096342569156263500E-016, -0.0000000000000000000, 1.000000000000000000 ) ) ;
#6297 = EDGE_CURVE ( 'NONE', #3743, #5928, #2595, .T. ) ;
#6298 = LINE ( 'NONE', #6648, #6920 ) ;
#6299 = AXIS2_PLACEMENT_3D ( 'NONE', #1151, #5826, #2417 ) ;
#6300 = LINE ( 'NONE', #3186, #3061 ) ;
#6301 = DIRECTION ( 'NONE',  ( 0.0000000000000000000, 0.0000000000000000000, 1.000000000000000000 ) ) ;
#6302 = VERTEX_POINT ( 'NONE', #2306 ) ;
#6303 = ORIENTED_EDGE ( 'NONE', *, *, #7573, .F. ) ;
#6304 = AXIS2_PLACEMENT_3D ( 'NONE', #2221, #6970, #2907 ) ;
#6305 = PLANE ( 'NONE',  #6304 ) ;
#6306 = CARTESIAN_POINT ( 'NONE',  ( -2.749999999999997300, 4.650000000000002100, 12.40000000000000400 ) ) ;
#6307 = ORIENTED_EDGE ( 'NONE', *, *, #2113, .T. ) ;
#6308 = CARTESIAN_POINT ( 'NONE',  ( -35.80000000000000400, 7.299999999999999800, -13.54999999999999900 ) ) ;
#6309 = EDGE_CURVE ( 'NONE', #603, #3640, #7852, .T. ) ;
#6310 = FACE_BOUND ( 'NONE', #5771, .T. ) ;
#6311 = DIRECTION ( 'NONE',  ( 1.000000000000000000, -0.0000000000000000000, -0.0000000000000000000 ) ) ;
#6312 = EDGE_LOOP ( 'NONE', ( #5112, #7519, #7976, #3792 ) ) ;
#6313 = ADVANCED_FACE ( 'NONE', ( #5753 ), #8535, .F. ) ;
#6314 = STYLED_ITEM ( 'NONE', ( #7802 ), #3459 ) ;
#6315 = DIRECTION ( 'NONE',  ( 1.000000000000000000, -0.0000000000000000000, -1.206764157201257300E-016 ) ) ;
#6316 = LINE ( 'NONE', #240, #6016 ) ;
#6317 = ORIENTED_EDGE ( 'NONE', *, *, #6169, .F. ) ;
#6318 =( NAMED_UNIT ( * ) SI_UNIT ( $, .STERADIAN. ) SOLID_ANGLE_UNIT ( ) );
#6319 = EDGE_CURVE ( 'NONE', #26, #1903, #1968, .T. ) ;
#6320 =( GEOMETRIC_REPRESENTATION_CONTEXT ( 3 ) GLOBAL_UNCERTAINTY_ASSIGNED_CONTEXT ( ( #3570 ) ) GLOBAL_UNIT_ASSIGNED_CONTEXT ( ( #6628, #1989, #6664 ) ) REPRESENTATION_CONTEXT ( 'NONE', 'WORKASPACE' ) );
#6321 = FACE_OUTER_BOUND ( 'NONE', #4293, .T. ) ;
#6322 = EDGE_CURVE ( 'NONE', #7736, #5886, #1030, .T. ) ;
#6323 = VERTEX_POINT ( 'NONE', #5809 ) ;
#6324 = VECTOR ( 'NONE', #1678, 1000.000000000000000 ) ;
#6325 = ORIENTED_EDGE ( 'NONE', *, *, #3781, .F. ) ;
#6326 = CARTESIAN_POINT ( 'NONE',  ( -30.24999999999998600, 0.0000000000000000000, 16.54999999999998600 ) ) ;
#6327 = DIRECTION ( 'NONE',  ( 0.0000000000000000000, 0.0000000000000000000, 1.000000000000000000 ) ) ;
#6328 = VECTOR ( 'NONE', #2760, 1000.000000000000000 ) ;
#6329 = VECTOR ( 'NONE', #8501, 1000.000000000000000 ) ;
#6330 = ORIENTED_EDGE ( 'NONE', *, *, #4396, .T. ) ;
#6331 = ORIENTED_EDGE ( 'NONE', *, *, #5319, .F. ) ;
#6332 = EDGE_CURVE ( 'NONE', #5313, #1173, #2378, .T. ) ;
#6333 = CARTESIAN_POINT ( 'NONE',  ( -34.90000000000000600, 4.100000000000000500, 12.50000000000000200 ) ) ;
#6334 = LINE ( 'NONE', #3018, #6749 ) ;
#6335 = CARTESIAN_POINT ( 'NONE',  ( -38.25000000000000700, 0.8999999999999980200, -8.250000000000000000 ) ) ;
#6336 = DIRECTION ( 'NONE',  ( -0.0000000000000000000, 1.000000000000000000, -0.0000000000000000000 ) ) ;
#6337 = ORIENTED_EDGE ( 'NONE', *, *, #4437, .F. ) ;
#6338 = EDGE_LOOP ( 'NONE', ( #7401, #2404, #5709, #575 ) ) ;
#6339 = AXIS2_PLACEMENT_3D ( 'NONE', #6747, #4090, #6613 ) ;
#6340 = DIRECTION ( 'NONE',  ( -1.000000000000000000, 0.0000000000000000000, 0.0000000000000000000 ) ) ;
#6341 = VECTOR ( 'NONE', #8669, 1000.000000000000000 ) ;
#6342 = EDGE_LOOP ( 'NONE', ( #4722, #7469, #7711, #1733 ) ) ;
#6343 = ORIENTED_EDGE ( 'NONE', *, *, #8189, .T. ) ;
#6344 = ORIENTED_EDGE ( 'NONE', *, *, #4504, .T. ) ;
#6345 = ORIENTED_EDGE ( 'NONE', *, *, #7945, .T. ) ;
#6346 = ORIENTED_EDGE ( 'NONE', *, *, #3705, .F. ) ;
#6347 = PRESENTATION_STYLE_ASSIGNMENT (( #8635 ) ) ;
#6348 = VECTOR ( 'NONE', #4714, 1000.000000000000000 ) ;
#6349 = EDGE_CURVE ( 'NONE', #1082, #6872, #7310, .T. ) ;
#6350 = VERTEX_POINT ( 'NONE', #1187 ) ;
#6351 = ORIENTED_EDGE ( 'NONE', *, *, #5700, .F. ) ;
#6352 = VECTOR ( 'NONE', #1168, 1000.000000000000000 ) ;
#6353 = VERTEX_POINT ( 'NONE', #5146 ) ;
#6354 = EDGE_LOOP ( 'NONE', ( #5420, #4442, #6534, #7002 ) ) ;
#6355 = ORIENTED_EDGE ( 'NONE', *, *, #2812, .F. ) ;
#6356 = VERTEX_POINT ( 'NONE', #4414 ) ;
#6357 = CARTESIAN_POINT ( 'NONE',  ( -0.6249999999999971100, 5.400000000000000400, 12.50000000000000200 ) ) ;
#6358 = DIRECTION ( 'NONE',  ( -0.0000000000000000000, -1.000000000000000000, -0.0000000000000000000 ) ) ;
#6359 = VECTOR ( 'NONE', #5084, 1000.000000000000000 ) ;
#6360 = FACE_OUTER_BOUND ( 'NONE', #609, .T. ) ;
#6361 = DIRECTION ( 'NONE',  ( -0.0000000000000000000, 0.0000000000000000000, 1.000000000000000000 ) ) ;
#6362 = DIRECTION ( 'NONE',  ( -1.000000000000000000, 0.0000000000000000000, -0.0000000000000000000 ) ) ;
#6363 = COLOUR_RGB ( '',0.7921568627450980000, 0.8196078431372548800, 0.9333333333333333500 ) ;
#6364 = ORIENTED_EDGE ( 'NONE', *, *, #7422, .F. ) ;
#6365 = VERTEX_POINT ( 'NONE', #8515 ) ;
#6366 = CARTESIAN_POINT ( 'NONE',  ( 3.250000000000002700, 5.049999999999999800, 12.20000000000000300 ) ) ;
#6367 = LINE ( 'NONE', #4564, #1351 ) ;
#6368 = FACE_BOUND ( 'NONE', #147, .T. ) ;
#6369 = VERTEX_POINT ( 'NONE', #2489 ) ;
#6370 = DIRECTION ( 'NONE',  ( 0.0000000000000000000, 0.0000000000000000000, 1.000000000000000000 ) ) ;
#6371 = CARTESIAN_POINT ( 'NONE',  ( -0.7499999999999972200, 4.650000000000002100, 12.40000000000000400 ) ) ;
#6372 = VECTOR ( 'NONE', #5674, 1000.000000000000000 ) ;
#6373 = LINE ( 'NONE', #7201, #4605 ) ;
#6374 = ORIENTED_EDGE ( 'NONE', *, *, #4126, .T. ) ;
#6375 = AXIS2_PLACEMENT_3D ( 'NONE', #396, #7081, #4780 ) ;
#6376 = EDGE_CURVE ( 'NONE', #2327, #1323, #6560, .T. ) ;
#6377 = CARTESIAN_POINT ( 'NONE',  ( -7.374999999999998200, 5.400000000000000400, 11.25000000000000400 ) ) ;
#6378 = ORIENTED_EDGE ( 'NONE', *, *, #4896, .F. ) ;
#6379 = DIRECTION ( 'NONE',  ( 0.0000000000000000000, 1.000000000000000000, 0.0000000000000000000 ) ) ;
#6380 = CARTESIAN_POINT ( 'NONE',  ( -2.749999999999997300, -4.699999999999997500, 12.80000000000000200 ) ) ;
#6381 = CIRCLE ( 'NONE', #1202, 1.249999999999997600 ) ;
#6382 = CYLINDRICAL_SURFACE ( 'NONE', #7482, 2.250000000000008900 ) ;
#6383 = ORIENTED_EDGE ( 'NONE', *, *, #3835, .F. ) ;
#6384 = DIRECTION ( 'NONE',  ( 0.0000000000000000000, 1.000000000000000000, 0.0000000000000000000 ) ) ;
#6385 = EDGE_CURVE ( 'NONE', #3004, #2252, #2909, .T. ) ;
#6386 = PRESENTATION_STYLE_ASSIGNMENT (( #5406 ) ) ;
#6387 = FACE_OUTER_BOUND ( 'NONE', #7466, .T. ) ;
#6388 = ORIENTED_EDGE ( 'NONE', *, *, #874, .T. ) ;
#6389 = EDGE_CURVE ( 'NONE', #5258, #3732, #1751, .T. ) ;
#6390 = SURFACE_SIDE_STYLE ('',( #4545 ) ) ;
#6391 = CARTESIAN_POINT ( 'NONE',  ( 32.50000000000000000, 0.0000000000000000000, -16.54999999999999700 ) ) ;
#6392 = CARTESIAN_POINT ( 'NONE',  ( -34.90000000000000600, 5.700000000000002800, -0.2499999999999985000 ) ) ;
#6393 = VECTOR ( 'NONE', #8248, 1000.000000000000000 ) ;
#6394 = EDGE_CURVE ( 'NONE', #7234, #5903, #6886, .T. ) ;
#6395 = FACE_OUTER_BOUND ( 'NONE', #3350, .T. ) ;
#6396 = ORIENTED_EDGE ( 'NONE', *, *, #4220, .T. ) ;
#6397 = CARTESIAN_POINT ( 'NONE',  ( -32.50000000000000000, 2.500000000000000000, -15.30000000000000100 ) ) ;
#6398 = LINE ( 'NONE', #4203, #2847 ) ;
#6399 = CARTESIAN_POINT ( 'NONE',  ( -3.374999999999997800, 5.700000000000000200, 11.25000000000000400 ) ) ;
#6400 = CARTESIAN_POINT ( 'NONE',  ( 34.89999999999999900, 7.299999999999999800, -12.50000000000000400 ) ) ;
#6401 = CARTESIAN_POINT ( 'NONE',  ( 12.00000000000000000, 5.700000000000000200, 11.25000000000000400 ) ) ;
#6402 = DIRECTION ( 'NONE',  ( 0.0000000000000000000, -1.000000000000000000, 0.0000000000000000000 ) ) ;
#6403 = FACE_OUTER_BOUND ( 'NONE', #5171, .T. ) ;
#6404 = DIRECTION ( 'NONE',  ( -0.0000000000000000000, -1.000000000000000000, -0.0000000000000000000 ) ) ;
#6405 = EDGE_LOOP ( 'NONE', ( #5825, #4166, #8280, #5103 ) ) ;
#6406 = VERTEX_POINT ( 'NONE', #5933 ) ;
#6407 = EDGE_CURVE ( 'NONE', #6634, #6897, #2588, .T. ) ;
#6408 = LINE ( 'NONE', #5090, #3940 ) ;
#6409 = AXIS2_PLACEMENT_3D ( 'NONE', #5428, #7452, #4732 ) ;
#6410 = ORIENTED_EDGE ( 'NONE', *, *, #2468, .T. ) ;
#6411 = ORIENTED_EDGE ( 'NONE', *, *, #2108, .F. ) ;
#6412 = ORIENTED_EDGE ( 'NONE', *, *, #5094, .T. ) ;
#6413 = EDGE_CURVE ( 'NONE', #7875, #3753, #1137, .T. ) ;
#6414 = CARTESIAN_POINT ( 'NONE',  ( 34.89999999999999100, 5.700000000000000200, 6.000000000000005300 ) ) ;
#6415 = FACE_OUTER_BOUND ( 'NONE', #2361, .T. ) ;
#6416 = VECTOR ( 'NONE', #2354, 1000.000000000000000 ) ;
#6417 = ORIENTED_EDGE ( 'NONE', *, *, #4195, .T. ) ;
#6418 = ORIENTED_EDGE ( 'NONE', *, *, #4338, .F. ) ;
#6419 = PLANE ( 'NONE',  #7774 ) ;
#6420 = CARTESIAN_POINT ( 'NONE',  ( -39.90000000000000600, 4.350000000000000500, 0.0000000000000000000 ) ) ;
#6421 = AXIS2_PLACEMENT_3D ( 'NONE', #5673, #2973, #6925 ) ;
#6422 = ADVANCED_FACE ( 'NONE', ( #1345 ), #1253, .F. ) ;
#6423 = EDGE_CURVE ( 'NONE', #2765, #2785, #8270, .T. ) ;
#6424 = CARTESIAN_POINT ( 'NONE',  ( 28.52499999999999500, 7.000000000000000000, 2.549999999999989600 ) ) ;
#6425 = LINE ( 'NONE', #7301, #3618 ) ;
#6426 = ORIENTED_EDGE ( 'NONE', *, *, #1485, .F. ) ;
#6427 = DIRECTION ( 'NONE',  ( -1.000000000000000000, 0.0000000000000000000, 1.387778780781446900E-015 ) ) ;
#6428 = FACE_OUTER_BOUND ( 'NONE', #8020, .T. ) ;
#6429 = DIRECTION ( 'NONE',  ( 0.0000000000000000000, -1.000000000000000000, 0.0000000000000000000 ) ) ;
#6430 = ORIENTED_EDGE ( 'NONE', *, *, #4736, .F. ) ;
#6431 = EDGE_LOOP ( 'NONE', ( #4746, #6992, #3824, #1075 ) ) ;
#6432 = CARTESIAN_POINT ( 'NONE',  ( 8.000000000000000000, 0.0000000000000000000, 12.20000000000000300 ) ) ;
#6433 = CARTESIAN_POINT ( 'NONE',  ( -34.90000000000000600, 7.299999999999999800, 6.000000000000005300 ) ) ;
#6434 = EDGE_CURVE ( 'NONE', #1732, #2435, #4395, .T. ) ;
#6435 = LINE ( 'NONE', #4361, #2559 ) ;
#6436 = ORIENTED_EDGE ( 'NONE', *, *, #4503, .T. ) ;
#6437 = DIRECTION ( 'NONE',  ( 0.0000000000000000000, 0.0000000000000000000, 1.000000000000000000 ) ) ;
#6438 = LINE ( 'NONE', #3503, #7292 ) ;
#6439 = ORIENTED_EDGE ( 'NONE', *, *, #1977, .T. ) ;
#6440 = ORIENTED_EDGE ( 'NONE', *, *, #2652, .F. ) ;
#6441 = ORIENTED_EDGE ( 'NONE', *, *, #3649, .F. ) ;
#6442 = EDGE_CURVE ( 'NONE', #2785, #636, #7098, .T. ) ;
#6443 = DIRECTION ( 'NONE',  ( 0.0000000000000000000, 0.0000000000000000000, -1.000000000000000000 ) ) ;
#6444 = VERTEX_POINT ( 'NONE', #5836 ) ;
#6445 = CARTESIAN_POINT ( 'NONE',  ( 4.750000000000002700, 4.650000000000002100, 12.79999999999999900 ) ) ;
#6446 = STYLED_ITEM ( 'NONE', ( #6386 ), #5229 ) ;
#6447 = VECTOR ( 'NONE', #6216, 1000.000000000000000 ) ;
#6448 = ORIENTED_EDGE ( 'NONE', *, *, #4592, .T. ) ;
#6449 = LINE ( 'NONE', #3651, #8565 ) ;
#6450 = EDGE_LOOP ( 'NONE', ( #3514, #8246, #4150, #2462 ) ) ;
#6451 = ORIENTED_EDGE ( 'NONE', *, *, #2108, .T. ) ;
#6452 = ORIENTED_EDGE ( 'NONE', *, *, #4606, .T. ) ;
#6453 = VERTEX_POINT ( 'NONE', #5718 ) ;
#6454 = DIRECTION ( 'NONE',  ( -0.0000000000000000000, -1.000000000000000000, -0.0000000000000000000 ) ) ;
#6455 = STYLED_ITEM ( 'NONE', ( #5139 ), #351 ) ;
#6456 = CARTESIAN_POINT ( 'NONE',  ( -38.85000000000000900, -4.199999999999999300, 0.2500000000000011100 ) ) ;
#6457 = CARTESIAN_POINT ( 'NONE',  ( 1.375000000000001300, 5.700000000000000200, 12.50000000000000200 ) ) ;
#6458 = LINE ( 'NONE', #5210, #2691 ) ;
#6459 = LINE ( 'NONE', #5159, #4921 ) ;
#6460 = ORIENTED_EDGE ( 'NONE', *, *, #3793, .F. ) ;
#6461 = ORIENTED_EDGE ( 'NONE', *, *, #2320, .T. ) ;
#6462 = CARTESIAN_POINT ( 'NONE',  ( 12.00000000000000000, 0.0000000000000000000, 12.20000000000000300 ) ) ;
#6463 = AXIS2_PLACEMENT_3D ( 'NONE', #476, #4505, #3721 ) ;
#6464 = DIRECTION ( 'NONE',  ( 1.000000000000000000, 0.0000000000000000000, 0.0000000000000000000 ) ) ;
#6465 = DIRECTION ( 'NONE',  ( 1.000000000000000000, 0.0000000000000000000, -0.0000000000000000000 ) ) ;
#6466 = EDGE_CURVE ( 'NONE', #4186, #6302, #5967, .T. ) ;
#6467 = DIRECTION ( 'NONE',  ( 0.0000000000000000000, -1.000000000000000000, 0.0000000000000000000 ) ) ;
#6468 = CARTESIAN_POINT ( 'NONE',  ( 4.750000000000002700, 5.049999999999999800, 12.20000000000000300 ) ) ;
#6470 = ADVANCED_FACE ( 'NONE', ( #1450 ), #492, .F. ) ;
#6469 = CYLINDRICAL_SURFACE ( 'NONE', #3585, 0.09999999999999939500 ) ;
#6471 = LINE ( 'NONE', #3910, #5645 ) ;
#6472 = EDGE_LOOP ( 'NONE', ( #3657, #6480, #960, #6991 ) ) ;
#6473 = ORIENTED_EDGE ( 'NONE', *, *, #6773, .F. ) ;
#6474 = ORIENTED_EDGE ( 'NONE', *, *, #7756, .F. ) ;
#6475 = VERTEX_POINT ( 'NONE', #7088 ) ;
#6476 = DIRECTION ( 'NONE',  ( 0.0000000000000000000, -1.000000000000000000, 4.336808689942017700E-016 ) ) ;
#6477 = VECTOR ( 'NONE', #2666, 1000.000000000000000 ) ;
#6478 = VECTOR ( 'NONE', #7787, 1000.000000000000000 ) ;
#6479 = PLANE ( 'NONE',  #5633 ) ;
#6480 = ORIENTED_EDGE ( 'NONE', *, *, #8642, .F. ) ;
#6481 = AXIS2_PLACEMENT_3D ( 'NONE', #4962, #1104, #1772 ) ;
#6482 = LINE ( 'NONE', #5508, #2400 ) ;
#6483 = EDGE_CURVE ( 'NONE', #2694, #5690, #3022, .T. ) ;
#6484 = DIRECTION ( 'NONE',  ( 1.000000000000000000, -0.0000000000000000000, -0.0000000000000000000 ) ) ;
#6485 = CARTESIAN_POINT ( 'NONE',  ( -35.80000000000000400, 7.299999999999999800, 13.55000000000000200 ) ) ;
#6486 = EDGE_CURVE ( 'NONE', #7984, #8162, #614, .T. ) ;
#6487 = VERTEX_POINT ( 'NONE', #8390 ) ;
#6488 = ADVANCED_FACE ( 'NONE', ( #3776, #2172 ), #5079, .T. ) ;
#6489 = CARTESIAN_POINT ( 'NONE',  ( -2.625000000000014700, 4.100000000000000500, 9.194034422677102800E-015 ) ) ;
#6490 = LINE ( 'NONE', #1914, #5890 ) ;
#6491 = DIRECTION ( 'NONE',  ( -0.0000000000000000000, 5.782411586589358800E-015, 1.000000000000000000 ) ) ;
#6492 = DIRECTION ( 'NONE',  ( -0.0000000000000000000, 1.000000000000000000, -0.0000000000000000000 ) ) ;
#6493 = LINE ( 'NONE', #2419, #6701 ) ;
#6494 = ORIENTED_EDGE ( 'NONE', *, *, #228, .T. ) ;
#6495 = EDGE_CURVE ( 'NONE', #666, #7607, #6459, .T. ) ;
#6496 = DIRECTION ( 'NONE',  ( 0.0000000000000000000, 1.000000000000000000, -0.0000000000000000000 ) ) ;
#6497 = ADVANCED_FACE ( 'NONE', ( #3992 ), #3025, .F. ) ;
#6498 = AXIS2_PLACEMENT_3D ( 'NONE', #993, #2906, #4943 ) ;
#6499 = DIRECTION ( 'NONE',  ( 0.0000000000000000000, 1.000000000000000000, -0.0000000000000000000 ) ) ;
#6500 = VECTOR ( 'NONE', #4115, 1000.000000000000000 ) ;
#6501 = DIRECTION ( 'NONE',  ( 0.0000000000000000000, -4.336808689942017700E-016, -1.000000000000000000 ) ) ;
#6502 = CARTESIAN_POINT ( 'NONE',  ( -2.624999999999998700, 5.700000000000000200, 11.25000000000000400 ) ) ;
#6503 = EDGE_CURVE ( 'NONE', #6536, #6509, #3223, .T. ) ;
#6504 = AXIS2_PLACEMENT_3D ( 'NONE', #7862, #6464, #3080 ) ;
#6505 = CARTESIAN_POINT ( 'NONE',  ( -32.50000000000000000, 2.500000000000000000, -16.54999999999999700 ) ) ;
#6506 = VECTOR ( 'NONE', #3508, 1000.000000000000000 ) ;
#6507 = DIRECTION ( 'NONE',  ( 1.000000000000000000, 0.0000000000000000000, -1.387778780781446300E-015 ) ) ;
#6508 = ORIENTED_EDGE ( 'NONE', *, *, #5124, .T. ) ;
#6509 = VERTEX_POINT ( 'NONE', #4523 ) ;
#6510 = ORIENTED_EDGE ( 'NONE', *, *, #1295, .T. ) ;
#6511 = DIRECTION ( 'NONE',  ( 0.0000000000000000000, 1.000000000000000000, 0.0000000000000000000 ) ) ;
#6512 = CARTESIAN_POINT ( 'NONE',  ( 5.250000000000002700, 4.650000000000002100, 12.40000000000000400 ) ) ;
#6513 =( GEOMETRIC_REPRESENTATION_CONTEXT ( 3 ) GLOBAL_UNCERTAINTY_ASSIGNED_CONTEXT ( ( #5376 ) ) GLOBAL_UNIT_ASSIGNED_CONTEXT ( ( #4388, #2282, #3655 ) ) REPRESENTATION_CONTEXT ( 'NONE', 'WORKASPACE' ) );
#6514 = PRESENTATION_STYLE_ASSIGNMENT (( #3759 ) ) ;
#6515 = ORIENTED_EDGE ( 'NONE', *, *, #7040, .T. ) ;
#6516 = DIRECTION ( 'NONE',  ( 0.0000000000000000000, -1.000000000000000000, 0.0000000000000000000 ) ) ;
#6517 = CARTESIAN_POINT ( 'NONE',  ( -28.97500000000000100, 7.299999999999999800, 2.549999999999996700 ) ) ;
#6518 = DIRECTION ( 'NONE',  ( 0.0000000000000000000, -1.000000000000000000, -8.673617379884013400E-015 ) ) ;
#6519 = CARTESIAN_POINT ( 'NONE',  ( -34.40000000000000600, 6.899999999999998600, -6.249999999999999100 ) ) ;
#6520 = LINE ( 'NONE', #6800, #5721 ) ;
#6521 = EDGE_CURVE ( 'NONE', #6126, #1699, #5028, .T. ) ;
#6522 = DIRECTION ( 'NONE',  ( 0.0000000000000000000, -0.0000000000000000000, 1.000000000000000000 ) ) ;
#6523 = SURFACE_STYLE_FILL_AREA ( #1628 ) ;
#6524 = ORIENTED_EDGE ( 'NONE', *, *, #2341, .F. ) ;
#6525 = VECTOR ( 'NONE', #7003, 1000.000000000000000 ) ;
#6526 = VERTEX_POINT ( 'NONE', #6596 ) ;
#6527 = DIRECTION ( 'NONE',  ( -0.0000000000000000000, -1.000000000000000000, -0.0000000000000000000 ) ) ;
#6528 = DIRECTION ( 'NONE',  ( 0.0000000000000000000, 0.0000000000000000000, -1.000000000000000000 ) ) ;
#6529 = VECTOR ( 'NONE', #7045, 1000.000000000000000 ) ;
#6530 = ORIENTED_EDGE ( 'NONE', *, *, #2656, .F. ) ;
#6531 = DIRECTION ( 'NONE',  ( -1.000000000000000000, 0.0000000000000000000, 0.0000000000000000000 ) ) ;
#6532 = FACE_OUTER_BOUND ( 'NONE', #6150, .T. ) ;
#6533 = ORIENTED_EDGE ( 'NONE', *, *, #4065, .F. ) ;
#6534 = ORIENTED_EDGE ( 'NONE', *, *, #6893, .T. ) ;
#6535 = VERTEX_POINT ( 'NONE', #7031 ) ;
#6536 = VERTEX_POINT ( 'NONE', #6399 ) ;
#6537 = DIRECTION ( 'NONE',  ( 1.000000000000000000, -0.0000000000000000000, -0.0000000000000000000 ) ) ;
#6538 = EDGE_CURVE ( 'NONE', #3090, #8261, #5321, .T. ) ;
#6539 = DIRECTION ( 'NONE',  ( -0.0000000000000000000, 1.000000000000000000, -0.0000000000000000000 ) ) ;
#6540 =( NAMED_UNIT ( * ) PLANE_ANGLE_UNIT ( ) SI_UNIT ( $, .RADIAN. ) );
#6541 = VECTOR ( 'NONE', #1964, 1000.000000000000000 ) ;
#6542 = VECTOR ( 'NONE', #124, 1000.000000000000000 ) ;
#6543 = EDGE_LOOP ( 'NONE', ( #1704, #3321, #6345, #4830, #4295, #5519, #3318, #6149, #3864, #2699, #3915, #4922 ) ) ;
#6544 = VECTOR ( 'NONE', #328, 1000.000000000000000 ) ;
#6545 = ORIENTED_EDGE ( 'NONE', *, *, #1688, .T. ) ;
#6546 = ORIENTED_EDGE ( 'NONE', *, *, #3310, .F. ) ;
#6547 = ORIENTED_EDGE ( 'NONE', *, *, #5365, .T. ) ;
#6548 = CARTESIAN_POINT ( 'NONE',  ( -7.249999999999997300, 5.049999999999999800, 12.20000000000000300 ) ) ;
#6549 = EDGE_CURVE ( 'NONE', #4050, #6883, #423, .T. ) ;
#6550 = FACE_OUTER_BOUND ( 'NONE', #13, .T. ) ;
#6551 = VECTOR ( 'NONE', #3852, 1000.000000000000000 ) ;
#6552 = EDGE_CURVE ( 'NONE', #4678, #3695, #5544, .T. ) ;
#6553 = ORIENTED_EDGE ( 'NONE', *, *, #2834, .F. ) ;
#6554 = CARTESIAN_POINT ( 'NONE',  ( 32.50000000000000000, 0.0000000000000000000, -16.54999999999999700 ) ) ;
#6555 = ORIENTED_EDGE ( 'NONE', *, *, #4886, .F. ) ;
#6556 = VERTEX_POINT ( 'NONE', #7155 ) ;
#6557 = ORIENTED_EDGE ( 'NONE', *, *, #2257, .T. ) ;
#6558 = PLANE ( 'NONE',  #966 ) ;
#6559 = VECTOR ( 'NONE', #5800, 1000.000000000000000 ) ;
#6560 = LINE ( 'NONE', #7169, #204 ) ;
#6561 = ORIENTED_EDGE ( 'NONE', *, *, #6716, .F. ) ;
#6562 = CARTESIAN_POINT ( 'NONE',  ( -2.749999999999997300, 4.650000000000002100, 12.40000000000000400 ) ) ;
#6563 = DIRECTION ( 'NONE',  ( 0.0000000000000000000, 0.0000000000000000000, 1.000000000000000000 ) ) ;
#6564 = ADVANCED_FACE ( 'NONE', ( #3554 ), #3920, .F. ) ;
#6565 = CARTESIAN_POINT ( 'NONE',  ( 0.0000000000000000000, 5.700000000000000200, 0.0000000000000000000 ) ) ;
#6566 = CARTESIAN_POINT ( 'NONE',  ( -34.40000000000000600, 5.700000000000000200, -7.449999999999998400 ) ) ;
#6567 = VECTOR ( 'NONE', #215, 1000.000000000000000 ) ;
#6568 = VECTOR ( 'NONE', #1000, 1000.000000000000000 ) ;
#6569 = ORIENTED_EDGE ( 'NONE', *, *, #69, .T. ) ;
#6570 = AXIS2_PLACEMENT_3D ( 'NONE', #3094, #7183, #8542 ) ;
#6571 = VERTEX_POINT ( 'NONE', #2564 ) ;
#6572 = CARTESIAN_POINT ( 'NONE',  ( -7.374999999999998200, 5.700000000000000200, 12.50000000000000200 ) ) ;
#6573 = DIRECTION ( 'NONE',  ( 0.0000000000000000000, 0.0000000000000000000, 1.000000000000000000 ) ) ;
#6574 = EDGE_CURVE ( 'NONE', #4967, #2926, #8045, .T. ) ;
#6575 = ADVANCED_FACE ( 'NONE', ( #7847 ), #2504, .T. ) ;
#6576 = CARTESIAN_POINT ( 'NONE',  ( -4.624999999999999100, 5.400000000000000400, 11.25000000000000400 ) ) ;
#6577 = FACE_OUTER_BOUND ( 'NONE', #6241, .T. ) ;
#6578 = CYLINDRICAL_SURFACE ( 'NONE', #4792, 2.250000000000016000 ) ;
#6579 = PRESENTATION_LAYER_ASSIGNMENT (  '', '', ( #6314 ) ) ;
#6580 = ORIENTED_EDGE ( 'NONE', *, *, #8035, .T. ) ;
#6581 = CARTESIAN_POINT ( 'NONE',  ( -3.999999999999999100, 5.400000000000000400, 7.050000000000003400 ) ) ;
#6582 = FACE_OUTER_BOUND ( 'NONE', #7529, .T. ) ;
#6583 = CARTESIAN_POINT ( 'NONE',  ( -1.374999999999997800, 5.400000000000000400, 12.50000000000000200 ) ) ;
#6584 = ORIENTED_EDGE ( 'NONE', *, *, #7147, .F. ) ;
#6585 = CIRCLE ( 'NONE', #7908, 0.09999999999999939500 ) ;
#6586 = EDGE_LOOP ( 'NONE', ( #804, #6388, #1631, #2196 ) ) ;
#6587 = VERTEX_POINT ( 'NONE', #8629 ) ;
#6588 = AXIS2_PLACEMENT_3D ( 'NONE', #8653, #2558, #3242 ) ;
#6589 = EDGE_CURVE ( 'NONE', #7833, #2670, #921, .T. ) ;
#6590 = DIRECTION ( 'NONE',  ( -1.000000000000000000, 0.0000000000000000000, 1.206764157201257300E-016 ) ) ;
#6591 = EDGE_CURVE ( 'NONE', #5149, #5347, #8672, .T. ) ;
#6592 = CARTESIAN_POINT ( 'NONE',  ( 6.750000000000002700, 4.750000000000000900, 12.40000000000000400 ) ) ;
#6593 = LINE ( 'NONE', #2127, #8406 ) ;
#6594 = ORIENTED_EDGE ( 'NONE', *, *, #3909, .T. ) ;
#6595 = VECTOR ( 'NONE', #7416, 1000.000000000000000 ) ;
#6596 = CARTESIAN_POINT ( 'NONE',  ( -34.90000000000000600, 4.100000000000000500, -12.50000000000000400 ) ) ;
#6597 = ADVANCED_FACE ( 'NONE', ( #6788 ), #3338, .F. ) ;
#6598 = CARTESIAN_POINT ( 'NONE',  ( -2.749999999999997300, 4.750000000000000900, 12.20000000000000300 ) ) ;
#6599 = PLANE ( 'NONE',  #4153 ) ;
#6600 = VECTOR ( 'NONE', #2011, 1000.000000000000000 ) ;
#6601 = EDGE_CURVE ( 'NONE', #7984, #3237, #8580, .T. ) ;
#6602 = EDGE_CURVE ( 'NONE', #7743, #1474, #4201, .T. ) ;
#6603 = CARTESIAN_POINT ( 'NONE',  ( -34.40000000000000600, 4.499999999999999100, -6.249999999999997300 ) ) ;
#6604 = DIRECTION ( 'NONE',  ( 1.000000000000000000, 0.0000000000000000000, -0.0000000000000000000 ) ) ;
#6605 = DIRECTION ( 'NONE',  ( 0.0000000000000000000, 0.0000000000000000000, 1.000000000000000000 ) ) ;
#6606 = LINE ( 'NONE', #6819, #468 ) ;
#6607 = DIRECTION ( 'NONE',  ( -1.000000000000000000, 0.0000000000000000000, 0.0000000000000000000 ) ) ;
#6608 = CARTESIAN_POINT ( 'NONE',  ( 32.50000000000000000, 2.500000000000000000, -17.79999999999999700 ) ) ;
#6609 = EDGE_LOOP ( 'NONE', ( #7356, #7699, #1403, #7115 ) ) ;
#6610 = PLANE ( 'NONE',  #4377 ) ;
#6611 = STYLED_ITEM ( 'NONE', ( #7110 ), #463 ) ;
#6612 = ADVANCED_FACE ( 'NONE', ( #7425, #6368 ), #8051, .T. ) ;
#6613 = DIRECTION ( 'NONE',  ( 0.0000000000000000000, 0.0000000000000000000, 1.000000000000000000 ) ) ;
#6614 = LINE ( 'NONE', #1974, #4879 ) ;
#6615 = CARTESIAN_POINT ( 'NONE',  ( -34.40000000000000600, 5.700000000000002800, -0.2499999999999985000 ) ) ;
#6616 = VERTEX_POINT ( 'NONE', #7317 ) ;
#6617 = AXIS2_PLACEMENT_3D ( 'NONE', #3381, #1420, #3454 ) ;
#6618 = ORIENTED_EDGE ( 'NONE', *, *, #2975, .F. ) ;
#6619 = VERTEX_POINT ( 'NONE', #5357 ) ;
#6620 = DIRECTION ( 'NONE',  ( -2.096342569156262300E-016, 0.0000000000000000000, -1.000000000000000000 ) ) ;
#6621 = PLANE ( 'NONE',  #226 ) ;
#6622 = CARTESIAN_POINT ( 'NONE',  ( 6.750000000000002700, 4.650000000000002100, 12.40000000000000400 ) ) ;
#6623 = CARTESIAN_POINT ( 'NONE',  ( -34.90000000000000600, 4.100000000000000500, -12.50000000000000400 ) ) ;
#6624 = CARTESIAN_POINT ( 'NONE',  ( -34.75000000000000700, 2.500000000000000000, -13.54999999999999900 ) ) ;
#6625 = LINE ( 'NONE', #934, #578 ) ;
#6626 = FACE_OUTER_BOUND ( 'NONE', #4778, .T. ) ;
#6627 = VERTEX_POINT ( 'NONE', #4724 ) ;
#6628 =( LENGTH_UNIT ( ) NAMED_UNIT ( * ) SI_UNIT ( .MILLI., .METRE. ) );
#6629 = DIRECTION ( 'NONE',  ( 0.0000000000000000000, -1.000000000000000000, 0.0000000000000000000 ) ) ;
#6630 = DIRECTION ( 'NONE',  ( -1.387778780781446500E-015, -0.0000000000000000000, -1.000000000000000000 ) ) ;
#6631 = LINE ( 'NONE', #4253, #675 ) ;
#6632 = ORIENTED_EDGE ( 'NONE', *, *, #577, .T. ) ;
#6633 = VECTOR ( 'NONE', #3371, 1000.000000000000000 ) ;
#6634 = VERTEX_POINT ( 'NONE', #6623 ) ;
#6635 = ORIENTED_EDGE ( 'NONE', *, *, #6434, .T. ) ;
#6636 = DIRECTION ( 'NONE',  ( 0.0000000000000000000, 0.0000000000000000000, -1.000000000000000000 ) ) ;
#6637 = AXIS2_PLACEMENT_3D ( 'NONE', #5035, #6361, #2330 ) ;
#6638 = ADVANCED_FACE ( 'NONE', ( #4818 ), #4781, .F. ) ;
#6639 = DIRECTION ( 'NONE',  ( 0.0000000000000000000, 0.0000000000000000000, -1.000000000000000000 ) ) ;
#6640 = EDGE_CURVE ( 'NONE', #5520, #1780, #2162, .T. ) ;
#6641 = CARTESIAN_POINT ( 'NONE',  ( 6.750000000000002700, 4.650000000000002100, 12.50000000000000200 ) ) ;
#6642 = VECTOR ( 'NONE', #307, 1000.000000000000000 ) ;
#6643 = ORIENTED_EDGE ( 'NONE', *, *, #7820, .T. ) ;
#6644 = FACE_OUTER_BOUND ( 'NONE', #8571, .T. ) ;
#6645 = ORIENTED_EDGE ( 'NONE', *, *, #3835, .T. ) ;
#6646 = ORIENTED_EDGE ( 'NONE', *, *, #7586, .T. ) ;
#6647 = ORIENTED_EDGE ( 'NONE', *, *, #7237, .F. ) ;
#6648 = CARTESIAN_POINT ( 'NONE',  ( -35.80000000000001100, 0.8999999999999980200, 5.672426789160429200 ) ) ;
#6649 = MANIFOLD_SOLID_BREP ( 'LPattern1[5]', #7295 ) ;
#6650 = DIRECTION ( 'NONE',  ( -0.0000000000000000000, -1.000000000000000000, -0.0000000000000000000 ) ) ;
#6651 = DIRECTION ( 'NONE',  ( 0.0000000000000000000, 5.782411586589358800E-015, 1.000000000000000000 ) ) ;
#6652 = CARTESIAN_POINT ( 'NONE',  ( -1.249999999999997600, 4.650000000000002100, 12.40000000000000400 ) ) ;
#6653 = LINE ( 'NONE', #2281, #1442 ) ;
#6654 = VERTEX_POINT ( 'NONE', #2036 ) ;
#6655 = EDGE_LOOP ( 'NONE', ( #4576, #3121, #1335, #1938 ) ) ;
#6656 = DIRECTION ( 'NONE',  ( 1.000000000000000000, -0.0000000000000000000, -0.0000000000000000000 ) ) ;
#6657 = LINE ( 'NONE', #3603, #1848 ) ;
#6658 = ORIENTED_EDGE ( 'NONE', *, *, #3587, .T. ) ;
#6659 = ORIENTED_EDGE ( 'NONE', *, *, #7805, .F. ) ;
#6660 = EDGE_CURVE ( 'NONE', #5963, #110, #3767, .T. ) ;
#6661 = DIRECTION ( 'NONE',  ( 0.0000000000000000000, 1.000000000000000000, 0.0000000000000000000 ) ) ;
#6662 = SURFACE_SIDE_STYLE ('',( #5688 ) ) ;
#6663 = CARTESIAN_POINT ( 'NONE',  ( 6.000000000000000000, 0.0000000000000000000, 12.20000000000000300 ) ) ;
#6664 =( NAMED_UNIT ( * ) SI_UNIT ( $, .STERADIAN. ) SOLID_ANGLE_UNIT ( ) );
#6665 = EDGE_CURVE ( 'NONE', #3278, #4489, #7935, .T. ) ;
#6666 = AXIS2_PLACEMENT_3D ( 'NONE', #5972, #8007, #6604 ) ;
#6667 = COLOUR_RGB ( '',0.0000000000000000000, 0.0000000000000000000, 0.0000000000000000000 ) ;
#6668 = VECTOR ( 'NONE', #472, 1000.000000000000000 ) ;
#6669 = EDGE_LOOP ( 'NONE', ( #4891, #6698, #915, #391 ) ) ;
#6670 = ORIENTED_EDGE ( 'NONE', *, *, #2401, .T. ) ;
#6671 = CARTESIAN_POINT ( 'NONE',  ( -3.374999999999997800, 5.700000000000000200, 0.0000000000000000000 ) ) ;
#6672 = EDGE_CURVE ( 'NONE', #3450, #886, #7527, .T. ) ;
#6673 = CARTESIAN_POINT ( 'NONE',  ( 7.375000000000002700, 4.100000000000000500, 12.20000000000000300 ) ) ;
#6674 = LINE ( 'NONE', #525, #4097 ) ;
#6675 = LINE ( 'NONE', #4933, #3788 ) ;
#6676 = ORIENTED_EDGE ( 'NONE', *, *, #342, .F. ) ;
#6677 = CARTESIAN_POINT ( 'NONE',  ( 0.6250000000000023300, 5.700000000000000200, 11.25000000000000400 ) ) ;
#6678 = DIRECTION ( 'NONE',  ( 0.0000000000000000000, 0.0000000000000000000, 1.000000000000000000 ) ) ;
#6679 = AXIS2_PLACEMENT_3D ( 'NONE', #8194, #3617, #2176 ) ;
#6680 = DIRECTION ( 'NONE',  ( 1.000000000000000000, 0.0000000000000000000, 0.0000000000000000000 ) ) ;
#6681 = ORIENTED_EDGE ( 'NONE', *, *, #7795, .F. ) ;
#6682 = DIRECTION ( 'NONE',  ( 0.0000000000000000000, 1.000000000000000000, 0.0000000000000000000 ) ) ;
#6683 = DIRECTION ( 'NONE',  ( -0.0000000000000000000, 1.000000000000000000, -0.0000000000000000000 ) ) ;
#6684 = VECTOR ( 'NONE', #6492, 1000.000000000000000 ) ;
#6685 = DIRECTION ( 'NONE',  ( -0.0000000000000000000, -1.000000000000000000, -0.0000000000000000000 ) ) ;
#6686 = CARTESIAN_POINT ( 'NONE',  ( 6.625000000000002700, 5.700000000000000200, 11.25000000000000400 ) ) ;
#6687 = ORIENTED_EDGE ( 'NONE', *, *, #239, .T. ) ;
#6688 = VERTEX_POINT ( 'NONE', #2644 ) ;
#6689 = SURFACE_STYLE_USAGE ( .BOTH. , #7349 ) ;
#6690 = CARTESIAN_POINT ( 'NONE',  ( 3.250000000000002700, 5.049999999999998000, 12.40000000000000400 ) ) ;
#6691 = AXIS2_PLACEMENT_3D ( 'NONE', #2525, #4518, #7877 ) ;
#6693 = ADVANCED_FACE ( 'NONE', ( #7299 ), #8147, .F. ) ;
#6692 = VECTOR ( 'NONE', #5349, 1000.000000000000000 ) ;
#6694 = VECTOR ( 'NONE', #596, 1000.000000000000000 ) ;
#6695 = PLANE ( 'NONE',  #6481 ) ;
#6696 = ORIENTED_EDGE ( 'NONE', *, *, #4054, .T. ) ;
#6697 = EDGE_CURVE ( 'NONE', #4372, #4850, #3982, .T. ) ;
#6698 = ORIENTED_EDGE ( 'NONE', *, *, #6185, .F. ) ;
#6699 = VECTOR ( 'NONE', #2030, 1000.000000000000000 ) ;
#6700 = EDGE_CURVE ( 'NONE', #5185, #5048, #4194, .T. ) ;
#6701 = VECTOR ( 'NONE', #7112, 1000.000000000000000 ) ;
#6702 = ADVANCED_FACE ( 'NONE', ( #8158 ), #982, .T. ) ;
#6703 = ORIENTED_EDGE ( 'NONE', *, *, #8011, .T. ) ;
#6704 = DIRECTION ( 'NONE',  ( 0.0000000000000000000, 0.0000000000000000000, 1.000000000000000000 ) ) ;
#6705 = CARTESIAN_POINT ( 'NONE',  ( 30.27499999999999500, 7.299999999999999800, 2.549999999999989600 ) ) ;
#6706 = CARTESIAN_POINT ( 'NONE',  ( -6.625000000000014200, 4.100000000000000500, 9.194034422677102800E-015 ) ) ;
#6707 = CARTESIAN_POINT ( 'NONE',  ( -38.85000000000000900, 0.8999999999999980200, 1.750000000000000700 ) ) ;
#6708 = LINE ( 'NONE', #7505, #5158 ) ;
#6709 = ADVANCED_FACE ( 'NONE', ( #5111 ), #3006, .F. ) ;
#6710 = AXIS2_PLACEMENT_3D ( 'NONE', #6986, #2947, #295 ) ;
#6711 = CARTESIAN_POINT ( 'NONE',  ( -32.49999999999999300, 2.500000000000000000, 16.55000000000000400 ) ) ;
#6712 = EDGE_CURVE ( 'NONE', #8094, #2252, #1958, .T. ) ;
#6713 = PLANE ( 'NONE',  #6004 ) ;
#6714 = DIRECTION ( 'NONE',  ( 0.0000000000000000000, 0.0000000000000000000, -1.000000000000000000 ) ) ;
#6715 = DIRECTION ( 'NONE',  ( 1.000000000000000000, -0.0000000000000000000, -0.0000000000000000000 ) ) ;
#6716 = EDGE_CURVE ( 'NONE', #7970, #7863, #3214, .T. ) ;
#6717 = FACE_OUTER_BOUND ( 'NONE', #7854, .T. ) ;
#6718 = DIRECTION ( 'NONE',  ( 0.0000000000000000000, -1.000000000000000000, 0.0000000000000000000 ) ) ;
#6719 = VERTEX_POINT ( 'NONE', #3801 ) ;
#6720 =( LENGTH_UNIT ( ) NAMED_UNIT ( * ) SI_UNIT ( .MILLI., .METRE. ) );
#6721 = EDGE_CURVE ( 'NONE', #325, #7175, #5019, .T. ) ;
#6722 = DIRECTION ( 'NONE',  ( 0.0000000000000000000, -0.0000000000000000000, 1.000000000000000000 ) ) ;
#6723 = DIRECTION ( 'NONE',  ( 0.0000000000000000000, 1.000000000000000000, -0.0000000000000000000 ) ) ;
#6724 = CARTESIAN_POINT ( 'NONE',  ( -7.249999999999997300, -4.699999999999997500, 12.80000000000000200 ) ) ;
#6725 = EDGE_CURVE ( 'NONE', #5639, #1849, #5636, .T. ) ;
#6726 = CIRCLE ( 'NONE', #4821, 1.200000000000000200 ) ;
#6727 = VERTEX_POINT ( 'NONE', #8435 ) ;
#6728 = ORIENTED_EDGE ( 'NONE', *, *, #6602, .F. ) ;
#6729 =( NAMED_UNIT ( * ) PLANE_ANGLE_UNIT ( ) SI_UNIT ( $, .RADIAN. ) );
#6730 = DIRECTION ( 'NONE',  ( -1.000000000000000000, 0.0000000000000000000, -0.0000000000000000000 ) ) ;
#6731 = LINE ( 'NONE', #5318, #8432 ) ;
#6732 = ADVANCED_FACE ( 'NONE', ( #8363 ), #607, .T. ) ;
#6733 = CARTESIAN_POINT ( 'NONE',  ( -35.80000000000000400, 4.350000000000000500, 0.0000000000000000000 ) ) ;
#6734 = ORIENTED_EDGE ( 'NONE', *, *, #7250, .F. ) ;
#6735 = CARTESIAN_POINT ( 'NONE',  ( 3.375000000000001300, 5.700000000000000200, 11.25000000000000400 ) ) ;
#6736 = LINE ( 'NONE', #2289, #4659 ) ;
#6737 = ORIENTED_EDGE ( 'NONE', *, *, #1022, .F. ) ;
#6738 = DIRECTION ( 'NONE',  ( 1.000000000000000000, 0.0000000000000000000, 0.0000000000000000000 ) ) ;
#6739 = CARTESIAN_POINT ( 'NONE',  ( -7.249999999999997300, 4.750000000000000900, 12.20000000000000300 ) ) ;
#6740 = FACE_BOUND ( 'NONE', #3866, .T. ) ;
#6741 = VECTOR ( 'NONE', #4223, 1000.000000000000000 ) ;
#6742 = VERTEX_POINT ( 'NONE', #7769 ) ;
#6743 = ORIENTED_EDGE ( 'NONE', *, *, #7476, .F. ) ;
#6744 = LINE ( 'NONE', #5604, #7723 ) ;
#6745 = DIRECTION ( 'NONE',  ( 0.0000000000000000000, 0.0000000000000000000, 1.000000000000000000 ) ) ;
#6746 = DIRECTION ( 'NONE',  ( 1.000000000000000000, -0.0000000000000000000, -0.0000000000000000000 ) ) ;
#6747 = CARTESIAN_POINT ( 'NONE',  ( -34.40000000000000600, 5.700000000000002800, -0.2499999999999985000 ) ) ;
#6748 =( NAMED_UNIT ( * ) PLANE_ANGLE_UNIT ( ) SI_UNIT ( $, .RADIAN. ) );
#6749 = VECTOR ( 'NONE', #1027, 1000.000000000000000 ) ;
#6750 = VERTEX_POINT ( 'NONE', #6414 ) ;
#6751 = CARTESIAN_POINT ( 'NONE',  ( -34.40000000000000600, 4.499999999999999100, -6.249999999999997300 ) ) ;
#6752 = FACE_OUTER_BOUND ( 'NONE', #5874, .T. ) ;
#6753 = ORIENTED_EDGE ( 'NONE', *, *, #5264, .F. ) ;
#6754 = ORIENTED_EDGE ( 'NONE', *, *, #3714, .F. ) ;
#6755 = ORIENTED_EDGE ( 'NONE', *, *, #1775, .F. ) ;
#6756 = VERTEX_POINT ( 'NONE', #6502 ) ;
#6757 = ADVANCED_FACE ( 'NONE', ( #196 ), #7075, .F. ) ;
#6758 = LINE ( 'NONE', #6598, #7286 ) ;
#6759 = LINE ( 'NONE', #5559, #5006 ) ;
#6760 = ORIENTED_EDGE ( 'NONE', *, *, #8234, .F. ) ;
#6761 = CARTESIAN_POINT ( 'NONE',  ( 3.250000000000002700, 5.049999999999998000, 12.40000000000000400 ) ) ;
#6762 = EDGE_LOOP ( 'NONE', ( #402, #1155, #7841, #5875 ) ) ;
#6763 = EDGE_CURVE ( 'NONE', #7927, #6350, #5309, .T. ) ;
#6764 = LINE ( 'NONE', #4263, #6544 ) ;
#6765 = ORIENTED_EDGE ( 'NONE', *, *, #6183, .F. ) ;
#6766 = ORIENTED_EDGE ( 'NONE', *, *, #3897, .F. ) ;
#6767 = ORIENTED_EDGE ( 'NONE', *, *, #5120, .T. ) ;
#6768 = AXIS2_PLACEMENT_3D ( 'NONE', #7705, #8431, #8404 ) ;
#6769 =( NAMED_UNIT ( * ) SI_UNIT ( $, .STERADIAN. ) SOLID_ANGLE_UNIT ( ) );
#6770 = DIRECTION ( 'NONE',  ( -0.9396926207859082100, 0.0000000000000000000, 0.3420201433256693800 ) ) ;
#6771 = EDGE_CURVE ( 'NONE', #6742, #2723, #1241, .T. ) ;
#6772 = ADVANCED_FACE ( 'NONE', ( #1739 ), #6479, .F. ) ;
#6773 = EDGE_CURVE ( 'NONE', #2694, #3743, #5856, .T. ) ;
#6774 = FACE_OUTER_BOUND ( 'NONE', #1776, .T. ) ;
#6775 = LINE ( 'NONE', #2638, #1021 ) ;
#6776 = PLANE ( 'NONE',  #3551 ) ;
#6777 = ORIENTED_EDGE ( 'NONE', *, *, #6847, .F. ) ;
#6778 = ORIENTED_EDGE ( 'NONE', *, *, #2726, .T. ) ;
#6779 = ORIENTED_EDGE ( 'NONE', *, *, #5970, .F. ) ;
#6780 = VERTEX_POINT ( 'NONE', #1737 ) ;
#6781 = CARTESIAN_POINT ( 'NONE',  ( -32.50000000000000000, 0.0000000000000000000, -16.54999999999999700 ) ) ;
#6782 = DIRECTION ( 'NONE',  ( 1.000000000000000000, 0.0000000000000000000, -0.0000000000000000000 ) ) ;
#6783 = PLANE ( 'NONE',  #3298 ) ;
#6784 = DIRECTION ( 'NONE',  ( -0.0000000000000000000, 1.000000000000000000, -0.0000000000000000000 ) ) ;
#6785 = CARTESIAN_POINT ( 'NONE',  ( 28.52499999999999500, 7.299999999999999800, 4.299999999999989200 ) ) ;
#6786 = DIRECTION ( 'NONE',  ( -0.0000000000000000000, -1.000000000000000000, -0.0000000000000000000 ) ) ;
#6787 = LINE ( 'NONE', #6397, #1864 ) ;
#6788 = FACE_OUTER_BOUND ( 'NONE', #7009, .T. ) ;
#6789 = EDGE_CURVE ( 'NONE', #1960, #7731, #4087, .T. ) ;
#6790 = ORIENTED_EDGE ( 'NONE', *, *, #7942, .F. ) ;
#6791 = ADVANCED_FACE ( 'NONE', ( #5425 ), #3009, .T. ) ;
#6792 = DIRECTION ( 'NONE',  ( 0.0000000000000000000, -1.000000000000000000, 0.0000000000000000000 ) ) ;
#6793 = CARTESIAN_POINT ( 'NONE',  ( -28.97500000000000100, 7.000000000000000000, -10.80000000000000200 ) ) ;
#6794 = ORIENTED_EDGE ( 'NONE', *, *, #4995, .F. ) ;
#6795 = LINE ( 'NONE', #6836, #8387 ) ;
#6796 = LINE ( 'NONE', #6400, #7860 ) ;
#6797 = VERTEX_POINT ( 'NONE', #8645 ) ;
#6798 = ORIENTED_EDGE ( 'NONE', *, *, #5774, .T. ) ;
#6799 = EDGE_CURVE ( 'NONE', #3024, #7350, #815, .T. ) ;
#6800 = CARTESIAN_POINT ( 'NONE',  ( 5.250000000000002700, -4.699999999999997500, 12.80000000000000200 ) ) ;
#6801 = DIRECTION ( 'NONE',  ( 0.0000000000000000000, 0.0000000000000000000, 1.000000000000000000 ) ) ;
#6802 = CARTESIAN_POINT ( 'NONE',  ( -6.749999999999997300, -4.699999999999997500, 12.80000000000000200 ) ) ;
#6803 = DIRECTION ( 'NONE',  ( -1.000000000000000000, 0.0000000000000000000, -0.0000000000000000000 ) ) ;
#6804 = DIRECTION ( 'NONE',  ( 0.0000000000000000000, 0.0000000000000000000, -1.000000000000000000 ) ) ;
#6805 = LINE ( 'NONE', #4563, #732 ) ;
#6806 = AXIS2_PLACEMENT_3D ( 'NONE', #5047, #6340, #2929 ) ;
#6807 = CARTESIAN_POINT ( 'NONE',  ( -34.90000000000000600, 5.700000000000000200, 12.50000000000000200 ) ) ;
#6808 = ORIENTED_EDGE ( 'NONE', *, *, #8578, .T. ) ;
#6809 = ADVANCED_FACE ( 'NONE', ( #6360 ), #5239, .F. ) ;
#6810 =( LENGTH_UNIT ( ) NAMED_UNIT ( * ) SI_UNIT ( .MILLI., .METRE. ) );
#6811 = DIRECTION ( 'NONE',  ( 0.0000000000000000000, 0.0000000000000000000, 1.000000000000000000 ) ) ;
#6812 = CARTESIAN_POINT ( 'NONE',  ( -34.90000000000000600, 5.700000000000000200, 12.50000000000000200 ) ) ;
#6813 = COLOUR_RGB ( '',0.7921568627450980000, 0.8196078431372548800, 0.9333333333333333500 ) ;
#6814 = ORIENTED_EDGE ( 'NONE', *, *, #5436, .F. ) ;
#6815 = LINE ( 'NONE', #2621, #2844 ) ;
#6816 = ORIENTED_EDGE ( 'NONE', *, *, #2047, .F. ) ;
#6817 = DIRECTION ( 'NONE',  ( 1.000000000000000000, -0.0000000000000000000, 0.0000000000000000000 ) ) ;
#6818 = ADVANCED_FACE ( 'NONE', ( #302 ), #8659, .T. ) ;
#6819 = CARTESIAN_POINT ( 'NONE',  ( -38.25000000000000700, -17.31554944214035200, 1.750000000000000700 ) ) ;
#6820 = DIRECTION ( 'NONE',  ( 1.000000000000000000, 0.0000000000000000000, -0.0000000000000000000 ) ) ;
#6821 = VECTOR ( 'NONE', #5473, 1000.000000000000000 ) ;
#6822 = ORIENTED_EDGE ( 'NONE', *, *, #8352, .F. ) ;
#6823 = ORIENTED_EDGE ( 'NONE', *, *, #6349, .T. ) ;
#6824 = AXIS2_PLACEMENT_3D ( 'NONE', #7666, #2250, #3652 ) ;
#6825 = EDGE_CURVE ( 'NONE', #8162, #1617, #6775, .T. ) ;
#6826 = CARTESIAN_POINT ( 'NONE',  ( -3.249999999999997800, 5.049999999999999800, 12.20000000000000300 ) ) ;
#6827 = LINE ( 'NONE', #6445, #7686 ) ;
#6828 = CARTESIAN_POINT ( 'NONE',  ( -4.624999999999999100, 5.700000000000000200, 11.25000000000000400 ) ) ;
#6829 = ORIENTED_EDGE ( 'NONE', *, *, #6434, .F. ) ;
#6830 = SURFACE_STYLE_USAGE ( .BOTH. , #5493 ) ;
#6831 = DIRECTION ( 'NONE',  ( 0.0000000000000000000, -1.000000000000000000, -8.673617379884013400E-015 ) ) ;
#6832 = EDGE_CURVE ( 'NONE', #7731, #3950, #2794, .T. ) ;
#6833 = DIRECTION ( 'NONE',  ( -1.000000000000000000, 0.0000000000000000000, 0.0000000000000000000 ) ) ;
#6834 = ORIENTED_EDGE ( 'NONE', *, *, #8188, .T. ) ;
#6835 =( NAMED_UNIT ( * ) SI_UNIT ( $, .STERADIAN. ) SOLID_ANGLE_UNIT ( ) );
#6836 = CARTESIAN_POINT ( 'NONE',  ( 6.625000000000002700, 4.100000000000000500, 12.20000000000000300 ) ) ;
#6837 = ORIENTED_EDGE ( 'NONE', *, *, #6847, .T. ) ;
#6838 =( NAMED_UNIT ( * ) PLANE_ANGLE_UNIT ( ) SI_UNIT ( $, .RADIAN. ) );
#6839 = EDGE_LOOP ( 'NONE', ( #2643, #6378, #1011, #5510 ) ) ;
#6840 = EDGE_CURVE ( 'NONE', #636, #5387, #7751, .T. ) ;
#6841 = AXIS2_PLACEMENT_3D ( 'NONE', #3451, #2020, #3409 ) ;
#6842 = LINE ( 'NONE', #121, #3282 ) ;
#6843 = CARTESIAN_POINT ( 'NONE',  ( 6.750000000000002700, -4.699999999999997500, 12.80000000000000200 ) ) ;
#6844 = ORIENTED_EDGE ( 'NONE', *, *, #3612, .F. ) ;
#6845 = ORIENTED_EDGE ( 'NONE', *, *, #5898, .T. ) ;
#6846 = CARTESIAN_POINT ( 'NONE',  ( 15.00000000000000000, 7.300000000000005200, 13.55000000000000200 ) ) ;
#6847 = EDGE_CURVE ( 'NONE', #5227, #5928, #2370, .T. ) ;
#6848 = CARTESIAN_POINT ( 'NONE',  ( -30.24999999999999300, 7.299999999999999800, -13.54999999999999900 ) ) ;
#6849 = LINE ( 'NONE', #4093, #5086 ) ;
#6850 = AXIS2_PLACEMENT_3D ( 'NONE', #1941, #5257, #1337 ) ;
#6851 = LINE ( 'NONE', #734, #780 ) ;
#6852 = VERTEX_POINT ( 'NONE', #6641 ) ;
#6853 = DIRECTION ( 'NONE',  ( 0.0000000000000000000, 1.000000000000000000, -5.782411586589358800E-015 ) ) ;
#6854 = DIRECTION ( 'NONE',  ( -1.000000000000000000, 0.0000000000000000000, 0.0000000000000000000 ) ) ;
#6855 = DIRECTION ( 'NONE',  ( 0.0000000000000000000, 0.0000000000000000000, 1.000000000000000000 ) ) ;
#6856 = DIRECTION ( 'NONE',  ( -0.0000000000000000000, -1.000000000000000000, -0.0000000000000000000 ) ) ;
#6857 = ADVANCED_FACE ( 'NONE', ( #1334 ), #6558, .T. ) ;
#6858 = PLANE ( 'NONE',  #8500 ) ;
#6859 = VECTOR ( 'NONE', #2782, 1000.000000000000000 ) ;
#6860 = LINE ( 'NONE', #1356, #6633 ) ;
#6861 = VERTEX_POINT ( 'NONE', #5891 ) ;
#6862 = ORIENTED_EDGE ( 'NONE', *, *, #1606, .F. ) ;
#6863 = PLANE ( 'NONE',  #4250 ) ;
#6864 = CARTESIAN_POINT ( 'NONE',  ( -38.25000000000000700, -17.31554944214035200, -8.250000000000000000 ) ) ;
#6865 = DIRECTION ( 'NONE',  ( 0.0000000000000000000, -0.0000000000000000000, -1.000000000000000000 ) ) ;
#6866 = SURFACE_STYLE_FILL_AREA ( #4698 ) ;
#6867 = LINE ( 'NONE', #5350, #1024 ) ;
#6868 = ORIENTED_EDGE ( 'NONE', *, *, #5740, .F. ) ;
#6869 = EDGE_CURVE ( 'NONE', #1008, #2926, #4185, .T. ) ;
#6870 = LINE ( 'NONE', #3379, #5830 ) ;
#6871 = EDGE_LOOP ( 'NONE', ( #5682, #305, #5511, #6199 ) ) ;
#6872 = VERTEX_POINT ( 'NONE', #6735 ) ;
#6873 = AXIS2_PLACEMENT_3D ( 'NONE', #3979, #7316, #6038 ) ;
#6874 = EDGE_CURVE ( 'NONE', #8575, #1714, #5202, .T. ) ;
#6875 = DIRECTION ( 'NONE',  ( -1.000000000000000000, 0.0000000000000000000, 0.0000000000000000000 ) ) ;
#6876 = CIRCLE ( 'NONE', #521, 2.250000000000008900 ) ;
#6877 = COLOUR_RGB ( '',0.7921568627450980000, 0.8196078431372548800, 0.9333333333333333500 ) ;
#6878 = ORIENTED_EDGE ( 'NONE', *, *, #1478, .T. ) ;
#6879 = VECTOR ( 'NONE', #1406, 1000.000000000000000 ) ;
#6880 = ORIENTED_EDGE ( 'NONE', *, *, #1740, .T. ) ;
#6881 = ORIENTED_EDGE ( 'NONE', *, *, #430, .T. ) ;
#6882 = ORIENTED_EDGE ( 'NONE', *, *, #3317, .F. ) ;
#6883 = VERTEX_POINT ( 'NONE', #4766 ) ;
#6884 = CARTESIAN_POINT ( 'NONE',  ( 34.75000000000002100, 2.499999999999999600, -13.54999999999999900 ) ) ;
#6885 = LINE ( 'NONE', #1350, #3775 ) ;
#6886 = LINE ( 'NONE', #8596, #3129 ) ;
#6887 = ORIENTED_EDGE ( 'NONE', *, *, #1571, .T. ) ;
#6888 = ORIENTED_EDGE ( 'NONE', *, *, #1303, .T. ) ;
#6889 = CARTESIAN_POINT ( 'NONE',  ( 0.0000000000000000000, 0.0000000000000000000, 12.20000000000000300 ) ) ;
#6890 = STYLED_ITEM ( 'NONE', ( #6514 ), #2915 ) ;
#6891 = PLANE ( 'NONE',  #2493 ) ;
#6892 = DIRECTION ( 'NONE',  ( -0.0000000000000000000, 0.0000000000000000000, -1.000000000000000000 ) ) ;
#6893 = EDGE_CURVE ( 'NONE', #8493, #5048, #2780, .T. ) ;
#6894 = DIRECTION ( 'NONE',  ( -0.0000000000000000000, 1.000000000000000000, -3.710638451287287400E-016 ) ) ;
#6895 = FACE_OUTER_BOUND ( 'NONE', #569, .T. ) ;
#6896 = LINE ( 'NONE', #2243, #4208 ) ;
#6897 = VERTEX_POINT ( 'NONE', #8132 ) ;
#6898 = DIRECTION ( 'NONE',  ( 0.0000000000000000000, 1.000000000000000000, -4.336808689942017700E-016 ) ) ;
#6899 = CARTESIAN_POINT ( 'NONE',  ( 32.50000000000000000, 2.500000000000000000, -17.79999999999999700 ) ) ;
#6900 = ORIENTED_EDGE ( 'NONE', *, *, #4445, .T. ) ;
#6901 = DIRECTION ( 'NONE',  ( 0.0000000000000000000, 1.000000000000000000, -5.782411586589358800E-015 ) ) ;
#6902 = DIRECTION ( 'NONE',  ( 0.0000000000000000000, 1.000000000000000000, 0.0000000000000000000 ) ) ;
#6903 = DIRECTION ( 'NONE',  ( 0.0000000000000000000, 1.000000000000000000, 0.0000000000000000000 ) ) ;
#6904 = PLANE ( 'NONE',  #1881 ) ;
#6905 = EDGE_CURVE ( 'NONE', #6453, #1638, #4290, .T. ) ;
#6906 = VECTOR ( 'NONE', #6683, 1000.000000000000000 ) ;
#6907 = FACE_OUTER_BOUND ( 'NONE', #5624, .T. ) ;
#6908 = ADVANCED_FACE ( 'NONE', ( #4687 ), #8100, .F. ) ;
#6909 = AXIS2_PLACEMENT_3D ( 'NONE', #371, #7972, #258 ) ;
#6910 = ORIENTED_EDGE ( 'NONE', *, *, #7069, .F. ) ;
#6911 = VECTOR ( 'NONE', #2612, 1000.000000000000000 ) ;
#6912 = VECTOR ( 'NONE', #8306, 1000.000000000000000 ) ;
#6913 = EDGE_CURVE ( 'NONE', #1127, #8281, #8144, .T. ) ;
#6914 = VERTEX_POINT ( 'NONE', #2667 ) ;
#6915 = VERTEX_POINT ( 'NONE', #6707 ) ;
#6916 = DIRECTION ( 'NONE',  ( -0.0000000000000000000, 1.000000000000000000, -0.0000000000000000000 ) ) ;
#6917 = CARTESIAN_POINT ( 'NONE',  ( 32.50000000000000700, 0.0000000000000000000, 15.29999999999997900 ) ) ;
#6918 = AXIS2_PLACEMENT_3D ( 'NONE', #2314, #5045, #7018 ) ;
#6919 = DIRECTION ( 'NONE',  ( 1.000000000000000000, 0.0000000000000000000, 0.0000000000000000000 ) ) ;
#6920 = VECTOR ( 'NONE', #6682, 1000.000000000000000 ) ;
#6921 = VECTOR ( 'NONE', #3765, 1000.000000000000000 ) ;
#6922 = EDGE_LOOP ( 'NONE', ( #1880, #19, #4720, #5745 ) ) ;
#6923 = DIRECTION ( 'NONE',  ( 0.0000000000000000000, 0.0000000000000000000, -1.000000000000000000 ) ) ;
#6924 = DIRECTION ( 'NONE',  ( -1.387778780781446300E-015, 0.0000000000000000000, -1.000000000000000000 ) ) ;
#6925 = DIRECTION ( 'NONE',  ( 0.0000000000000000000, 0.0000000000000000000, -1.000000000000000000 ) ) ;
#6926 = AXIS2_PLACEMENT_3D ( 'NONE', #355, #4955, #8310 ) ;
#6927 = DIRECTION ( 'NONE',  ( 3.750753461571473500E-016, 0.0000000000000000000, -1.000000000000000000 ) ) ;
#6928 = ADVANCED_FACE ( 'NONE', ( #5841 ), #4794, .F. ) ;
#6929 = DIRECTION ( 'NONE',  ( 0.0000000000000000000, 0.0000000000000000000, 1.000000000000000000 ) ) ;
#6930 = VECTOR ( 'NONE', #2846, 1000.000000000000000 ) ;
#6931 = ORIENTED_EDGE ( 'NONE', *, *, #2456, .T. ) ;
#6932 = PRODUCT_RELATED_PRODUCT_CATEGORY ( 'part', '', ( #1845 ) ) ;
#6933 = UNCERTAINTY_MEASURE_WITH_UNIT (LENGTH_MEASURE( 1.000000000000000100E-005 ), #4124, 'distance_accuracy_value', 'NONE');
#6934 = ORIENTED_EDGE ( 'NONE', *, *, #5541, .F. ) ;
#6935 = EDGE_CURVE ( 'NONE', #749, #3341, #3638, .T. ) ;
#6936 = DIRECTION ( 'NONE',  ( -0.0000000000000000000, 1.000000000000000000, -3.710638451287287400E-016 ) ) ;
#6937 = DIRECTION ( 'NONE',  ( 1.000000000000000000, -0.0000000000000000000, -1.206764157201257300E-016 ) ) ;
#6938 = DIRECTION ( 'NONE',  ( 0.0000000000000000000, 0.0000000000000000000, -1.000000000000000000 ) ) ;
#6939 = DIRECTION ( 'NONE',  ( 0.0000000000000000000, 0.0000000000000000000, 1.000000000000000000 ) ) ;
#6940 = DIRECTION ( 'NONE',  ( 0.0000000000000000000, 0.0000000000000000000, -1.000000000000000000 ) ) ;
#6941 = VECTOR ( 'NONE', #1681, 1000.000000000000000 ) ;
#6942 = CARTESIAN_POINT ( 'NONE',  ( 0.7500000000000024400, -4.699999999999997500, 12.80000000000000200 ) ) ;
#6943 = ORIENTED_EDGE ( 'NONE', *, *, #6712, .F. ) ;
#6944 = ORIENTED_EDGE ( 'NONE', *, *, #297, .T. ) ;
#6945 = DIRECTION ( 'NONE',  ( 0.0000000000000000000, 4.336808689942017700E-016, 1.000000000000000000 ) ) ;
#6946 = EDGE_CURVE ( 'NONE', #5779, #2866, #2467, .T. ) ;
#6947 = PLANE ( 'NONE',  #6710 ) ;
#6948 = CARTESIAN_POINT ( 'NONE',  ( 3.375000000000003100, 4.100000000000000500, 12.20000000000000300 ) ) ;
#6949 = CARTESIAN_POINT ( 'NONE',  ( -34.90000000000000600, 4.100000000000000500, 12.50000000000000200 ) ) ;
#6950 = LINE ( 'NONE', #2862, #3848 ) ;
#6951 = ORIENTED_EDGE ( 'NONE', *, *, #1236, .T. ) ;
#6952 = ORIENTED_EDGE ( 'NONE', *, *, #7561, .F. ) ;
#6953 = DIRECTION ( 'NONE',  ( 0.0000000000000000000, -0.0000000000000000000, -1.000000000000000000 ) ) ;
#6954 = DIRECTION ( 'NONE',  ( 1.000000000000000000, 0.0000000000000000000, -0.0000000000000000000 ) ) ;
#6955 = EDGE_CURVE ( 'NONE', #7175, #4391, #8260, .T. ) ;
#6956 = AXIS2_PLACEMENT_3D ( 'NONE', #3026, #3708, #3780 ) ;
#6957 = ADVANCED_FACE ( 'NONE', ( #8460 ), #868, .T. ) ;
#6958 = VECTOR ( 'NONE', #1734, 1000.000000000000000 ) ;
#6959 = DIRECTION ( 'NONE',  ( 1.000000000000000000, 0.0000000000000000000, 0.0000000000000000000 ) ) ;
#6960 = VECTOR ( 'NONE', #4964, 1000.000000000000000 ) ;
#6961 = ORIENTED_EDGE ( 'NONE', *, *, #2999, .F. ) ;
#6962 = ORIENTED_EDGE ( 'NONE', *, *, #6869, .T. ) ;
#6963 = ORIENTED_EDGE ( 'NONE', *, *, #7456, .T. ) ;
#6964 = ORIENTED_EDGE ( 'NONE', *, *, #1358, .T. ) ;
#6965 = EDGE_CURVE ( 'NONE', #1849, #2617, #4075, .T. ) ;
#6966 = CARTESIAN_POINT ( 'NONE',  ( -4.624999999999999100, 4.100000000000000500, 11.25000000000000400 ) ) ;
#6967 = VECTOR ( 'NONE', #6685, 1000.000000000000000 ) ;
#6968 = PLANE ( 'NONE',  #6498 ) ;
#6969 = ORIENTED_EDGE ( 'NONE', *, *, #987, .T. ) ;
#6970 = DIRECTION ( 'NONE',  ( 0.0000000000000000000, 1.000000000000000000, 0.0000000000000000000 ) ) ;
#6971 = VECTOR ( 'NONE', #5975, 1000.000000000000000 ) ;
#6972 = EDGE_LOOP ( 'NONE', ( #5466, #8666, #7806, #947 ) ) ;
#6973 = EDGE_LOOP ( 'NONE', ( #6981, #8320, #3515, #4285 ) ) ;
#6974 = ORIENTED_EDGE ( 'NONE', *, *, #5737, .T. ) ;
#6975 = ORIENTED_EDGE ( 'NONE', *, *, #7126, .F. ) ;
#6976 = DIRECTION ( 'NONE',  ( -1.000000000000000000, 0.0000000000000000000, 0.0000000000000000000 ) ) ;
#6977 = DIRECTION ( 'NONE',  ( 0.0000000000000000000, 0.0000000000000000000, 1.000000000000000000 ) ) ;
#6978 = ORIENTED_EDGE ( 'NONE', *, *, #6124, .F. ) ;
#6979 = LINE ( 'NONE', #3902, #288 ) ;
#6980 = LINE ( 'NONE', #4234, #3202 ) ;
#6981 = ORIENTED_EDGE ( 'NONE', *, *, #7865, .T. ) ;
#6982 = VERTEX_POINT ( 'NONE', #6254 ) ;
#6983 = FACE_OUTER_BOUND ( 'NONE', #5098, .T. ) ;
#6984 = ORIENTED_EDGE ( 'NONE', *, *, #3422, .T. ) ;
#6985 = ORIENTED_EDGE ( 'NONE', *, *, #4434, .T. ) ;
#6986 = CARTESIAN_POINT ( 'NONE',  ( 10.00000000000000000, 4.100000000000000500, 11.25000000000000400 ) ) ;
#6987 = PLANE ( 'NONE',  #6926 ) ;
#6988 = AXIS2_PLACEMENT_3D ( 'NONE', #2216, #4988, #3679 ) ;
#6989 = DIRECTION ( 'NONE',  ( 1.000000000000000000, 0.0000000000000000000, 0.0000000000000000000 ) ) ;
#6990 = VECTOR ( 'NONE', #6953, 1000.000000000000000 ) ;
#6991 = ORIENTED_EDGE ( 'NONE', *, *, #4468, .T. ) ;
#6992 = ORIENTED_EDGE ( 'NONE', *, *, #4560, .F. ) ;
#6993 = ORIENTED_EDGE ( 'NONE', *, *, #3193, .F. ) ;
#6994 = ORIENTED_EDGE ( 'NONE', *, *, #7918, .T. ) ;
#6995 = ADVANCED_FACE ( 'NONE', ( #693 ), #7525, .F. ) ;
#6996 = AXIS2_PLACEMENT_3D ( 'NONE', #6283, #6940, #6362 ) ;
#6997 = EDGE_CURVE ( 'NONE', #5690, #4276, #2355, .T. ) ;
#6998 = DIRECTION ( 'NONE',  ( 0.0000000000000000000, 0.0000000000000000000, -1.000000000000000000 ) ) ;
#6999 = CARTESIAN_POINT ( 'NONE',  ( -2.749999999999997300, 5.049999999999998000, 12.40000000000000400 ) ) ;
#7000 = VECTOR ( 'NONE', #625, 1000.000000000000000 ) ;
#7001 = LINE ( 'NONE', #1654, #2485 ) ;
#7002 = ORIENTED_EDGE ( 'NONE', *, *, #5722, .T. ) ;
#7003 = DIRECTION ( 'NONE',  ( -2.096342569156264700E-016, 0.0000000000000000000, -1.000000000000000000 ) ) ;
#7004 = DIRECTION ( 'NONE',  ( 1.000000000000000000, 0.0000000000000000000, 0.0000000000000000000 ) ) ;
#7005 = PLANE ( 'NONE',  #5993 ) ;
#7006 = LINE ( 'NONE', #756, #5236 ) ;
#7007 = LINE ( 'NONE', #3689, #6568 ) ;
#7008 = EDGE_CURVE ( 'NONE', #7555, #86, #912, .T. ) ;
#7009 = EDGE_LOOP ( 'NONE', ( #1700, #6887, #6635, #4863 ) ) ;
#7010 = DIRECTION ( 'NONE',  ( 0.0000000000000000000, 1.000000000000000000, -0.0000000000000000000 ) ) ;
#7011 = ORIENTED_EDGE ( 'NONE', *, *, #6874, .T. ) ;
#7012 = DIRECTION ( 'NONE',  ( -1.000000000000000000, 0.0000000000000000000, -0.0000000000000000000 ) ) ;
#7013 = CARTESIAN_POINT ( 'NONE',  ( 1.375000000000001300, 5.400000000000000400, 11.25000000000000400 ) ) ;
#7014 = PLANE ( 'NONE',  #6768 ) ;
#7015 = ADVANCED_FACE ( 'NONE', ( #514 ), #6858, .T. ) ;
#7016 = LINE ( 'NONE', #490, #4113 ) ;
#7017 = EDGE_CURVE ( 'NONE', #3950, #1173, #5626, .T. ) ;
#7018 = DIRECTION ( 'NONE',  ( 0.0000000000000000000, 0.0000000000000000000, 1.000000000000000000 ) ) ;
#7019 = CARTESIAN_POINT ( 'NONE',  ( -1.374999999999997800, 5.700000000000000200, 12.20000000000000300 ) ) ;
#7020 = CARTESIAN_POINT ( 'NONE',  ( -39.90000000000000600, 0.8999999999999980200, -10.68014882866898500 ) ) ;
#7021 = EDGE_LOOP ( 'NONE', ( #552, #7186, #2930, #7432 ) ) ;
#7022 = EDGE_CURVE ( 'NONE', #4915, #1201, #6980, .T. ) ;
#7023 = COLOUR_RGB ( '',0.2509803921568627400, 0.2509803921568627400, 0.2509803921568627400 ) ;
#7024 = VERTEX_POINT ( 'NONE', #1501 ) ;
#7025 = AXIS2_PLACEMENT_3D ( 'NONE', #4408, #5078, #5752 ) ;
#7026 = CARTESIAN_POINT ( 'NONE',  ( 0.0000000000000000000, 4.350000000000000500, 0.0000000000000000000 ) ) ;
#7027 = VECTOR ( 'NONE', #341, 1000.000000000000000 ) ;
#7028 = DIRECTION ( 'NONE',  ( 0.0000000000000000000, 1.000000000000000000, 0.0000000000000000000 ) ) ;
#7029 = ORIENTED_EDGE ( 'NONE', *, *, #1582, .F. ) ;
#7030 = EDGE_LOOP ( 'NONE', ( #3250, #4694, #5749, #1283 ) ) ;
#7031 = CARTESIAN_POINT ( 'NONE',  ( -39.90000000000000600, 4.100000000000000500, 4.180148828669031100 ) ) ;
#7032 = CARTESIAN_POINT ( 'NONE',  ( -34.40000000000000600, 5.700000000000000200, -6.249999999999998200 ) ) ;
#7033 = CARTESIAN_POINT ( 'NONE',  ( -28.97500000000000100, 7.299999999999999800, -9.050000000000002500 ) ) ;
#7034 = LINE ( 'NONE', #8154, #6821 ) ;
#7035 = CARTESIAN_POINT ( 'NONE',  ( -3.999999999999999100, 5.700000000000000200, 8.550000000000004300 ) ) ;
#7036 = ORIENTED_EDGE ( 'NONE', *, *, #6376, .F. ) ;
#7037 = CARTESIAN_POINT ( 'NONE',  ( -32.50000000000000000, 0.0000000000000000000, -16.54999999999999700 ) ) ;
#7038 = CARTESIAN_POINT ( 'NONE',  ( 2.625000000000002200, 4.100000000000000500, 0.0000000000000000000 ) ) ;
#7039 = AXIS2_PLACEMENT_3D ( 'NONE', #1183, #6511, #2397 ) ;
#7040 = EDGE_CURVE ( 'NONE', #276, #6204, #4574, .T. ) ;
#7041 = EDGE_CURVE ( 'NONE', #666, #2184, #7923, .T. ) ;
#7042 = FACE_OUTER_BOUND ( 'NONE', #7567, .T. ) ;
#7043 = DIRECTION ( 'NONE',  ( 0.0000000000000000000, 0.0000000000000000000, -1.000000000000000000 ) ) ;
#7044 = CARTESIAN_POINT ( 'NONE',  ( -34.90000000000000600, 4.350000000000000500, 0.2500000000000002200 ) ) ;
#7045 = DIRECTION ( 'NONE',  ( 1.000000000000000000, -0.0000000000000000000, -0.0000000000000000000 ) ) ;
#7046 = MANIFOLD_SOLID_BREP ( 'LPattern1[3]', #282 ) ;
#7047 = AXIS2_PLACEMENT_3D ( 'NONE', #6306, #3747, #8422 ) ;
#7048 =( NAMED_UNIT ( * ) PLANE_ANGLE_UNIT ( ) SI_UNIT ( $, .RADIAN. ) );
#7049 = FACE_OUTER_BOUND ( 'NONE', #7955, .T. ) ;
#7050 = VERTEX_POINT ( 'NONE', #5839 ) ;
#7051 = CARTESIAN_POINT ( 'NONE',  ( -7.249999999999997300, 4.750000000000000900, 12.40000000000000400 ) ) ;
#7052 = VECTOR ( 'NONE', #2056, 1000.000000000000000 ) ;
#7053 = EDGE_CURVE ( 'NONE', #5481, #8122, #1434, .T. ) ;
#7054 = EDGE_CURVE ( 'NONE', #2285, #2898, #6759, .T. ) ;
#7055 = VERTEX_POINT ( 'NONE', #7020 ) ;
#7056 = PLANE ( 'NONE',  #5238 ) ;
#7057 = EDGE_CURVE ( 'NONE', #6323, #8493, #2682, .T. ) ;
#7058 = DIRECTION ( 'NONE',  ( 0.0000000000000000000, 0.0000000000000000000, 1.000000000000000000 ) ) ;
#7059 = CARTESIAN_POINT ( 'NONE',  ( -30.24999999999999300, 0.0000000000000000000, -16.54999999999997900 ) ) ;
#7060 = DIRECTION ( 'NONE',  ( 0.0000000000000000000, 1.000000000000000000, 0.0000000000000000000 ) ) ;
#7061 = DIRECTION ( 'NONE',  ( -0.0000000000000000000, 0.0000000000000000000, -1.000000000000000000 ) ) ;
#7062 = CARTESIAN_POINT ( 'NONE',  ( 3.250000000000002700, 4.750000000000000900, 12.40000000000000400 ) ) ;
#7063 = CARTESIAN_POINT ( 'NONE',  ( -34.75000000000000700, 0.0000000000000000000, -16.54999999999999700 ) ) ;
#7064 = DIRECTION ( 'NONE',  ( -1.000000000000000000, 0.0000000000000000000, 0.0000000000000000000 ) ) ;
#7065 = LINE ( 'NONE', #4183, #4554 ) ;
#7066 = LINE ( 'NONE', #6846, #6960 ) ;
#7067 = VERTEX_POINT ( 'NONE', #7617 ) ;
#7068 = APPLICATION_CONTEXT ( 'automotive_design' ) ;
#7069 = EDGE_CURVE ( 'NONE', #4398, #5528, #5946, .T. ) ;
#7070 = CARTESIAN_POINT ( 'NONE',  ( -1.249999999999997600, 4.650000000000002100, 12.40000000000000400 ) ) ;
#7071 =( LENGTH_UNIT ( ) NAMED_UNIT ( * ) SI_UNIT ( .MILLI., .METRE. ) );
#7072 = ORIENTED_EDGE ( 'NONE', *, *, #1526, .T. ) ;
#7073 = VECTOR ( 'NONE', #7952, 1000.000000000000000 ) ;
#7074 = AXIS2_PLACEMENT_3D ( 'NONE', #5699, #7819, #419 ) ;
#7075 = PLANE ( 'NONE',  #8172 ) ;
#7076 = FACE_OUTER_BOUND ( 'NONE', #3062, .T. ) ;
#7077 = VERTEX_POINT ( 'NONE', #3146 ) ;
#7078 = CARTESIAN_POINT ( 'NONE',  ( -6.749999999999997300, 5.049999999999999800, 12.20000000000000300 ) ) ;
#7079 = ORIENTED_EDGE ( 'NONE', *, *, #1184, .F. ) ;
#7080 = ADVANCED_FACE ( 'NONE', ( #7739 ), #7835, .F. ) ;
#7081 = DIRECTION ( 'NONE',  ( 0.0000000000000000000, 0.0000000000000000000, -1.000000000000000000 ) ) ;
#7082 = VECTOR ( 'NONE', #7167, 1000.000000000000000 ) ;
#7083 = ORIENTED_EDGE ( 'NONE', *, *, #8351, .F. ) ;
#7084 = VECTOR ( 'NONE', #3724, 1000.000000000000000 ) ;
#7085 = EDGE_LOOP ( 'NONE', ( #8252, #658, #5033, #556 ) ) ;
#7086 = ORIENTED_EDGE ( 'NONE', *, *, #6799, .T. ) ;
#7087 = ORIENTED_EDGE ( 'NONE', *, *, #2239, .F. ) ;
#7088 = CARTESIAN_POINT ( 'NONE',  ( -3.999999999999999100, 5.400000000000000400, 8.550000000000004300 ) ) ;
#7089 = DIRECTION ( 'NONE',  ( 0.0000000000000000000, 1.000000000000000000, -0.0000000000000000000 ) ) ;
#7090 = DIRECTION ( 'NONE',  ( -0.0000000000000000000, 0.0000000000000000000, 1.000000000000000000 ) ) ;
#7091 = DIRECTION ( 'NONE',  ( -0.0000000000000000000, -0.0000000000000000000, -1.000000000000000000 ) ) ;
#7092 = LINE ( 'NONE', #1204, #1126 ) ;
#7093 = CARTESIAN_POINT ( 'NONE',  ( 0.6250000000000023300, 5.400000000000000400, 11.25000000000000400 ) ) ;
#7094 = ORIENTED_EDGE ( 'NONE', *, *, #5538, .T. ) ;
#7095 = ORIENTED_EDGE ( 'NONE', *, *, #1934, .F. ) ;
#7096 = EDGE_CURVE ( 'NONE', #2136, #4474, #8034, .T. ) ;
#7097 =( NAMED_UNIT ( * ) SI_UNIT ( $, .STERADIAN. ) SOLID_ANGLE_UNIT ( ) );
#7098 = CIRCLE ( 'NONE', #5919, 1.199999999999999700 ) ;
#7099 = VERTEX_POINT ( 'NONE', #8420 ) ;
#7100 =( NAMED_UNIT ( * ) SI_UNIT ( $, .STERADIAN. ) SOLID_ANGLE_UNIT ( ) );
#7101 = DIRECTION ( 'NONE',  ( 1.000000000000000000, -0.0000000000000000000, 0.0000000000000000000 ) ) ;
#7102 = PLANE ( 'NONE',  #3809 ) ;
#7103 = DIRECTION ( 'NONE',  ( 0.0000000000000000000, 1.000000000000000000, -0.0000000000000000000 ) ) ;
#7104 = LINE ( 'NONE', #5807, #2283 ) ;
#7105 = VECTOR ( 'NONE', #6650, 1000.000000000000000 ) ;
#7106 = EDGE_LOOP ( 'NONE', ( #5763, #793, #8563, #4315 ) ) ;
#7107 = EDGE_CURVE ( 'NONE', #510, #3611, #4910, .T. ) ;
#7108 = CARTESIAN_POINT ( 'NONE',  ( -2.624999999999998700, 4.100000000000000500, 11.25000000000000400 ) ) ;
#7109 = ORIENTED_EDGE ( 'NONE', *, *, #3203, .F. ) ;
#7110 = PRESENTATION_STYLE_ASSIGNMENT (( #745 ) ) ;
#7111 = FACE_OUTER_BOUND ( 'NONE', #1211, .T. ) ;
#7112 = DIRECTION ( 'NONE',  ( 0.0000000000000000000, 4.336808689942017700E-016, 1.000000000000000000 ) ) ;
#7113 = DIRECTION ( 'NONE',  ( 0.0000000000000000000, 8.673617379884013400E-015, -1.000000000000000000 ) ) ;
#7114 = DIRECTION ( 'NONE',  ( 1.387778780781446900E-015, 0.0000000000000000000, 1.000000000000000000 ) ) ;
#7115 = ORIENTED_EDGE ( 'NONE', *, *, #2778, .T. ) ;
#7116 = EDGE_CURVE ( 'NONE', #1329, #2081, #6051, .T. ) ;
#7117 = DIRECTION ( 'NONE',  ( -1.000000000000000000, 0.0000000000000000000, -0.0000000000000000000 ) ) ;
#7118 = DIRECTION ( 'NONE',  ( 1.000000000000000000, 0.0000000000000000000, 0.0000000000000000000 ) ) ;
#7119 = CIRCLE ( 'NONE', #7828, 1.249999999999997600 ) ;
#7120 = VECTOR ( 'NONE', #1591, 1000.000000000000000 ) ;
#7121 = ORIENTED_EDGE ( 'NONE', *, *, #2273, .F. ) ;
#7122 = AXIS2_PLACEMENT_3D ( 'NONE', #3351, #4043, #7302 ) ;
#7123 = EDGE_LOOP ( 'NONE', ( #4829, #2503, #3286, #2166 ) ) ;
#7124 = CARTESIAN_POINT ( 'NONE',  ( -35.80000000000000400, 7.299999999999999800, 13.55000000000000200 ) ) ;
#7125 = VECTOR ( 'NONE', #1838, 1000.000000000000000 ) ;
#7126 = EDGE_CURVE ( 'NONE', #1229, #8639, #5311, .T. ) ;
#7127 = CIRCLE ( 'NONE', #5574, 1.750000000000000700 ) ;
#7128 = ORIENTED_EDGE ( 'NONE', *, *, #3367, .F. ) ;
#7129 = STYLED_ITEM ( 'NONE', ( #6148 ), #7046 ) ;
#7130 = CARTESIAN_POINT ( 'NONE',  ( 34.74999999999999300, 0.0000000000000000000, 13.55000000000000200 ) ) ;
#7131 = CARTESIAN_POINT ( 'NONE',  ( 28.52499999999999500, 7.000000000000000000, -10.80000000000001100 ) ) ;
#7132 = DIRECTION ( 'NONE',  ( 1.000000000000000000, -0.0000000000000000000, -0.0000000000000000000 ) ) ;
#7133 = PLANE ( 'NONE',  #4023 ) ;
#7134 = DIRECTION ( 'NONE',  ( -0.0000000000000000000, 1.000000000000000000, -0.0000000000000000000 ) ) ;
#7135 = DIRECTION ( 'NONE',  ( -0.0000000000000000000, 1.000000000000000000, -0.0000000000000000000 ) ) ;
#7136 = CARTESIAN_POINT ( 'NONE',  ( -35.80000000000000400, 4.100000000000000500, -6.749999999999999100 ) ) ;
#7137 = CARTESIAN_POINT ( 'NONE',  ( -35.80000000000000400, 4.100000000000000500, -12.50000000000000400 ) ) ;
#7138 = VECTOR ( 'NONE', #452, 1000.000000000000000 ) ;
#7139 = AXIS2_PLACEMENT_3D ( 'NONE', #883, #2957, #310 ) ;
#7140 = DIRECTION ( 'NONE',  ( 0.0000000000000000000, 0.0000000000000000000, -1.000000000000000000 ) ) ;
#7141 = VERTEX_POINT ( 'NONE', #2420 ) ;
#7142 = EDGE_CURVE ( 'NONE', #3107, #978, #3985, .T. ) ;
#7143 = DIRECTION ( 'NONE',  ( 0.0000000000000000000, 1.000000000000000000, -0.0000000000000000000 ) ) ;
#7144 = LINE ( 'NONE', #2264, #2225 ) ;
#7145 = ORIENTED_EDGE ( 'NONE', *, *, #1, .F. ) ;
#7146 = ORIENTED_EDGE ( 'NONE', *, *, #3287, .F. ) ;
#7147 = EDGE_CURVE ( 'NONE', #388, #4915, #7937, .T. ) ;
#7148 = ADVANCED_FACE ( 'NONE', ( #3966 ), #2448, .T. ) ;
#7149 = ORIENTED_EDGE ( 'NONE', *, *, #1414, .F. ) ;
#7150 = DIRECTION ( 'NONE',  ( 0.0000000000000000000, 0.0000000000000000000, -1.000000000000000000 ) ) ;
#7151 = LINE ( 'NONE', #4954, #8538 ) ;
#7152 = EDGE_LOOP ( 'NONE', ( #5295, #8399, #4931, #5008 ) ) ;
#7153 = DIRECTION ( 'NONE',  ( -1.000000000000000000, 0.0000000000000000000, -3.750753461571473500E-016 ) ) ;
#7154 = CARTESIAN_POINT ( 'NONE',  ( -34.75000000000000700, 2.500000000000000000, -16.54999999999999700 ) ) ;
#7155 = CARTESIAN_POINT ( 'NONE',  ( 30.27499999999999500, 7.000000000000000000, 2.549999999999989600 ) ) ;
#7156 = EDGE_CURVE ( 'NONE', #6719, #3343, #4809, .T. ) ;
#7157 = EDGE_CURVE ( 'NONE', #110, #2373, #1540, .T. ) ;
#7158 = CARTESIAN_POINT ( 'NONE',  ( -34.90000000000000600, 4.350000000000000500, -7.649999999999996800 ) ) ;
#7159 = VECTOR ( 'NONE', #7888, 1000.000000000000000 ) ;
#7160 = DIRECTION ( 'NONE',  ( 0.0000000000000000000, 0.0000000000000000000, 1.000000000000000000 ) ) ;
#7161 = CARTESIAN_POINT ( 'NONE',  ( 4.750000000000002700, 4.650000000000002100, 12.79999999999999900 ) ) ;
#7162 = DIRECTION ( 'NONE',  ( 1.387778780781446500E-015, 0.0000000000000000000, 1.000000000000000000 ) ) ;
#7163 = CIRCLE ( 'NONE', #6691, 0.09999999999999939500 ) ;
#7164 = ORIENTED_EDGE ( 'NONE', *, *, #4013, .F. ) ;
#7165 = ORIENTED_EDGE ( 'NONE', *, *, #4725, .F. ) ;
#7166 = ORIENTED_EDGE ( 'NONE', *, *, #8386, .T. ) ;
#7167 = DIRECTION ( 'NONE',  ( -0.0000000000000000000, 1.000000000000000000, -3.710638451287287400E-016 ) ) ;
#7168 = CARTESIAN_POINT ( 'NONE',  ( -38.25000000000000700, 0.8999999999999980200, 0.2500000000000012200 ) ) ;
#7169 = CARTESIAN_POINT ( 'NONE',  ( -1.249999999999997600, -4.699999999999997500, 12.80000000000000200 ) ) ;
#7170 = EDGE_CURVE ( 'NONE', #6872, #2198, #8450, .T. ) ;
#7171 = LINE ( 'NONE', #1679, #8247 ) ;
#7172 = EDGE_LOOP ( 'NONE', ( #6994, #4760, #913, #604 ) ) ;
#7173 = ORIENTED_EDGE ( 'NONE', *, *, #942, .F. ) ;
#7174 = LINE ( 'NONE', #6828, #3532 ) ;
#7175 = VERTEX_POINT ( 'NONE', #7781 ) ;
#7176 = VERTEX_POINT ( 'NONE', #1841 ) ;
#7177 = VERTEX_POINT ( 'NONE', #3783 ) ;
#7178 = EDGE_CURVE ( 'NONE', #5313, #3205, #2797, .T. ) ;
#7179 = CARTESIAN_POINT ( 'NONE',  ( 32.50000000000000000, 0.0000000000000000000, -16.54999999999999700 ) ) ;
#7180 = DIRECTION ( 'NONE',  ( 0.0000000000000000000, -0.0000000000000000000, 1.000000000000000000 ) ) ;
#7181 = DIRECTION ( 'NONE',  ( 0.0000000000000000000, 0.0000000000000000000, -1.000000000000000000 ) ) ;
#7182 = EDGE_LOOP ( 'NONE', ( #6878, #4373, #5878, #5403, #5306, #5155, #3583, #4695 ) ) ;
#7183 = DIRECTION ( 'NONE',  ( -1.000000000000000000, 0.0000000000000000000, 0.0000000000000000000 ) ) ;
#7184 = DIRECTION ( 'NONE',  ( -1.000000000000000000, 0.0000000000000000000, 2.096342569156263300E-016 ) ) ;
#7185 = LINE ( 'NONE', #4823, #3868 ) ;
#7186 = ORIENTED_EDGE ( 'NONE', *, *, #1287, .F. ) ;
#7187 = VECTOR ( 'NONE', #8430, 1000.000000000000000 ) ;
#7188 = ORIENTED_EDGE ( 'NONE', *, *, #1900, .T. ) ;
#7189 = ORIENTED_EDGE ( 'NONE', *, *, #7684, .F. ) ;
#7190 = CARTESIAN_POINT ( 'NONE',  ( -34.90000000000000600, 7.299999999999999800, -12.50000000000000400 ) ) ;
#7191 = AXIS2_PLACEMENT_3D ( 'NONE', #5701, #421, #5151 ) ;
#7192 = CARTESIAN_POINT ( 'NONE',  ( 34.89999999999999900, 7.299999999999999800, -12.50000000000000400 ) ) ;
#7193 = DIRECTION ( 'NONE',  ( -2.096342569156263300E-016, 0.0000000000000000000, -1.000000000000000000 ) ) ;
#7194 = FACE_OUTER_BOUND ( 'NONE', #1032, .T. ) ;
#7195 = VECTOR ( 'NONE', #3160, 1000.000000000000000 ) ;
#7196 = VERTEX_POINT ( 'NONE', #1785 ) ;
#7197 = EDGE_LOOP ( 'NONE', ( #1698, #8345, #4905, #6439, #8522, #6120, #4598, #1910 ) ) ;
#7198 = ORIENTED_EDGE ( 'NONE', *, *, #4034, .F. ) ;
#7199 = MANIFOLD_SOLID_BREP ( 'LPattern1[2]', #2835 ) ;
#7200 = AXIS2_PLACEMENT_3D ( 'NONE', #3279, #925, #470 ) ;
#7201 = CARTESIAN_POINT ( 'NONE',  ( 34.89999999999999900, 0.8999999999999980200, 12.50000000000000200 ) ) ;
#7202 = EDGE_CURVE ( 'NONE', #954, #6475, #5746, .T. ) ;
#7203 = DIRECTION ( 'NONE',  ( -0.0000000000000000000, 1.000000000000000000, -0.0000000000000000000 ) ) ;
#7204 = DIRECTION ( 'NONE',  ( 0.0000000000000000000, 1.000000000000000000, -0.0000000000000000000 ) ) ;
#7205 = FACE_OUTER_BOUND ( 'NONE', #8249, .T. ) ;
#7206 = VECTOR ( 'NONE', #6902, 1000.000000000000000 ) ;
#7207 = ORIENTED_EDGE ( 'NONE', *, *, #7017, .T. ) ;
#7208 = CARTESIAN_POINT ( 'NONE',  ( 2.625000000000002200, 5.700000000000000200, 0.0000000000000000000 ) ) ;
#7209 = ORIENTED_EDGE ( 'NONE', *, *, #7156, .F. ) ;
#7210 = ADVANCED_FACE ( 'NONE', ( #1743 ), #8560, .F. ) ;
#7211 = AXIS2_PLACEMENT_3D ( 'NONE', #4812, #7494, #823 ) ;
#7212 = ORIENTED_EDGE ( 'NONE', *, *, #5675, .F. ) ;
#7213 = DIRECTION ( 'NONE',  ( 0.0000000000000000000, 1.000000000000000000, -0.0000000000000000000 ) ) ;
#7214 = LINE ( 'NONE', #2091, #3996 ) ;
#7215 = LINE ( 'NONE', #4430, #8491 ) ;
#7216 = EDGE_LOOP ( 'NONE', ( #5088, #7241, #8223, #6779, #8124 ) ) ;
#7217 = DIRECTION ( 'NONE',  ( 0.0000000000000000000, 8.673617379884013400E-015, -1.000000000000000000 ) ) ;
#7218 = CARTESIAN_POINT ( 'NONE',  ( -34.90000000000001300, 4.350000000000000500, 6.000000000000005300 ) ) ;
#7219 = ORIENTED_EDGE ( 'NONE', *, *, #4649, .F. ) ;
#7220 = DIRECTION ( 'NONE',  ( 0.0000000000000000000, 1.000000000000000000, 0.0000000000000000000 ) ) ;
#7221 = VECTOR ( 'NONE', #5629, 1000.000000000000000 ) ;
#7222 = EDGE_CURVE ( 'NONE', #3853, #488, #4389, .T. ) ;
#7223 = CARTESIAN_POINT ( 'NONE',  ( -3.249999999999997800, 5.049999999999998000, 12.40000000000000400 ) ) ;
#7224 = EDGE_CURVE ( 'NONE', #97, #2102, #8661, .T. ) ;
#7225 = CARTESIAN_POINT ( 'NONE',  ( 0.6250000000000023300, 5.400000000000000400, 11.25000000000000400 ) ) ;
#7226 = ORIENTED_EDGE ( 'NONE', *, *, #2239, .T. ) ;
#7227 = DIRECTION ( 'NONE',  ( -0.0000000000000000000, 1.000000000000000000, -0.0000000000000000000 ) ) ;
#7228 = DIRECTION ( 'NONE',  ( -1.000000000000000000, 0.0000000000000000000, 1.387778780781446900E-015 ) ) ;
#7229 = CARTESIAN_POINT ( 'NONE',  ( -6.010887296633280000, 4.100000000000000500, 16.51477711838690600 ) ) ;
#7230 = FILL_AREA_STYLE ('',( #4429 ) ) ;
#7231 = LINE ( 'NONE', #243, #5454 ) ;
#7232 = PLANE ( 'NONE',  #3342 ) ;
#7233 = CARTESIAN_POINT ( 'NONE',  ( -34.90000000000000600, 7.299999999999999800, -12.50000000000000400 ) ) ;
#7234 = VERTEX_POINT ( 'NONE', #6108 ) ;
#7235 = DIRECTION ( 'NONE',  ( -0.0000000000000000000, -1.000000000000000000, -0.0000000000000000000 ) ) ;
#7236 = ORIENTED_EDGE ( 'NONE', *, *, #5598, .F. ) ;
#7237 = EDGE_CURVE ( 'NONE', #6356, #954, #7287, .T. ) ;
#7238 = CARTESIAN_POINT ( 'NONE',  ( 2.000000000000000000, 4.100000000000000500, 0.0000000000000000000 ) ) ;
#7239 = ADVANCED_FACE ( 'NONE', ( #3322 ), #1525, .T. ) ;
#7240 = CARTESIAN_POINT ( 'NONE',  ( 32.50000000000000700, 0.0000000000000000000, 16.54999999999998600 ) ) ;
#7241 = ORIENTED_EDGE ( 'NONE', *, *, #8062, .F. ) ;
#7242 = ORIENTED_EDGE ( 'NONE', *, *, #3763, .T. ) ;
#7243 = DIRECTION ( 'NONE',  ( -0.0000000000000000000, 1.000000000000000000, -3.710638451287287400E-016 ) ) ;
#7244 = EDGE_CURVE ( 'NONE', #1674, #8566, #1243, .T. ) ;
#7245 = ADVANCED_FACE ( 'NONE', ( #3012 ), #3782, .F. ) ;
#7246 = ORIENTED_EDGE ( 'NONE', *, *, #5571, .T. ) ;
#7247 = ORIENTED_EDGE ( 'NONE', *, *, #1249, .T. ) ;
#7248 = AXIS2_PLACEMENT_3D ( 'NONE', #6392, #4513, #1143 ) ;
#7249 = CARTESIAN_POINT ( 'NONE',  ( -38.85000000000000900, 0.8999999999999980200, 1.750000000000000700 ) ) ;
#7250 = EDGE_CURVE ( 'NONE', #4881, #1543, #6867, .T. ) ;
#7251 = SURFACE_STYLE_FILL_AREA ( #7784 ) ;
#7252 = ORIENTED_EDGE ( 'NONE', *, *, #577, .F. ) ;
#7253 = ORIENTED_EDGE ( 'NONE', *, *, #8520, .F. ) ;
#7254 = CARTESIAN_POINT ( 'NONE',  ( 34.89999999999999900, 0.9000000000000000200, -12.50000000000000400 ) ) ;
#7255 = DIRECTION ( 'NONE',  ( 0.0000000000000000000, 0.0000000000000000000, 1.000000000000000000 ) ) ;
#7256 = CARTESIAN_POINT ( 'NONE',  ( -4.624999999999997300, 4.100000000000000500, 12.20000000000000300 ) ) ;
#7257 = DIRECTION ( 'NONE',  ( -1.000000000000000000, -0.0000000000000000000, -0.0000000000000000000 ) ) ;
#7258 = CIRCLE ( 'NONE', #1666, 1.250000000000004700 ) ;
#7259 = VERTEX_POINT ( 'NONE', #2613 ) ;
#7260 = LINE ( 'NONE', #927, #6324 ) ;
#7261 = VERTEX_POINT ( 'NONE', #6007 ) ;
#7262 = AXIS2_PLACEMENT_3D ( 'NONE', #7371, #37, #3387 ) ;
#7263 = CARTESIAN_POINT ( 'NONE',  ( -30.72500000000000500, 7.000000000000000000, 2.549999999999996700 ) ) ;
#7264 = DIRECTION ( 'NONE',  ( -1.000000000000000000, 0.0000000000000000000, 0.0000000000000000000 ) ) ;
#7265 = DIRECTION ( 'NONE',  ( -1.084202172485504400E-016, 0.0000000000000000000, -1.000000000000000000 ) ) ;
#7266 = LINE ( 'NONE', #4120, #2981 ) ;
#7267 = ADVANCED_FACE ( 'NONE', ( #5514, #3752 ), #3361, .T. ) ;
#7268 =( NAMED_UNIT ( * ) PLANE_ANGLE_UNIT ( ) SI_UNIT ( $, .RADIAN. ) );
#7269 = EDGE_CURVE ( 'NONE', #4789, #5951, #8161, .T. ) ;
#7270 = ADVANCED_FACE ( 'NONE', ( #3106 ), #4624, .F. ) ;
#7271 = DIRECTION ( 'NONE',  ( -1.000000000000000000, -0.0000000000000000000, -0.0000000000000000000 ) ) ;
#7272 = CIRCLE ( 'NONE', #8340, 1.249999999999997600 ) ;
#7273 = ORIENTED_EDGE ( 'NONE', *, *, #3597, .F. ) ;
#7274 = DIRECTION ( 'NONE',  ( 0.0000000000000000000, 4.336808689942017700E-016, 1.000000000000000000 ) ) ;
#7275 = DIRECTION ( 'NONE',  ( 0.0000000000000000000, -1.000000000000000000, 0.0000000000000000000 ) ) ;
#7276 = PLANE ( 'NONE',  #4265 ) ;
#7277 = VECTOR ( 'NONE', #7360, 1000.000000000000000 ) ;
#7278 = CARTESIAN_POINT ( 'NONE',  ( -5.249999999999997300, -4.699999999999997500, 12.80000000000000200 ) ) ;
#7279 = VECTOR ( 'NONE', #2598, 1000.000000000000000 ) ;
#7280 = ORIENTED_EDGE ( 'NONE', *, *, #4867, .F. ) ;
#7281 = VERTEX_POINT ( 'NONE', #4684 ) ;
#7282 = ADVANCED_FACE ( 'NONE', ( #1727 ), #8016, .F. ) ;
#7283 = DIRECTION ( 'NONE',  ( -0.0000000000000000000, -0.0000000000000000000, -1.000000000000000000 ) ) ;
#7284 = CARTESIAN_POINT ( 'NONE',  ( -34.40000000000000600, 4.499999999999999100, -6.249999999999997300 ) ) ;
#7285 = EDGE_CURVE ( 'NONE', #6055, #2429, #3529, .T. ) ;
#7286 = VECTOR ( 'NONE', #4495, 1000.000000000000000 ) ;
#7287 = LINE ( 'NONE', #8119, #398 ) ;
#7288 = VERTEX_POINT ( 'NONE', #4055 ) ;
#7289 = DIRECTION ( 'NONE',  ( 0.0000000000000000000, 1.000000000000000000, 0.0000000000000000000 ) ) ;
#7290 = PRESENTATION_LAYER_ASSIGNMENT (  '', '', ( #8207 ) ) ;
#7291 = CARTESIAN_POINT ( 'NONE',  ( -0.6250000000000144300, 4.100000000000000500, 9.194034422677102800E-015 ) ) ;
#7292 = VECTOR ( 'NONE', #7642, 1000.000000000000000 ) ;
#7293 = ORIENTED_EDGE ( 'NONE', *, *, #7156, .T. ) ;
#7294 = CARTESIAN_POINT ( 'NONE',  ( -1.374999999999997800, 4.100000000000000500, 12.50000000000000200 ) ) ;
#7295 = CLOSED_SHELL ( 'NONE', ( #3210, #2061, #748, #5232, #3650, #2240, #3885, #3045, #4865, #4141, #7270, #5452, #1405, #8139, #6123 ) ) ;
#7296 = ORIENTED_EDGE ( 'NONE', *, *, #6874, .F. ) ;
#7297 = ADVANCED_FACE ( 'NONE', ( #1948 ), #8049, .F. ) ;
#7298 = FACE_OUTER_BOUND ( 'NONE', #6543, .T. ) ;
#7299 = FACE_OUTER_BOUND ( 'NONE', #1232, .T. ) ;
#7300 = EDGE_CURVE ( 'NONE', #2833, #8639, #8647, .T. ) ;
#7301 = CARTESIAN_POINT ( 'NONE',  ( 6.750000000000002700, 5.049999999999999800, 12.20000000000000300 ) ) ;
#7302 = DIRECTION ( 'NONE',  ( 4.752667057470704400E-016, -1.000000000000000000, 0.0000000000000000000 ) ) ;
#7303 = PRESENTATION_STYLE_ASSIGNMENT (( #3923 ) ) ;
#7304 = ORIENTED_EDGE ( 'NONE', *, *, #5264, .T. ) ;
#7305 = VERTEX_POINT ( 'NONE', #4773 ) ;
#7306 = DIRECTION ( 'NONE',  ( 0.0000000000000000000, 1.000000000000000000, -0.0000000000000000000 ) ) ;
#7307 = CARTESIAN_POINT ( 'NONE',  ( 35.79999999999999000, 0.0000000000000000000, 13.55000000000000200 ) ) ;
#7308 = DIRECTION ( 'NONE',  ( 1.000000000000000000, 0.0000000000000000000, 0.0000000000000000000 ) ) ;
#7309 = VECTOR ( 'NONE', #8637, 1000.000000000000000 ) ;
#7310 = LINE ( 'NONE', #1882, #6668 ) ;
#7311 = VERTEX_POINT ( 'NONE', #2883 ) ;
#7312 = DIRECTION ( 'NONE',  ( 0.0000000000000000000, 0.0000000000000000000, 1.000000000000000000 ) ) ;
#7313 = MANIFOLD_SOLID_BREP ( 'Boss-Extrude10', #5828 ) ;
#7314 = CARTESIAN_POINT ( 'NONE',  ( 4.750000000000002700, 4.650000000000002100, 12.40000000000000400 ) ) ;
#7315 = DIRECTION ( 'NONE',  ( 0.0000000000000000000, -1.000000000000000000, 0.0000000000000000000 ) ) ;
#7316 = DIRECTION ( 'NONE',  ( 0.0000000000000000000, -1.000000000000000000, -8.673617379884013400E-015 ) ) ;
#7317 = CARTESIAN_POINT ( 'NONE',  ( -6.749999999999997300, 4.750000000000000900, 12.40000000000000400 ) ) ;
#7318 = CARTESIAN_POINT ( 'NONE',  ( -15.00000000000000000, 0.8999999999999998000, 12.50000000000000200 ) ) ;
#7319 = FACE_OUTER_BOUND ( 'NONE', #79, .T. ) ;
#7320 = VECTOR ( 'NONE', #810, 1000.000000000000000 ) ;
#7321 = ORIENTED_EDGE ( 'NONE', *, *, #2096, .F. ) ;
#7322 = DIRECTION ( 'NONE',  ( -1.000000000000000000, 0.0000000000000000000, 0.0000000000000000000 ) ) ;
#7323 = ORIENTED_EDGE ( 'NONE', *, *, #58, .T. ) ;
#7324 = EDGE_CURVE ( 'NONE', #5612, #1638, #3206, .T. ) ;
#7325 = DIRECTION ( 'NONE',  ( 0.0000000000000000000, 0.0000000000000000000, -1.000000000000000000 ) ) ;
#7326 = VECTOR ( 'NONE', #2701, 1000.000000000000000 ) ;
#7327 = FACE_OUTER_BOUND ( 'NONE', #5097, .T. ) ;
#7328 = AXIS2_PLACEMENT_3D ( 'NONE', #3164, #3917, #5900 ) ;
#7329 = EDGE_CURVE ( 'NONE', #7055, #4579, #2897, .T. ) ;
#7330 = ORIENTED_EDGE ( 'NONE', *, *, #6349, .F. ) ;
#7331 = DIRECTION ( 'NONE',  ( 1.387778780781446500E-015, 0.0000000000000000000, 1.000000000000000000 ) ) ;
#7332 = DIRECTION ( 'NONE',  ( 0.0000000000000000000, 1.000000000000000000, -0.0000000000000000000 ) ) ;
#7333 = DIRECTION ( 'NONE',  ( 1.000000000000000000, -0.0000000000000000000, -0.0000000000000000000 ) ) ;
#7334 = VECTOR ( 'NONE', #4682, 1000.000000000000000 ) ;
#7335 = CARTESIAN_POINT ( 'NONE',  ( -30.72500000000000100, 7.000000000000000000, -9.050000000000002500 ) ) ;
#7336 = CARTESIAN_POINT ( 'NONE',  ( -7.249999999999997300, 5.049999999999998000, 12.40000000000000400 ) ) ;
#7337 = LINE ( 'NONE', #4974, #5565 ) ;
#7338 = VERTEX_POINT ( 'NONE', #2759 ) ;
#7339 = ORIENTED_EDGE ( 'NONE', *, *, #4114, .T. ) ;
#7340 = ADVANCED_FACE ( 'NONE', ( #292 ), #2857, .F. ) ;
#7341 = AXIS2_PLACEMENT_3D ( 'NONE', #6228, #145, #1544 ) ;
#7342 = DIRECTION ( 'NONE',  ( -0.0000000000000000000, 1.000000000000000000, -0.0000000000000000000 ) ) ;
#7343 = EDGE_CURVE ( 'NONE', #8401, #7261, #694, .T. ) ;
#7344 = DIRECTION ( 'NONE',  ( 1.000000000000000000, -0.0000000000000000000, -0.0000000000000000000 ) ) ;
#7345 = PLANE ( 'NONE',  #6873 ) ;
#7346 = VECTOR ( 'NONE', #5245, 1000.000000000000000 ) ;
#7347 = ORIENTED_EDGE ( 'NONE', *, *, #7476, .T. ) ;
#7348 = CYLINDRICAL_SURFACE ( 'NONE', #5912, 1.750000000000000700 ) ;
#7349 = SURFACE_SIDE_STYLE ('',( #3439 ) ) ;
#7350 = VERTEX_POINT ( 'NONE', #5043 ) ;
#7351 = DIRECTION ( 'NONE',  ( 0.0000000000000000000, 0.0000000000000000000, 1.000000000000000000 ) ) ;
#7352 = EDGE_CURVE ( 'NONE', #8364, #8281, #1007, .T. ) ;
#7353 = CARTESIAN_POINT ( 'NONE',  ( -15.00000000000000000, 0.0000000000000000000, 12.50000000000000200 ) ) ;
#7354 = LINE ( 'NONE', #2535, #6208 ) ;
#7355 = EDGE_CURVE ( 'NONE', #3156, #7305, #6657, .T. ) ;
#7356 = ORIENTED_EDGE ( 'NONE', *, *, #4279, .T. ) ;
#7357 = ORIENTED_EDGE ( 'NONE', *, *, #6725, .F. ) ;
#7358 = DIRECTION ( 'NONE',  ( 1.000000000000000000, -0.0000000000000000000, -0.0000000000000000000 ) ) ;
#7359 = AXIS2_PLACEMENT_3D ( 'NONE', #8209, #6903, #7566 ) ;
#7360 = DIRECTION ( 'NONE',  ( 1.000000000000000000, -0.0000000000000000000, 0.0000000000000000000 ) ) ;
#7361 = PLANE ( 'NONE',  #7122 ) ;
#7362 = DIRECTION ( 'NONE',  ( -0.0000000000000000000, 5.782411586589358800E-015, 1.000000000000000000 ) ) ;
#7363 = FACE_OUTER_BOUND ( 'NONE', #4802, .T. ) ;
#7364 = ORIENTED_EDGE ( 'NONE', *, *, #3281, .F. ) ;
#7365 = ADVANCED_FACE ( 'NONE', ( #8358 ), #601, .T. ) ;
#7366 = CARTESIAN_POINT ( 'NONE',  ( -34.40000000000000600, 5.700000000000002800, -0.2499999999999985000 ) ) ;
#7367 = AXIS2_PLACEMENT_3D ( 'NONE', #7782, #7060, #5805 ) ;
#7368 = CARTESIAN_POINT ( 'NONE',  ( 3.375000000000003100, 4.100000000000000500, 12.50000000000000200 ) ) ;
#7369 = CYLINDRICAL_SURFACE ( 'NONE', #2837, 1.199999999999999700 ) ;
#7371 = CARTESIAN_POINT ( 'NONE',  ( 32.50000000000000700, 0.0000000000000000000, 16.54999999999998600 ) ) ;
#7370 = DIRECTION ( 'NONE',  ( 0.0000000000000000000, 0.0000000000000000000, 1.000000000000000000 ) ) ;
#7372 = DIRECTION ( 'NONE',  ( 0.0000000000000000000, 0.0000000000000000000, 1.000000000000000000 ) ) ;
#7373 = EDGE_LOOP ( 'NONE', ( #3364, #244, #4588, #3078 ) ) ;
#7374 = AXIS2_PLACEMENT_3D ( 'NONE', #4977, #956, #7614 ) ;
#7375 = DIRECTION ( 'NONE',  ( 0.0000000000000000000, 1.000000000000000000, -5.782411586589358800E-015 ) ) ;
#7376 = DIRECTION ( 'NONE',  ( 0.0000000000000000000, 0.0000000000000000000, 1.000000000000000000 ) ) ;
#7377 = EDGE_LOOP ( 'NONE', ( #1009, #1820, #1542, #2754 ) ) ;
#7378 = ORIENTED_EDGE ( 'NONE', *, *, #7116, .F. ) ;
#7379 = DIRECTION ( 'NONE',  ( -0.0000000000000000000, 1.000000000000000000, -0.0000000000000000000 ) ) ;
#7380 = CARTESIAN_POINT ( 'NONE',  ( -7.249999999999997300, 4.650000000000002100, 12.40000000000000400 ) ) ;
#7381 = VECTOR ( 'NONE', #7996, 1000.000000000000000 ) ;
#7382 = AXIS2_PLACEMENT_3D ( 'NONE', #620, #7370, #690 ) ;
#7383 = LINE ( 'NONE', #2268, #2753 ) ;
#7384 = ORIENTED_EDGE ( 'NONE', *, *, #3663, .F. ) ;
#7385 = ORIENTED_EDGE ( 'NONE', *, *, #3480, .T. ) ;
#7386 = CARTESIAN_POINT ( 'NONE',  ( 0.7500000000000024400, 5.049999999999998000, 12.40000000000000400 ) ) ;
#7387 = ADVANCED_FACE ( 'NONE', ( #5845 ), #8293, .T. ) ;
#7388 = CARTESIAN_POINT ( 'NONE',  ( -32.49999999999999300, 2.500000000000000000, 16.55000000000000400 ) ) ;
#7389 = FACE_OUTER_BOUND ( 'NONE', #7831, .T. ) ;
#7390 = EDGE_LOOP ( 'NONE', ( #3190, #6288, #5040, #1231, #8301, #6192, #3564, #3768 ) ) ;
#7391 = VECTOR ( 'NONE', #790, 1000.000000000000000 ) ;
#7392 = VERTEX_POINT ( 'NONE', #6291 ) ;
#7393 = ORIENTED_EDGE ( 'NONE', *, *, #2904, .F. ) ;
#7394 = ORIENTED_EDGE ( 'NONE', *, *, #5627, .T. ) ;
#7395 = CARTESIAN_POINT ( 'NONE',  ( -30.59999999999991300, 11.39999999999995600, -8.199999999999908700 ) ) ;
#7396 = EDGE_CURVE ( 'NONE', #5227, #7509, #2567, .T. ) ;
#7397 = ADVANCED_FACE ( 'NONE', ( #8463 ), #3667, .F. ) ;
#7398 = VERTEX_POINT ( 'NONE', #7704 ) ;
#7399 = CARTESIAN_POINT ( 'NONE',  ( 3.374999999999985800, 4.100000000000000500, 9.194034422677102800E-015 ) ) ;
#7400 = LINE ( 'NONE', #2757, #5824 ) ;
#7401 = ORIENTED_EDGE ( 'NONE', *, *, #3559, .F. ) ;
#7402 = ORIENTED_EDGE ( 'NONE', *, *, #6172, .F. ) ;
#7403 = CARTESIAN_POINT ( 'NONE',  ( -4.625000000000014200, 5.700000000000000200, 9.194034422677102800E-015 ) ) ;
#7404 = VECTOR ( 'NONE', #332, 1000.000000000000000 ) ;
#7405 = ORIENTED_EDGE ( 'NONE', *, *, #8322, .T. ) ;
#7406 = ORIENTED_EDGE ( 'NONE', *, *, #7053, .T. ) ;
#7407 = ORIENTED_EDGE ( 'NONE', *, *, #7022, .F. ) ;
#7408 = CARTESIAN_POINT ( 'NONE',  ( 5.375000000000000900, 5.700000000000000200, 11.25000000000000400 ) ) ;
#7409 = CARTESIAN_POINT ( 'NONE',  ( -3.999999999999999100, 5.700000000000000200, 7.050000000000003400 ) ) ;
#7410 = DIRECTION ( 'NONE',  ( -1.000000000000000000, 0.0000000000000000000, -0.0000000000000000000 ) ) ;
#7411 = VECTOR ( 'NONE', #700, 1000.000000000000000 ) ;
#7412 = COLOUR_RGB ( '',0.7921568627450980000, 0.8196078431372548800, 0.9333333333333333500 ) ;
#7413 = ORIENTED_EDGE ( 'NONE', *, *, #324, .T. ) ;
#7414 = VECTOR ( 'NONE', #754, 1000.000000000000000 ) ;
#7415 = EDGE_LOOP ( 'NONE', ( #1962, #265, #4069, #6881 ) ) ;
#7416 = DIRECTION ( 'NONE',  ( 0.0000000000000000000, 0.0000000000000000000, -1.000000000000000000 ) ) ;
#7417 = EDGE_LOOP ( 'NONE', ( #66, #1916, #5567, #5715 ) ) ;
#7418 = ORIENTED_EDGE ( 'NONE', *, *, #7178, .T. ) ;
#7419 = EDGE_CURVE ( 'NONE', #334, #1597, #6764, .T. ) ;
#7420 = CARTESIAN_POINT ( 'NONE',  ( -30.72500000000000500, 7.000000000000000000, 2.549999999999996700 ) ) ;
#7421 = DIRECTION ( 'NONE',  ( 1.000000000000000000, -0.0000000000000000000, 0.0000000000000000000 ) ) ;
#7422 = EDGE_CURVE ( 'NONE', #1422, #2982, #8148, .T. ) ;
#7423 = DIRECTION ( 'NONE',  ( -0.0000000000000000000, 0.0000000000000000000, -1.000000000000000000 ) ) ;
#7424 = VECTOR ( 'NONE', #2032, 1000.000000000000000 ) ;
#7425 = FACE_OUTER_BOUND ( 'NONE', #7698, .T. ) ;
#7426 = EDGE_LOOP ( 'NONE', ( #2050, #3476, #6053, #5939 ) ) ;
#7427 = CARTESIAN_POINT ( 'NONE',  ( -1.249999999999997600, 4.650000000000002100, 12.79999999999999900 ) ) ;
#7428 = EDGE_CURVE ( 'NONE', #8122, #5010, #4799, .T. ) ;
#7429 = DIRECTION ( 'NONE',  ( 0.0000000000000000000, 0.0000000000000000000, 1.000000000000000000 ) ) ;
#7430 = LINE ( 'NONE', #4521, #6076 ) ;
#7431 = VECTOR ( 'NONE', #4350, 1000.000000000000000 ) ;
#7432 = ORIENTED_EDGE ( 'NONE', *, *, #2018, .T. ) ;
#7433 = CARTESIAN_POINT ( 'NONE',  ( -2.624999999999998700, 5.700000000000000200, 11.25000000000000400 ) ) ;
#7434 = AXIS2_PLACEMENT_3D ( 'NONE', #2791, #3481, #8173 ) ;
#7435 = DIRECTION ( 'NONE',  ( 0.0000000000000000000, 8.673617379884013400E-015, -1.000000000000000000 ) ) ;
#7436 = CARTESIAN_POINT ( 'NONE',  ( -5.374999999999998200, 4.100000000000000500, 11.25000000000000400 ) ) ;
#7437 = DIRECTION ( 'NONE',  ( 0.3420201433256693800, -0.0000000000000000000, 0.9396926207859082100 ) ) ;
#7438 = VECTOR ( 'NONE', #2741, 1000.000000000000000 ) ;
#7439 = LINE ( 'NONE', #1639, #4718 ) ;
#7440 = ORIENTED_EDGE ( 'NONE', *, *, #3607, .T. ) ;
#7441 = CARTESIAN_POINT ( 'NONE',  ( -3.249999999999997800, 4.750000000000000900, 12.20000000000000300 ) ) ;
#7442 = DIRECTION ( 'NONE',  ( 1.000000000000000000, 0.0000000000000000000, -1.387778780781446300E-015 ) ) ;
#7443 = ORIENTED_EDGE ( 'NONE', *, *, #6483, .T. ) ;
#7444 = CARTESIAN_POINT ( 'NONE',  ( -0.7499999999999972200, -4.699999999999999300, 12.50000000000000200 ) ) ;
#7445 = FACE_OUTER_BOUND ( 'NONE', #1837, .T. ) ;
#7446 = VECTOR ( 'NONE', #4214, 1000.000000000000000 ) ;
#7447 =( NAMED_UNIT ( * ) SI_UNIT ( $, .STERADIAN. ) SOLID_ANGLE_UNIT ( ) );
#7448 = ADVANCED_FACE ( 'NONE', ( #8263 ), #8037, .F. ) ;
#7449 = CARTESIAN_POINT ( 'NONE',  ( -30.24999999999998600, 2.500000000000000000, 16.54999999999998600 ) ) ;
#7450 = CARTESIAN_POINT ( 'NONE',  ( -6.624999999999997300, 4.100000000000000500, 12.50000000000000200 ) ) ;
#7451 = ORIENTED_EDGE ( 'NONE', *, *, #735, .F. ) ;
#7452 = DIRECTION ( 'NONE',  ( 1.206764157201257300E-016, -0.0000000000000000000, 1.000000000000000000 ) ) ;
#7453 = CARTESIAN_POINT ( 'NONE',  ( 4.750000000000002700, 5.049999999999998000, 12.40000000000000400 ) ) ;
#7454 = AXIS2_PLACEMENT_3D ( 'NONE', #2884, #8268, #6265 ) ;
#7455 = VECTOR ( 'NONE', #1291, 1000.000000000000000 ) ;
#7456 = EDGE_CURVE ( 'NONE', #4383, #3450, #5630, .T. ) ;
#7457 = VECTOR ( 'NONE', #8436, 1000.000000000000000 ) ;
#7458 = CARTESIAN_POINT ( 'NONE',  ( -30.72500000000000500, 7.299999999999999800, 2.549999999999996700 ) ) ;
#7459 = ORIENTED_EDGE ( 'NONE', *, *, #7857, .T. ) ;
#7460 = ORIENTED_EDGE ( 'NONE', *, *, #7017, .F. ) ;
#7461 = DIRECTION ( 'NONE',  ( 0.0000000000000000000, 0.0000000000000000000, -1.000000000000000000 ) ) ;
#7462 = CARTESIAN_POINT ( 'NONE',  ( -38.25000000000000700, -4.199999999999999300, -8.250000000000000000 ) ) ;
#7463 = CARTESIAN_POINT ( 'NONE',  ( -34.75000000000000000, 2.500000000000000000, 16.55000000000000400 ) ) ;
#7464 = CARTESIAN_POINT ( 'NONE',  ( -6.624999999999999100, 5.700000000000000200, 11.25000000000000400 ) ) ;
#7465 = DIRECTION ( 'NONE',  ( -0.0000000000000000000, 0.0000000000000000000, -1.000000000000000000 ) ) ;
#7466 = EDGE_LOOP ( 'NONE', ( #7521, #5850, #685, #4309 ) ) ;
#7467 = CARTESIAN_POINT ( 'NONE',  ( 1.250000000000002900, 4.750000000000000900, 12.20000000000000300 ) ) ;
#7468 = DIRECTION ( 'NONE',  ( 0.9396926207859082100, 0.0000000000000000000, -0.3420201433256693800 ) ) ;
#7469 = ORIENTED_EDGE ( 'NONE', *, *, #834, .F. ) ;
#7470 = EDGE_CURVE ( 'NONE', #2288, #7607, #6054, .T. ) ;
#7471 = DIRECTION ( 'NONE',  ( 0.0000000000000000000, 0.0000000000000000000, 1.000000000000000000 ) ) ;
#7472 = ADVANCED_FACE ( 'NONE', ( #4077 ), #3825, .T. ) ;
#7473 = AXIS2_PLACEMENT_3D ( 'NONE', #2505, #6507, #5268 ) ;
#7474 = VECTOR ( 'NONE', #71, 1000.000000000000000 ) ;
#7475 = ORIENTED_EDGE ( 'NONE', *, *, #7041, .F. ) ;
#7476 = EDGE_CURVE ( 'NONE', #5623, #5903, #1230, .T. ) ;
#7477 = CARTESIAN_POINT ( 'NONE',  ( -34.90000000000000600, 6.899999999999998600, -6.249999999999999100 ) ) ;
#7478 = EDGE_CURVE ( 'NONE', #97, #3746, #3000, .T. ) ;
#7479 = ADVANCED_FACE ( 'NONE', ( #2261 ), #4480, .F. ) ;
#7480 = FACE_OUTER_BOUND ( 'NONE', #6163, .T. ) ;
#7481 = EDGE_LOOP ( 'NONE', ( #1425, #4681, #5915, #6245 ) ) ;
#7482 = AXIS2_PLACEMENT_3D ( 'NONE', #6505, #550, #1806 ) ;
#7483 = DIRECTION ( 'NONE',  ( 0.0000000000000000000, 1.000000000000000000, 0.0000000000000000000 ) ) ;
#7484 = CARTESIAN_POINT ( 'NONE',  ( -1.374999999999997800, 5.700000000000000200, 12.50000000000000200 ) ) ;
#7485 = LINE ( 'NONE', #3411, #2126 ) ;
#7486 = CARTESIAN_POINT ( 'NONE',  ( -8.099947028114725000, 0.8999999999999980200, -22.25442155852373800 ) ) ;
#7487 = ADVANCED_FACE ( 'NONE', ( #803 ), #1129, .T. ) ;
#7488 = CIRCLE ( 'NONE', #1319, 2.250000000000008900 ) ;
#7489 = ORIENTED_EDGE ( 'NONE', *, *, #6413, .T. ) ;
#7490 = DIRECTION ( 'NONE',  ( 1.000000000000000000, 0.0000000000000000000, 1.807003620809164000E-016 ) ) ;
#7491 = CARTESIAN_POINT ( 'NONE',  ( 4.625000000000002700, 4.100000000000000500, 0.0000000000000000000 ) ) ;
#7492 = DIRECTION ( 'NONE',  ( 0.0000000000000000000, 0.0000000000000000000, 1.000000000000000000 ) ) ;
#7493 = CARTESIAN_POINT ( 'NONE',  ( 7.375000000000001800, 4.100000000000000500, 11.25000000000000400 ) ) ;
#7494 = DIRECTION ( 'NONE',  ( -0.7071067811865352500, 0.7071067811865597900, 0.0000000000000000000 ) ) ;
#7495 = AXIS2_PLACEMENT_3D ( 'NONE', #2065, #3424, #8652 ) ;
#7496 = DIRECTION ( 'NONE',  ( 1.387778780781446500E-015, 0.0000000000000000000, 1.000000000000000000 ) ) ;
#7497 = CIRCLE ( 'NONE', #7640, 0.3999999999999958600 ) ;
#7498 = FILL_AREA_STYLE_COLOUR ( '', #6667 ) ;
#7499 = FACE_OUTER_BOUND ( 'NONE', #5451, .T. ) ;
#7500 = ORIENTED_EDGE ( 'NONE', *, *, #6789, .T. ) ;
#7501 = ORIENTED_EDGE ( 'NONE', *, *, #5107, .T. ) ;
#7502 = VECTOR ( 'NONE', #5034, 1000.000000000000000 ) ;
#7503 = EDGE_CURVE ( 'NONE', #368, #8628, #7742, .T. ) ;
#7504 = CARTESIAN_POINT ( 'NONE',  ( -32.49999999999999300, 2.500000000000000000, 15.30000000000000100 ) ) ;
#7505 = CARTESIAN_POINT ( 'NONE',  ( 1.374999999999985600, 4.100000000000000500, -1.908195823574469300E-015 ) ) ;
#7506 = FACE_OUTER_BOUND ( 'NONE', #8489, .T. ) ;
#7507 = CARTESIAN_POINT ( 'NONE',  ( 6.625000000000002700, 4.100000000000000500, 11.25000000000000400 ) ) ;
#7508 = DIRECTION ( 'NONE',  ( 2.096342569156262000E-016, -0.0000000000000000000, 1.000000000000000000 ) ) ;
#7509 = VERTEX_POINT ( 'NONE', #4533 ) ;
#7510 = EDGE_LOOP ( 'NONE', ( #3725, #5968, #2227, #142 ) ) ;
#7511 = ORIENTED_EDGE ( 'NONE', *, *, #8303, .T. ) ;
#7512 = VERTEX_POINT ( 'NONE', #538 ) ;
#7513 = VECTOR ( 'NONE', #2079, 1000.000000000000000 ) ;
#7514 = CARTESIAN_POINT ( 'NONE',  ( -1.249999999999997600, 5.049999999999999800, 12.20000000000000300 ) ) ;
#7515 = CARTESIAN_POINT ( 'NONE',  ( -34.90000000000000600, 0.9000000000000000200, 12.50000000000000200 ) ) ;
#7516 = VERTEX_POINT ( 'NONE', #2545 ) ;
#7517 = DIRECTION ( 'NONE',  ( 0.0000000000000000000, 1.000000000000000000, 0.0000000000000000000 ) ) ;
#7518 = VECTOR ( 'NONE', #2084, 1000.000000000000000 ) ;
#7519 = ORIENTED_EDGE ( 'NONE', *, *, #8371, .T. ) ;
#7520 = VERTEX_POINT ( 'NONE', #5235 ) ;
#7521 = ORIENTED_EDGE ( 'NONE', *, *, #10, .T. ) ;
#7522 = AXIS2_PLACEMENT_3D ( 'NONE', #4643, #640, #6002 ) ;
#7523 = DIRECTION ( 'NONE',  ( 0.0000000000000000000, 0.0000000000000000000, 1.000000000000000000 ) ) ;
#7524 = EDGE_CURVE ( 'NONE', #2479, #1543, #3642, .T. ) ;
#7525 = PLANE ( 'NONE',  #6679 ) ;
#7526 = LINE ( 'NONE', #5260, #3119 ) ;
#7527 = LINE ( 'NONE', #7444, #5527 ) ;
#7528 = CARTESIAN_POINT ( 'NONE',  ( -32.49999999999999300, 0.0000000000000000000, 15.30000000000000100 ) ) ;
#7529 = EDGE_LOOP ( 'NONE', ( #7940, #1297, #2442, #3690 ) ) ;
#7530 = ORIENTED_EDGE ( 'NONE', *, *, #3157, .F. ) ;
#7531 = FILL_AREA_STYLE_COLOUR ( '', #6363 ) ;
#7532 =( LENGTH_UNIT ( ) NAMED_UNIT ( * ) SI_UNIT ( .MILLI., .METRE. ) );
#7533 = CARTESIAN_POINT ( 'NONE',  ( 6.625000000000002700, 5.400000000000000400, 11.25000000000000400 ) ) ;
#7534 = CARTESIAN_POINT ( 'NONE',  ( -35.80000000000000400, 7.299999999999999800, -13.54999999999999900 ) ) ;
#7535 = CARTESIAN_POINT ( 'NONE',  ( 0.0000000000000000000, 4.100000000000000500, 11.25000000000000400 ) ) ;
#7536 = DIRECTION ( 'NONE',  ( -0.0000000000000000000, -1.000000000000000000, -0.0000000000000000000 ) ) ;
#7537 = VECTOR ( 'NONE', #3291, 1000.000000000000000 ) ;
#7538 = VECTOR ( 'NONE', #5138, 1000.000000000000000 ) ;
#7539 = EDGE_CURVE ( 'NONE', #4559, #5227, #6258, .T. ) ;
#7540 = ORIENTED_EDGE ( 'NONE', *, *, #5944, .F. ) ;
#7541 = ORIENTED_EDGE ( 'NONE', *, *, #4635, .T. ) ;
#7542 = ADVANCED_FACE ( 'NONE', ( #5416 ), #7890, .F. ) ;
#7543 = DIRECTION ( 'NONE',  ( 0.0000000000000000000, 0.0000000000000000000, 1.000000000000000000 ) ) ;
#7544 = DIRECTION ( 'NONE',  ( -1.000000000000000000, 0.0000000000000000000, 0.0000000000000000000 ) ) ;
#7545 = FACE_OUTER_BOUND ( 'NONE', #6669, .T. ) ;
#7546 = LINE ( 'NONE', #3995, #4404 ) ;
#7547 = ORIENTED_EDGE ( 'NONE', *, *, #1133, .T. ) ;
#7548 = ORIENTED_EDGE ( 'NONE', *, *, #3101, .F. ) ;
#7549 = CARTESIAN_POINT ( 'NONE',  ( -1.249999999999997600, -4.699999999999997500, 12.80000000000000200 ) ) ;
#7550 = CARTESIAN_POINT ( 'NONE',  ( -34.90000000000000600, 4.499999999999999100, -6.249999999999997300 ) ) ;
#7551 = CARTESIAN_POINT ( 'NONE',  ( -6.749999999999997300, -4.699999999999999300, 12.50000000000000200 ) ) ;
#7552 = FACE_OUTER_BOUND ( 'NONE', #4785, .T. ) ;
#7553 = VECTOR ( 'NONE', #2185, 1000.000000000000000 ) ;
#7554 = DIRECTION ( 'NONE',  ( 1.000000000000000000, 0.0000000000000000000, 0.0000000000000000000 ) ) ;
#7555 = VERTEX_POINT ( 'NONE', #3445 ) ;
#7556 = PLANE ( 'NONE',  #1684 ) ;
#7557 = PLANE ( 'NONE',  #4211 ) ;
#7558 = CARTESIAN_POINT ( 'NONE',  ( 5.375000000000000900, 5.700000000000000200, 11.25000000000000400 ) ) ;
#7559 = CARTESIAN_POINT ( 'NONE',  ( -38.25000000000000700, 0.8999999999999980200, -8.250000000000000000 ) ) ;
#7560 = LINE ( 'NONE', #1372, #731 ) ;
#7561 = EDGE_CURVE ( 'NONE', #7176, #2571, #7924, .T. ) ;
#7562 = DIRECTION ( 'NONE',  ( 0.0000000000000000000, 8.673617379884013400E-015, -1.000000000000000000 ) ) ;
#7563 = VECTOR ( 'NONE', #6104, 1000.000000000000000 ) ;
#7564 = ORIENTED_EDGE ( 'NONE', *, *, #3034, .F. ) ;
#7565 = ORIENTED_EDGE ( 'NONE', *, *, #2421, .F. ) ;
#7566 = DIRECTION ( 'NONE',  ( 0.0000000000000000000, 0.0000000000000000000, 1.000000000000000000 ) ) ;
#7567 = EDGE_LOOP ( 'NONE', ( #3013, #2010, #2859, #6632 ) ) ;
#7568 = LINE ( 'NONE', #7078, #7457 ) ;
#7569 = EDGE_LOOP ( 'NONE', ( #3636, #5348, #1221, #3178 ) ) ;
#7570 = VECTOR ( 'NONE', #2151, 1000.000000000000000 ) ;
#7571 = ORIENTED_EDGE ( 'NONE', *, *, #2013, .F. ) ;
#7572 = AXIS2_PLACEMENT_3D ( 'NONE', #1160, #7289, #7255 ) ;
#7573 = EDGE_CURVE ( 'NONE', #8674, #2137, #85, .T. ) ;
#7574 = CARTESIAN_POINT ( 'NONE',  ( 0.7500000000000024400, -4.699999999999997500, 12.80000000000000200 ) ) ;
#7575 = LINE ( 'NONE', #6281, #7791 ) ;
#7576 = CARTESIAN_POINT ( 'NONE',  ( -34.75000000000000000, 2.500000000000000000, 16.55000000000000400 ) ) ;
#7577 = DIRECTION ( 'NONE',  ( 1.000000000000000000, 0.0000000000000000000, -0.0000000000000000000 ) ) ;
#7578 = CARTESIAN_POINT ( 'NONE',  ( -6.010887296633280000, 4.100000000000000500, 16.51477711838690600 ) ) ;
#7579 = ORIENTED_EDGE ( 'NONE', *, *, #3300, .F. ) ;
#7580 = ADVANCED_FACE ( 'NONE', ( #3123 ), #6020, .F. ) ;
#7581 = CARTESIAN_POINT ( 'NONE',  ( 35.79999999999999000, 7.299999999999999800, 13.55000000000000200 ) ) ;
#7582 = DIRECTION ( 'NONE',  ( 0.0000000000000000000, 0.0000000000000000000, 1.000000000000000000 ) ) ;
#7583 = EDGE_CURVE ( 'NONE', #34, #4850, #1338, .T. ) ;
#7584 = DIRECTION ( 'NONE',  ( -1.000000000000000000, 0.0000000000000000000, -0.0000000000000000000 ) ) ;
#7585 = EDGE_LOOP ( 'NONE', ( #3524, #8146, #8547, #6410 ) ) ;
#7586 = EDGE_CURVE ( 'NONE', #4556, #6356, #4187, .T. ) ;
#7587 = AXIS2_PLACEMENT_3D ( 'NONE', #6889, #866, #167 ) ;
#7588 = CARTESIAN_POINT ( 'NONE',  ( -34.70000000000001000, 7.299999999999999800, -12.30000000000000600 ) ) ;
#7589 = FACE_OUTER_BOUND ( 'NONE', #3435, .T. ) ;
#7590 = UNCERTAINTY_MEASURE_WITH_UNIT (LENGTH_MEASURE( 1.000000000000000100E-005 ), #3420, 'distance_accuracy_value', 'NONE');
#7591 = VERTEX_POINT ( 'NONE', #8095 ) ;
#7592 = CARTESIAN_POINT ( 'NONE',  ( 2.750000000000002700, 4.650000000000002100, 12.40000000000000400 ) ) ;
#7593 = DIRECTION ( 'NONE',  ( 0.0000000000000000000, -1.000000000000000000, 0.0000000000000000000 ) ) ;
#7594 = EDGE_CURVE ( 'NONE', #7634, #1951, #1633, .T. ) ;
#7595 = LINE ( 'NONE', #2101, #6230 ) ;
#7596 = COLOUR_RGB ( '',0.7921568627450980000, 0.8196078431372548800, 0.9333333333333333500 ) ;
#7597 = ORIENTED_EDGE ( 'NONE', *, *, #2517, .T. ) ;
#7598 = ORIENTED_EDGE ( 'NONE', *, *, #4434, .F. ) ;
#7599 = ADVANCED_FACE ( 'NONE', ( #6983 ), #136, .F. ) ;
#7600 = CARTESIAN_POINT ( 'NONE',  ( -6.010887296633280000, 0.8999999999999980200, 16.51477711838690600 ) ) ;
#7601 = CARTESIAN_POINT ( 'NONE',  ( -34.80000000000000400, 6.899999999999998600, -6.249999999999999100 ) ) ;
#7602 = DIRECTION ( 'NONE',  ( -1.387778780781446500E-015, -0.0000000000000000000, -1.000000000000000000 ) ) ;
#7603 = DIRECTION ( 'NONE',  ( 1.000000000000000000, 0.0000000000000000000, -0.0000000000000000000 ) ) ;
#7604 = CARTESIAN_POINT ( 'NONE',  ( -6.749999999999997300, 5.049999999999998000, 12.40000000000000400 ) ) ;
#7605 = FACE_BOUND ( 'NONE', #3113, .T. ) ;
#7606 = VECTOR ( 'NONE', #5808, 1000.000000000000000 ) ;
#7607 = VERTEX_POINT ( 'NONE', #2279 ) ;
#7608 = ORIENTED_EDGE ( 'NONE', *, *, #3716, .F. ) ;
#7609 = EDGE_LOOP ( 'NONE', ( #6451, #3215, #5463, #164 ) ) ;
#7610 = CARTESIAN_POINT ( 'NONE',  ( 3.250000000000002700, 4.650000000000002100, 12.79999999999999900 ) ) ;
#7611 = CARTESIAN_POINT ( 'NONE',  ( 34.89999999999999900, 4.100000000000000500, 12.50000000000000200 ) ) ;
#7612 = CARTESIAN_POINT ( 'NONE',  ( 28.52499999999999500, 7.000000000000000000, 2.549999999999989600 ) ) ;
#7613 = AXIS2_PLACEMENT_3D ( 'NONE', #4130, #2840, #7423 ) ;
#7614 = DIRECTION ( 'NONE',  ( 0.0000000000000000000, 0.0000000000000000000, 1.000000000000000000 ) ) ;
#7615 = VECTOR ( 'NONE', #8076, 1000.000000000000000 ) ;
#7616 = DIRECTION ( 'NONE',  ( 0.0000000000000000000, -1.000000000000000000, 0.0000000000000000000 ) ) ;
#7617 = CARTESIAN_POINT ( 'NONE',  ( -34.90000000000000600, 6.899999999999998600, -6.249999999999999100 ) ) ;
#7618 = ORIENTED_EDGE ( 'NONE', *, *, #2746, .F. ) ;
#7619 = EDGE_CURVE ( 'NONE', #5528, #7736, #6449, .T. ) ;
#7620 = LINE ( 'NONE', #28, #1950 ) ;
#7621 = ORIENTED_EDGE ( 'NONE', *, *, #3261, .F. ) ;
#7622 = ORIENTED_EDGE ( 'NONE', *, *, #83, .F. ) ;
#7623 = ORIENTED_EDGE ( 'NONE', *, *, #3073, .F. ) ;
#7624 = DIRECTION ( 'NONE',  ( 0.0000000000000000000, 0.0000000000000000000, -1.000000000000000000 ) ) ;
#7625 = ADVANCED_FACE ( 'NONE', ( #6752 ), #8382, .F. ) ;
#7626 = AXIS2_PLACEMENT_3D ( 'NONE', #7038, #5164, #1163 ) ;
#7627 = EDGE_CURVE ( 'NONE', #7832, #5427, #3314, .T. ) ;
#7628 = LINE ( 'NONE', #2718, #4074 ) ;
#7629 = VECTOR ( 'NONE', #6680, 1000.000000000000000 ) ;
#7630 = VERTEX_POINT ( 'NONE', #4843 ) ;
#7631 = DIRECTION ( 'NONE',  ( 0.0000000000000000000, 1.000000000000000000, 0.0000000000000000000 ) ) ;
#7632 = VERTEX_POINT ( 'NONE', #822 ) ;
#7633 = ORIENTED_EDGE ( 'NONE', *, *, #901, .T. ) ;
#7634 = VERTEX_POINT ( 'NONE', #1653 ) ;
#7635 = CARTESIAN_POINT ( 'NONE',  ( 30.24999999999999300, 2.500000000000000400, 13.55000000000000200 ) ) ;
#7636 = CARTESIAN_POINT ( 'NONE',  ( 30.27499999999999500, 7.000000000000000000, -9.050000000000009600 ) ) ;
#7637 = FACE_OUTER_BOUND ( 'NONE', #5499, .T. ) ;
#7638 = VECTOR ( 'NONE', #2295, 1000.000000000000100 ) ;
#7639 = ORIENTED_EDGE ( 'NONE', *, *, #8568, .F. ) ;
#7640 = AXIS2_PLACEMENT_3D ( 'NONE', #8411, #4451, #5799 ) ;
#7641 = CARTESIAN_POINT ( 'NONE',  ( -0.6249999999999971100, 4.100000000000000500, 12.20000000000000300 ) ) ;
#7642 = DIRECTION ( 'NONE',  ( 1.000000000000000000, -0.0000000000000000000, -0.0000000000000000000 ) ) ;
#7643 = EDGE_CURVE ( 'NONE', #4202, #4235, #2459, .T. ) ;
#7644 = CARTESIAN_POINT ( 'NONE',  ( 0.0000000000000000000, 4.100000000000000500, 0.0000000000000000000 ) ) ;
#7645 = CARTESIAN_POINT ( 'NONE',  ( 35.79999999999999000, 0.0000000000000000000, -13.54999999999999900 ) ) ;
#7646 =( NAMED_UNIT ( * ) SI_UNIT ( $, .STERADIAN. ) SOLID_ANGLE_UNIT ( ) );
#7647 = VECTOR ( 'NONE', #6379, 1000.000000000000000 ) ;
#7648 = LINE ( 'NONE', #2238, #214 ) ;
#7649 = ORIENTED_EDGE ( 'NONE', *, *, #7837, .T. ) ;
#7650 = DIRECTION ( 'NONE',  ( 1.000000000000000000, -0.0000000000000000000, -0.0000000000000000000 ) ) ;
#7651 = ADVANCED_FACE ( 'NONE', ( #76 ), #7653, .T. ) ;
#7652 = DIRECTION ( 'NONE',  ( 0.7071067811865435800, 0.7071067811865514600, 2.652183207236091000E-016 ) ) ;
#7653 = PLANE ( 'NONE',  #6918 ) ;
#7654 = CARTESIAN_POINT ( 'NONE',  ( 2.625000000000002200, 4.100000000000000500, 12.50000000000000200 ) ) ;
#7655 = CARTESIAN_POINT ( 'NONE',  ( -34.90000000000000600, 5.700000000000000200, -6.249999999999998200 ) ) ;
#7656 = EDGE_CURVE ( 'NONE', #3545, #1062, #4901, .T. ) ;
#7657 = VECTOR ( 'NONE', #3502, 1000.000000000000000 ) ;
#7658 = CIRCLE ( 'NONE', #308, 1.199999999999999700 ) ;
#7659 = ORIENTED_EDGE ( 'NONE', *, *, #4725, .T. ) ;
#7660 = AXIS2_PLACEMENT_3D ( 'NONE', #7644, #1902, #2329 ) ;
#7661 = ORIENTED_EDGE ( 'NONE', *, *, #7911, .T. ) ;
#7662 = CARTESIAN_POINT ( 'NONE',  ( -34.90000000000000600, 4.100000000000000500, -0.0000000000000000000 ) ) ;
#7663 = CYLINDRICAL_SURFACE ( 'NONE', #489, 1.750000000000000700 ) ;
#7664 = LINE ( 'NONE', #1715, #437 ) ;
#7665 = EDGE_CURVE ( 'NONE', #3732, #5414, #3110, .T. ) ;
#7666 = CARTESIAN_POINT ( 'NONE',  ( -1.249999999999997600, 4.650000000000002100, 12.79999999999999900 ) ) ;
#7667 = ORIENTED_EDGE ( 'NONE', *, *, #4791, .T. ) ;
#7668 =( NAMED_UNIT ( * ) PLANE_ANGLE_UNIT ( ) SI_UNIT ( $, .RADIAN. ) );
#7669 = CARTESIAN_POINT ( 'NONE',  ( 0.7500000000000024400, -4.699999999999997500, 12.80000000000000200 ) ) ;
#7670 = ADVANCED_FACE ( 'NONE', ( #2039 ), #7102, .T. ) ;
#7671 = FACE_OUTER_BOUND ( 'NONE', #5278, .T. ) ;
#7672 = LINE ( 'NONE', #528, #8511 ) ;
#7673 = EDGE_LOOP ( 'NONE', ( #4294, #5002, #6330, #7166, #84, #3601, #2460, #7406 ) ) ;
#7674 = DIRECTION ( 'NONE',  ( -0.0000000000000000000, 1.000000000000000000, -0.0000000000000000000 ) ) ;
#7675 = CARTESIAN_POINT ( 'NONE',  ( -34.40000000000000600, 4.499999999999999100, -6.249999999999997300 ) ) ;
#7676 = EDGE_LOOP ( 'NONE', ( #6687, #4443, #1005, #6767 ) ) ;
#7677 = CARTESIAN_POINT ( 'NONE',  ( 2.750000000000002700, -4.699999999999999300, 12.50000000000000200 ) ) ;
#7678 = DIRECTION ( 'NONE',  ( 1.000000000000000000, 0.0000000000000000000, -1.387778780781446300E-015 ) ) ;
#7679 = PLANE ( 'NONE',  #2654 ) ;
#7680 = ORIENTED_EDGE ( 'NONE', *, *, #3559, .T. ) ;
#7681 = DIRECTION ( 'NONE',  ( -1.000000000000000000, 0.0000000000000000000, 0.0000000000000000000 ) ) ;
#7682 = LINE ( 'NONE', #1708, #3165 ) ;
#7683 = DIRECTION ( 'NONE',  ( -0.0000000000000000000, 0.0000000000000000000, 1.000000000000000000 ) ) ;
#7684 = EDGE_CURVE ( 'NONE', #2136, #2164, #6046, .T. ) ;
#7685 = DIRECTION ( 'NONE',  ( 0.0000000000000000000, -0.0000000000000000000, -1.000000000000000000 ) ) ;
#7686 = VECTOR ( 'NONE', #7243, 1000.000000000000000 ) ;
#7687 = AXIS2_PLACEMENT_3D ( 'NONE', #2266, #8384, #1682 ) ;
#7688 = ORIENTED_EDGE ( 'NONE', *, *, #6840, .F. ) ;
#7689 = VERTEX_POINT ( 'NONE', #4510 ) ;
#7690 = ORIENTED_EDGE ( 'NONE', *, *, #2077, .T. ) ;
#7691 = ADVANCED_FACE ( 'NONE', ( #507, #686 ), #7871, .F. ) ;
#7692 = EDGE_CURVE ( 'NONE', #1809, #4875, #1527, .T. ) ;
#7693 = CARTESIAN_POINT ( 'NONE',  ( -30.72500000000000100, 7.000000000000000000, -9.050000000000002500 ) ) ;
#7694 = PLANE ( 'NONE',  #6996 ) ;
#7695 = CIRCLE ( 'NONE', #7047, 0.3999999999999958600 ) ;
#7696 = VERTEX_POINT ( 'NONE', #3132 ) ;
#7697 = CARTESIAN_POINT ( 'NONE',  ( -7.249999999999997300, 4.650000000000002100, 12.50000000000000200 ) ) ;
#7698 = EDGE_LOOP ( 'NONE', ( #5001, #7597, #3535, #4498 ) ) ;
#7699 = ORIENTED_EDGE ( 'NONE', *, *, #6015, .F. ) ;
#7700 = CARTESIAN_POINT ( 'NONE',  ( 1.375000000000001300, 4.100000000000000500, 11.25000000000000400 ) ) ;
#7701 = CARTESIAN_POINT ( 'NONE',  ( -0.6250000000000144300, 4.100000000000000500, 9.194034422677102800E-015 ) ) ;
#7702 = EDGE_CURVE ( 'NONE', #2786, #7941, #5620, .T. ) ;
#7703 = CARTESIAN_POINT ( 'NONE',  ( -34.90000000000000600, 4.500000000000002700, -0.2499999999999987000 ) ) ;
#7704 = CARTESIAN_POINT ( 'NONE',  ( -7.374999999999998200, 4.100000000000000500, 12.20000000000000300 ) ) ;
#7705 = CARTESIAN_POINT ( 'NONE',  ( 3.374999999999985800, 4.100000000000000500, 9.194034422677102800E-015 ) ) ;
#7706 = LINE ( 'NONE', #29, #2974 ) ;
#7707 = ORIENTED_EDGE ( 'NONE', *, *, #6080, .T. ) ;
#7708 = DIRECTION ( 'NONE',  ( 0.0000000000000000000, 0.0000000000000000000, 1.000000000000000000 ) ) ;
#7709 = VECTOR ( 'NONE', #6573, 1000.000000000000000 ) ;
#7710 = ORIENTED_EDGE ( 'NONE', *, *, #2676, .F. ) ;
#7711 = ORIENTED_EDGE ( 'NONE', *, *, #4606, .F. ) ;
#7712 = DIRECTION ( 'NONE',  ( 0.0000000000000000000, 1.000000000000000000, -0.0000000000000000000 ) ) ;
#7713 = CARTESIAN_POINT ( 'NONE',  ( 28.52499999999999500, 7.000000000000000000, 4.299999999999989200 ) ) ;
#7714 = DIRECTION ( 'NONE',  ( 1.000000000000000000, 0.0000000000000000000, 0.0000000000000000000 ) ) ;
#7715 =( GEOMETRIC_REPRESENTATION_CONTEXT ( 3 ) GLOBAL_UNCERTAINTY_ASSIGNED_CONTEXT ( ( #968 ) ) GLOBAL_UNIT_ASSIGNED_CONTEXT ( ( #6810, #3507, #3456 ) ) REPRESENTATION_CONTEXT ( 'NONE', 'WORKASPACE' ) );
#7716 = ADVANCED_FACE ( 'NONE', ( #5517 ), #3292, .F. ) ;
#7717 = LINE ( 'NONE', #5362, #5281 ) ;
#7718 = CARTESIAN_POINT ( 'NONE',  ( 35.79999999999999000, 7.299999999999999800, 13.55000000000000200 ) ) ;
#7719 = FACE_OUTER_BOUND ( 'NONE', #5294, .T. ) ;
#7720 = ORIENTED_EDGE ( 'NONE', *, *, #3261, .T. ) ;
#7721 = DIRECTION ( 'NONE',  ( 2.096342569156262000E-016, -0.0000000000000000000, 1.000000000000000000 ) ) ;
#7722 = ORIENTED_EDGE ( 'NONE', *, *, #2290, .F. ) ;
#7723 = VECTOR ( 'NONE', #6936, 1000.000000000000000 ) ;
#7724 = EDGE_CURVE ( 'NONE', #2785, #7067, #8452, .T. ) ;
#7725 = PLANE ( 'NONE',  #7025 ) ;
#7726 = DIRECTION ( 'NONE',  ( 0.0000000000000000000, -1.000000000000000000, 0.0000000000000000000 ) ) ;
#7727 = CARTESIAN_POINT ( 'NONE',  ( -38.85000000000000900, -17.31554944214035200, -8.250000000000000000 ) ) ;
#7728 = LINE ( 'NONE', #4283, #1321 ) ;
#7729 = CARTESIAN_POINT ( 'NONE',  ( 6.750000000000002700, 4.750000000000000900, 12.20000000000000300 ) ) ;
#7730 = DIRECTION ( 'NONE',  ( -1.000000000000000000, 0.0000000000000000000, 0.0000000000000000000 ) ) ;
#7731 = VERTEX_POINT ( 'NONE', #1862 ) ;
#7732 = DIRECTION ( 'NONE',  ( 0.0000000000000000000, 0.0000000000000000000, 1.000000000000000000 ) ) ;
#7733 = EDGE_CURVE ( 'NONE', #1153, #6145, #3863, .T. ) ;
#7734 = ORIENTED_EDGE ( 'NONE', *, *, #6672, .T. ) ;
#7735 = VERTEX_POINT ( 'NONE', #8577 ) ;
#7736 = VERTEX_POINT ( 'NONE', #2546 ) ;
#7737 = DIRECTION ( 'NONE',  ( -1.000000000000000000, 0.0000000000000000000, 0.0000000000000000000 ) ) ;
#7738 = CIRCLE ( 'NONE', #3833, 0.09999999999999939500 ) ;
#7739 = FACE_OUTER_BOUND ( 'NONE', #4670, .T. ) ;
#7740 = VERTEX_POINT ( 'NONE', #4139 ) ;
#7741 = ORIENTED_EDGE ( 'NONE', *, *, #660, .F. ) ;
#7742 = LINE ( 'NONE', #3882, #4914 ) ;
#7743 = VERTEX_POINT ( 'NONE', #1887 ) ;
#7744 = ORIENTED_EDGE ( 'NONE', *, *, #4539, .F. ) ;
#7745 = ORIENTED_EDGE ( 'NONE', *, *, #813, .F. ) ;
#7746 = CARTESIAN_POINT ( 'NONE',  ( -4.749999999999997300, 5.049999999999998000, 12.40000000000000400 ) ) ;
#7747 = DIRECTION ( 'NONE',  ( 0.0000000000000000000, 1.000000000000000000, 0.0000000000000000000 ) ) ;
#7748 = FILL_AREA_STYLE_COLOUR ( '', #6010 ) ;
#7749 = CARTESIAN_POINT ( 'NONE',  ( 34.70000000000001000, 7.299999999999999800, -12.50000000000000400 ) ) ;
#7750 = CIRCLE ( 'NONE', #394, 1.199999999999999700 ) ;
#7751 = LINE ( 'NONE', #1307, #5959 ) ;
#7752 = ORIENTED_EDGE ( 'NONE', *, *, #4412, .F. ) ;
#7753 = VERTEX_POINT ( 'NONE', #92 ) ;
#7754 = ORIENTED_EDGE ( 'NONE', *, *, #430, .F. ) ;
#7755 = AXIS2_PLACEMENT_3D ( 'NONE', #1817, #7061, #7811 ) ;
#7756 = EDGE_CURVE ( 'NONE', #4912, #3051, #3415, .T. ) ;
#7757 = FACE_OUTER_BOUND ( 'NONE', #3839, .T. ) ;
#7758 = VECTOR ( 'NONE', #7257, 1000.000000000000000 ) ;
#7759 = ORIENTED_EDGE ( 'NONE', *, *, #5944, .T. ) ;
#7760 = DIRECTION ( 'NONE',  ( -1.000000000000000000, 0.0000000000000000000, 0.0000000000000000000 ) ) ;
#7761 = CARTESIAN_POINT ( 'NONE',  ( 6.625000000000002700, 5.700000000000000200, 11.25000000000000400 ) ) ;
#7762 = VECTOR ( 'NONE', #8160, 1000.000000000000000 ) ;
#7763 = VECTOR ( 'NONE', #4334, 1000.000000000000000 ) ;
#7764 = EDGE_CURVE ( 'NONE', #5029, #2017, #2888, .T. ) ;
#7765 = DIRECTION ( 'NONE',  ( 0.0000000000000000000, -1.000000000000000000, 0.0000000000000000000 ) ) ;
#7766 = CARTESIAN_POINT ( 'NONE',  ( 4.625000000000002700, 4.100000000000000500, 11.25000000000000400 ) ) ;
#7767 = VECTOR ( 'NONE', #1484, 1000.000000000000000 ) ;
#7768 = PLANE ( 'NONE',  #2704 ) ;
#7769 = CARTESIAN_POINT ( 'NONE',  ( -1.374999999999997800, 4.100000000000000500, 11.25000000000000400 ) ) ;
#7770 = ORIENTED_EDGE ( 'NONE', *, *, #7820, .F. ) ;
#7771 = PLANE ( 'NONE',  #1006 ) ;
#7772 = EDGE_CURVE ( 'NONE', #7740, #4370, #3755, .T. ) ;
#7773 = LINE ( 'NONE', #4028, #6911 ) ;
#7774 = AXIS2_PLACEMENT_3D ( 'NONE', #1203, #2444, #8587 ) ;
#7775 = CIRCLE ( 'NONE', #2807, 1.750000000000000700 ) ;
#7776 = PLANE ( 'NONE',  #738 ) ;
#7777 = ORIENTED_EDGE ( 'NONE', *, *, #5173, .F. ) ;
#7778 = VERTEX_POINT ( 'NONE', #7464 ) ;
#7779 = ADVANCED_FACE ( 'NONE', ( #8649 ), #5191, .F. ) ;
#7780 = EDGE_LOOP ( 'NONE', ( #1529, #7165, #4801, #3715 ) ) ;
#7781 = CARTESIAN_POINT ( 'NONE',  ( -34.90000000000000600, 5.700000000000000200, 0.9500000000000016200 ) ) ;
#7782 = CARTESIAN_POINT ( 'NONE',  ( -32.50000000000000000, 2.500000000000000000, -16.54999999999999700 ) ) ;
#7783 = LINE ( 'NONE', #5802, #4236 ) ;
#7784 = FILL_AREA_STYLE ('',( #284 ) ) ;
#7785 = CARTESIAN_POINT ( 'NONE',  ( 34.89999999999999900, 0.8999999999999980200, 12.50000000000000200 ) ) ;
#7786 = CIRCLE ( 'NONE', #7359, 1.250000000000004700 ) ;
#7787 = DIRECTION ( 'NONE',  ( 1.000000000000000000, 0.0000000000000000000, 0.0000000000000000000 ) ) ;
#7788 = AXIS2_PLACEMENT_3D ( 'NONE', #2651, #6014, #1277 ) ;
#7789 = DIRECTION ( 'NONE',  ( 1.000000000000000000, 0.0000000000000000000, -0.0000000000000000000 ) ) ;
#7790 = EDGE_CURVE ( 'NONE', #4579, #6535, #280, .T. ) ;
#7791 = VECTOR ( 'NONE', #3614, 1000.000000000000000 ) ;
#7792 = DIRECTION ( 'NONE',  ( -1.206764157201257300E-016, 0.0000000000000000000, -1.000000000000000000 ) ) ;
#7793 = AXIS2_PLACEMENT_3D ( 'NONE', #1896, #4541, #6563 ) ;
#7794 = CARTESIAN_POINT ( 'NONE',  ( -1.249999999999997600, 4.650000000000002100, 12.79999999999999900 ) ) ;
#7795 = EDGE_CURVE ( 'NONE', #4387, #1966, #7620, .T. ) ;
#7796 = FACE_OUTER_BOUND ( 'NONE', #101, .T. ) ;
#7797 = ORIENTED_EDGE ( 'NONE', *, *, #1457, .F. ) ;
#7798 = DIRECTION ( 'NONE',  ( 0.0000000000000000000, 0.0000000000000000000, 1.000000000000000000 ) ) ;
#7799 = CARTESIAN_POINT ( 'NONE',  ( -38.25000000000000700, -17.31554944214035200, 0.2500000000000012200 ) ) ;
#7800 = DIRECTION ( 'NONE',  ( 0.0000000000000000000, 0.0000000000000000000, -1.000000000000000000 ) ) ;
#7801 = AXIS2_PLACEMENT_3D ( 'NONE', #6554, #5971, #2544 ) ;
#7802 = PRESENTATION_STYLE_ASSIGNMENT (( #2963 ) ) ;
#7803 = EDGE_CURVE ( 'NONE', #4376, #4613, #6870, .T. ) ;
#7804 = ORIENTED_EDGE ( 'NONE', *, *, #8289, .T. ) ;
#7805 = EDGE_CURVE ( 'NONE', #4488, #7736, #1623, .T. ) ;
#7806 = ORIENTED_EDGE ( 'NONE', *, *, #3754, .T. ) ;
#7807 = ORIENTED_EDGE ( 'NONE', *, *, #125, .T. ) ;
#7808 = CARTESIAN_POINT ( 'NONE',  ( -1.374999999999997800, 4.100000000000000500, 0.0000000000000000000 ) ) ;
#7809 = DIRECTION ( 'NONE',  ( 0.0000000000000000000, 0.0000000000000000000, -1.000000000000000000 ) ) ;
#7810 = DIRECTION ( 'NONE',  ( -0.0000000000000000000, 0.0000000000000000000, 1.000000000000000000 ) ) ;
#7811 = DIRECTION ( 'NONE',  ( -1.000000000000000000, 0.0000000000000000000, 0.0000000000000000000 ) ) ;
#7812 = PLANE ( 'NONE',  #935 ) ;
#7813 = CARTESIAN_POINT ( 'NONE',  ( -1.374999999999997800, 5.700000000000000200, 0.0000000000000000000 ) ) ;
#7814 = DIRECTION ( 'NONE',  ( 0.0000000000000000000, 0.0000000000000000000, 1.000000000000000000 ) ) ;
#7815 = CARTESIAN_POINT ( 'NONE',  ( -0.6249999999999987800, 5.700000000000000200, 11.25000000000000400 ) ) ;
#7816 = FACE_OUTER_BOUND ( 'NONE', #7481, .T. ) ;
#7817 = EDGE_CURVE ( 'NONE', #5427, #817, #6438, .T. ) ;
#7818 = ORIENTED_EDGE ( 'NONE', *, *, #6955, .F. ) ;
#7819 = DIRECTION ( 'NONE',  ( -1.000000000000000000, 0.0000000000000000000, 0.0000000000000000000 ) ) ;
#7820 = EDGE_CURVE ( 'NONE', #6005, #697, #7174, .T. ) ;
#7821 = DIRECTION ( 'NONE',  ( 0.0000000000000000000, -1.000000000000000000, 0.0000000000000000000 ) ) ;
#7822 = FACE_OUTER_BOUND ( 'NONE', #2236, .T. ) ;
#7823 = EDGE_LOOP ( 'NONE', ( #3865, #8433, #5193, #4971 ) ) ;
#7824 = AXIS2_PLACEMENT_3D ( 'NONE', #2590, #4027, #2639 ) ;
#7825 = ORIENTED_EDGE ( 'NONE', *, *, #2838, .T. ) ;
#7826 = CLOSED_SHELL ( 'NONE', ( #3128, #1853, #5405, #209, #5867, #361 ) ) ;
#7827 = LINE ( 'NONE', #2677, #5506 ) ;
#7828 = AXIS2_PLACEMENT_3D ( 'NONE', #5750, #1057, #940 ) ;
#7829 = VERTEX_POINT ( 'NONE', #233 ) ;
#7830 = VECTOR ( 'NONE', #2993, 1000.000000000000000 ) ;
#7831 = EDGE_LOOP ( 'NONE', ( #4876, #5727, #7475, #7986, #3540, #8279, #1752, #390 ) ) ;
#7832 = VERTEX_POINT ( 'NONE', #1588 ) ;
#7833 = VERTEX_POINT ( 'NONE', #4924 ) ;
#7834 = AXIS2_PLACEMENT_3D ( 'NONE', #2508, #3739, #5804 ) ;
#7835 = PLANE ( 'NONE',  #4742 ) ;
#7836 = CARTESIAN_POINT ( 'NONE',  ( 5.375000000000002700, 4.100000000000000500, 12.50000000000000200 ) ) ;
#7837 = EDGE_CURVE ( 'NONE', #2059, #7696, #6246, .T. ) ;
#7838 = CARTESIAN_POINT ( 'NONE',  ( -2.749999999999997300, 5.049999999999999800, 12.20000000000000300 ) ) ;
#7839 = LINE ( 'NONE', #1943, #8032 ) ;
#7840 = VECTOR ( 'NONE', #6919, 1000.000000000000000 ) ;
#7841 = ORIENTED_EDGE ( 'NONE', *, *, #8380, .T. ) ;
#7842 = ORIENTED_EDGE ( 'NONE', *, *, #2553, .T. ) ;
#7843 = VERTEX_POINT ( 'NONE', #6917 ) ;
#7844 = DIRECTION ( 'NONE',  ( 1.387778780781446500E-015, 0.0000000000000000000, 1.000000000000000000 ) ) ;
#7845 = AXIS2_PLACEMENT_3D ( 'NONE', #6098, #3269, #5287 ) ;
#7846 = LINE ( 'NONE', #14, #1344 ) ;
#7847 = FACE_OUTER_BOUND ( 'NONE', #3687, .T. ) ;
#7848 = ORIENTED_EDGE ( 'NONE', *, *, #5788, .T. ) ;
#7849 = ORIENTED_EDGE ( 'NONE', *, *, #1354, .T. ) ;
#7850 = CARTESIAN_POINT ( 'NONE',  ( -1.374999999999997800, 4.100000000000000500, 11.25000000000000400 ) ) ;
#7851 = LINE ( 'NONE', #5327, #711 ) ;
#7852 = LINE ( 'NONE', #2514, #6077 ) ;
#7853 = DIRECTION ( 'NONE',  ( 2.096342569156262000E-016, -0.0000000000000000000, 1.000000000000000000 ) ) ;
#7854 = EDGE_LOOP ( 'NONE', ( #3330, #3130, #4424, #32 ) ) ;
#7855 = ORIENTED_EDGE ( 'NONE', *, *, #6389, .T. ) ;
#7856 = AXIS2_PLACEMENT_3D ( 'NONE', #6008, #1293, #12 ) ;
#7857 = EDGE_CURVE ( 'NONE', #8334, #6145, #3632, .T. ) ;
#7858 = CARTESIAN_POINT ( 'NONE',  ( 0.6250000000000023300, 5.700000000000000200, 11.25000000000000400 ) ) ;
#7859 = LINE ( 'NONE', #7950, #7438 ) ;
#7860 = VECTOR ( 'NONE', #8421, 1000.000000000000000 ) ;
#7861 = DIRECTION ( 'NONE',  ( -0.0000000000000000000, 1.000000000000000000, -3.710638451287287400E-016 ) ) ;
#7862 = CARTESIAN_POINT ( 'NONE',  ( -34.90000000000000600, 5.700000000000002800, -0.2499999999999985000 ) ) ;
#7863 = VERTEX_POINT ( 'NONE', #6251 ) ;
#7864 = DIRECTION ( 'NONE',  ( 0.0000000000000000000, 0.0000000000000000000, -1.000000000000000000 ) ) ;
#7865 = EDGE_CURVE ( 'NONE', #2373, #4880, #5401, .T. ) ;
#7866 = FACE_OUTER_BOUND ( 'NONE', #5218, .T. ) ;
#7867 = ORIENTED_EDGE ( 'NONE', *, *, #153, .F. ) ;
#7868 = CARTESIAN_POINT ( 'NONE',  ( -34.40000000000000600, 5.700000000000002800, -0.2499999999999985000 ) ) ;
#7869 = DIRECTION ( 'NONE',  ( 1.000000000000000000, -0.0000000000000000000, -0.0000000000000000000 ) ) ;
#7870 = DIRECTION ( 'NONE',  ( 0.0000000000000000000, 0.0000000000000000000, -1.000000000000000000 ) ) ;
#7871 = PLANE ( 'NONE',  #4353 ) ;
#7872 = FACE_BOUND ( 'NONE', #5606, .T. ) ;
#7873 = LINE ( 'NONE', #5634, #1995 ) ;
#7874 = EDGE_CURVE ( 'NONE', #8650, #616, #4282, .T. ) ;
#7875 = VERTEX_POINT ( 'NONE', #3615 ) ;
#7876 = ORIENTED_EDGE ( 'NONE', *, *, #4054, .F. ) ;
#7877 = DIRECTION ( 'NONE',  ( 0.0000000000000000000, 0.0000000000000000000, -1.000000000000000000 ) ) ;
#7878 = PLANE ( 'NONE',  #1828 ) ;
#7879 = FACE_OUTER_BOUND ( 'NONE', #799, .T. ) ;
#7880 = DIRECTION ( 'NONE',  ( 0.0000000000000000000, 0.0000000000000000000, 1.000000000000000000 ) ) ;
#7881 = ORIENTED_EDGE ( 'NONE', *, *, #7222, .F. ) ;
#7882 = CARTESIAN_POINT ( 'NONE',  ( 3.375000000000001300, 5.700000000000000200, 11.25000000000000400 ) ) ;
#7883 =( NAMED_UNIT ( * ) SI_UNIT ( $, .STERADIAN. ) SOLID_ANGLE_UNIT ( ) );
#7884 = CARTESIAN_POINT ( 'NONE',  ( -0.7499999999999972200, 4.750000000000000900, 12.40000000000000400 ) ) ;
#7885 = CARTESIAN_POINT ( 'NONE',  ( 4.750000000000002700, 4.650000000000002100, 12.40000000000000400 ) ) ;
#7886 = FACE_OUTER_BOUND ( 'NONE', #2672, .T. ) ;
#7887 = ORIENTED_EDGE ( 'NONE', *, *, #4341, .F. ) ;
#7888 = DIRECTION ( 'NONE',  ( -0.0000000000000000000, -1.000000000000000000, -0.0000000000000000000 ) ) ;
#7889 = CARTESIAN_POINT ( 'NONE',  ( 30.24999999999998600, 2.500000000000000000, 16.54999999999998600 ) ) ;
#7890 = PLANE ( 'NONE',  #8441 ) ;
#7891 = VECTOR ( 'NONE', #6311, 1000.000000000000000 ) ;
#7892 = AXIS2_PLACEMENT_3D ( 'NONE', #8107, #7442, #1374 ) ;
#7893 = EDGE_LOOP ( 'NONE', ( #8530, #2262, #7936, #4777 ) ) ;
#7894 = EDGE_CURVE ( 'NONE', #5568, #6616, #8346, .T. ) ;
#7895 = CARTESIAN_POINT ( 'NONE',  ( 32.50000000000000700, 2.500000000000000000, 17.79999999999999000 ) ) ;
#7896 = FACE_OUTER_BOUND ( 'NONE', #290, .T. ) ;
#7897 = DIRECTION ( 'NONE',  ( 0.0000000000000000000, 0.0000000000000000000, 1.000000000000000000 ) ) ;
#7898 = LINE ( 'NONE', #5649, #1609 ) ;
#7899 = EDGE_LOOP ( 'NONE', ( #5208, #8600, #8116, #4140, #1550, #4337, #7364, #1178 ) ) ;
#7900 = CARTESIAN_POINT ( 'NONE',  ( -32.50000000000000000, 0.0000000000000000000, -18.80000000000000800 ) ) ;
#7901 = EDGE_CURVE ( 'NONE', #6356, #5020, #400, .T. ) ;
#7902 = VECTOR ( 'NONE', #3750, 1000.000000000000000 ) ;
#7903 = DIRECTION ( 'NONE',  ( 0.0000000000000000000, 0.0000000000000000000, 1.000000000000000000 ) ) ;
#7904 = VECTOR ( 'NONE', #7508, 1000.000000000000000 ) ;
#7905 = ORIENTED_EDGE ( 'NONE', *, *, #758, .T. ) ;
#7906 = ORIENTED_EDGE ( 'NONE', *, *, #7967, .T. ) ;
#7907 = DIRECTION ( 'NONE',  ( -0.0000000000000000000, 1.000000000000000000, -0.0000000000000000000 ) ) ;
#7908 = AXIS2_PLACEMENT_3D ( 'NONE', #7380, #6746, #3392 ) ;
#7909 = DIRECTION ( 'NONE',  ( 0.0000000000000000000, 0.0000000000000000000, -1.000000000000000000 ) ) ;
#7910 = ADVANCED_FACE ( 'NONE', ( #6644 ), #4864, .F. ) ;
#7911 = EDGE_CURVE ( 'NONE', #3875, #3090, #187, .T. ) ;
#7912 = FACE_OUTER_BOUND ( 'NONE', #6045, .T. ) ;
#7913 = ORIENTED_EDGE ( 'NONE', *, *, #3304, .F. ) ;
#7914 = LINE ( 'NONE', #7353, #7279 ) ;
#7915 = EDGE_LOOP ( 'NONE', ( #4581, #2433, #8319, #5778 ) ) ;
#7916 = ORIENTED_EDGE ( 'NONE', *, *, #2125, .T. ) ;
#7917 = ORIENTED_EDGE ( 'NONE', *, *, #6825, .F. ) ;
#7918 = EDGE_CURVE ( 'NONE', #3349, #8674, #5303, .T. ) ;
#7919 = DIRECTION ( 'NONE',  ( 1.000000000000000000, 0.0000000000000000000, 0.0000000000000000000 ) ) ;
#7920 = ORIENTED_EDGE ( 'NONE', *, *, #4381, .T. ) ;
#7921 = CARTESIAN_POINT ( 'NONE',  ( -34.90000000000000600, 5.700000000000000200, 12.50000000000000200 ) ) ;
#7922 = VECTOR ( 'NONE', #5252, 1000.000000000000000 ) ;
#7923 = LINE ( 'NONE', #4951, #7840 ) ;
#7924 = LINE ( 'NONE', #6673, #5949 ) ;
#7925 = ORIENTED_EDGE ( 'NONE', *, *, #6935, .F. ) ;
#7926 = ORIENTED_EDGE ( 'NONE', *, *, #6503, .T. ) ;
#7927 = VERTEX_POINT ( 'NONE', #1037 ) ;
#7928 = DIRECTION ( 'NONE',  ( 1.000000000000000000, -0.0000000000000000000, -0.0000000000000000000 ) ) ;
#7929 = DIRECTION ( 'NONE',  ( -2.990902544787598600E-016, -0.0000000000000000000, 1.000000000000000000 ) ) ;
#7930 = CARTESIAN_POINT ( 'NONE',  ( 4.625000000000002700, 5.700000000000000200, 12.20000000000000300 ) ) ;
#7931 = VERTEX_POINT ( 'NONE', #8365 ) ;
#7932 = DIRECTION ( 'NONE',  ( 0.0000000000000000000, 5.782411586589358800E-015, 1.000000000000000000 ) ) ;
#7933 = CARTESIAN_POINT ( 'NONE',  ( 4.750000000000002700, 4.650000000000002100, 12.40000000000000400 ) ) ;
#7934 = CIRCLE ( 'NONE', #3071, 2.250000000000016000 ) ;
#7935 = LINE ( 'NONE', #5415, #8570 ) ;
#7936 = ORIENTED_EDGE ( 'NONE', *, *, #1904, .F. ) ;
#7937 = LINE ( 'NONE', #4493, #411 ) ;
#7938 = ORIENTED_EDGE ( 'NONE', *, *, #1683, .T. ) ;
#7939 = DIRECTION ( 'NONE',  ( 0.0000000000000000000, -0.0000000000000000000, -1.000000000000000000 ) ) ;
#7940 = ORIENTED_EDGE ( 'NONE', *, *, #669, .F. ) ;
#7941 = VERTEX_POINT ( 'NONE', #7062 ) ;
#7942 = EDGE_CURVE ( 'NONE', #7261, #1089, #5101, .T. ) ;
#7943 = CARTESIAN_POINT ( 'NONE',  ( -5.249999999999997300, 4.750000000000000900, 12.20000000000000300 ) ) ;
#7944 = CARTESIAN_POINT ( 'NONE',  ( -38.85000000000000900, -17.31554944214035200, -8.250000000000000000 ) ) ;
#7945 = EDGE_CURVE ( 'NONE', #3024, #8196, #4070, .T. ) ;
#7946 = LINE ( 'NONE', #1239, #8481 ) ;
#7947 = VECTOR ( 'NONE', #3904, 1000.000000000000000 ) ;
#7948 = VERTEX_POINT ( 'NONE', #7669 ) ;
#7949 = ORIENTED_EDGE ( 'NONE', *, *, #2622, .T. ) ;
#7950 = CARTESIAN_POINT ( 'NONE',  ( -34.40000000000000600, 6.900000000000001200, -0.2499999999999989200 ) ) ;
#7951 = AXIS2_PLACEMENT_3D ( 'NONE', #621, #5288, #1292 ) ;
#7952 = DIRECTION ( 'NONE',  ( 0.0000000000000000000, 1.000000000000000000, 0.0000000000000000000 ) ) ;
#7953 = FACE_OUTER_BOUND ( 'NONE', #3217, .T. ) ;
#7954 = LINE ( 'NONE', #4499, #6478 ) ;
#7955 = EDGE_LOOP ( 'NONE', ( #3323, #6132, #5472, #7339 ) ) ;
#7956 = DIRECTION ( 'NONE',  ( 0.0000000000000000000, 1.000000000000000000, 0.0000000000000000000 ) ) ;
#7957 = CARTESIAN_POINT ( 'NONE',  ( 0.0000000000000000000, 0.9000000000000000200, 0.0000000000000000000 ) ) ;
#7958 = ORIENTED_EDGE ( 'NONE', *, *, #6086, .F. ) ;
#7959 =( GEOMETRIC_REPRESENTATION_CONTEXT ( 3 ) GLOBAL_UNCERTAINTY_ASSIGNED_CONTEXT ( ( #708 ) ) GLOBAL_UNIT_ASSIGNED_CONTEXT ( ( #7532, #6838, #3511 ) ) REPRESENTATION_CONTEXT ( 'NONE', 'WORKASPACE' ) );
#7960 = CARTESIAN_POINT ( 'NONE',  ( -34.90000000000000600, 5.700000000000000200, 12.50000000000000200 ) ) ;
#7961 = VECTOR ( 'NONE', #2234, 1000.000000000000000 ) ;
#7962 = MANIFOLD_SOLID_BREP ( 'Cut-Extrude8[2]', #3802 ) ;
#7963 = LINE ( 'NONE', #8656, #5768 ) ;
#7964 = EDGE_CURVE ( 'NONE', #6780, #1244, #8241, .T. ) ;
#7965 = DIRECTION ( 'NONE',  ( 0.0000000000000000000, 0.0000000000000000000, -1.000000000000000000 ) ) ;
#7966 = EDGE_CURVE ( 'NONE', #4567, #1714, #3522, .T. ) ;
#7967 = EDGE_CURVE ( 'NONE', #3156, #5029, #4273, .T. ) ;
#7968 = CARTESIAN_POINT ( 'NONE',  ( 32.50000000000000000, 2.500000000000000000, -16.54999999999999700 ) ) ;
#7969 = DIRECTION ( 'NONE',  ( 0.0000000000000000000, 4.336808689942017700E-016, 1.000000000000000000 ) ) ;
#7970 = VERTEX_POINT ( 'NONE', #3872 ) ;
#7971 = DIRECTION ( 'NONE',  ( 0.0000000000000000000, 0.0000000000000000000, 1.000000000000000000 ) ) ;
#7972 = DIRECTION ( 'NONE',  ( 0.0000000000000000000, 1.000000000000000000, -0.0000000000000000000 ) ) ;
#7973 = LINE ( 'NONE', #767, #6188 ) ;
#7974 = DIRECTION ( 'NONE',  ( -0.0000000000000000000, 1.000000000000000000, -0.0000000000000000000 ) ) ;
#7975 = VECTOR ( 'NONE', #6817, 1000.000000000000000 ) ;
#7976 = ORIENTED_EDGE ( 'NONE', *, *, #8595, .T. ) ;
#7977 = CARTESIAN_POINT ( 'NONE',  ( -38.85000000000000900, -17.31554944214035200, 1.750000000000000700 ) ) ;
#7978 = ORIENTED_EDGE ( 'NONE', *, *, #7874, .F. ) ;
#7979 = EDGE_CURVE ( 'NONE', #2901, #4176, #5096, .T. ) ;
#7980 = ORIENTED_EDGE ( 'NONE', *, *, #786, .T. ) ;
#7981 = CARTESIAN_POINT ( 'NONE',  ( -38.85000000000000900, 0.8999999999999980200, -6.750000000000000000 ) ) ;
#7982 = VECTOR ( 'NONE', #4797, 1000.000000000000000 ) ;
#7983 = DIRECTION ( 'NONE',  ( 0.0000000000000000000, 1.000000000000000000, -0.0000000000000000000 ) ) ;
#7984 = VERTEX_POINT ( 'NONE', #1161 ) ;
#7985 = LINE ( 'NONE', #650, #4856 ) ;
#7986 = ORIENTED_EDGE ( 'NONE', *, *, #6495, .T. ) ;
#7987 = DIRECTION ( 'NONE',  ( -0.0000000000000000000, 1.000000000000000000, -0.0000000000000000000 ) ) ;
#7988 = ADVANCED_FACE ( 'NONE', ( #4459 ), #8564, .F. ) ;
#7989 = DIRECTION ( 'NONE',  ( 1.000000000000000000, -0.0000000000000000000, -0.0000000000000000000 ) ) ;
#7990 = EDGE_CURVE ( 'NONE', #2198, #1127, #2244, .T. ) ;
#7991 = LINE ( 'NONE', #5555, #2418 ) ;
#7992 = EDGE_LOOP ( 'NONE', ( #2787, #3758, #7011, #2129 ) ) ;
#7993 = CARTESIAN_POINT ( 'NONE',  ( 4.000000000000000900, 5.700000000000000200, 7.050000000000002500 ) ) ;
#7994 = ORIENTED_EDGE ( 'NONE', *, *, #4379, .T. ) ;
#7995 = AXIS2_PLACEMENT_3D ( 'NONE', #4502, #7118, #3227 ) ;
#7996 = DIRECTION ( 'NONE',  ( 0.0000000000000000000, 0.0000000000000000000, -1.000000000000000000 ) ) ;
#7997 = FACE_OUTER_BOUND ( 'NONE', #773, .T. ) ;
#7998 = ORIENTED_EDGE ( 'NONE', *, *, #474, .T. ) ;
#7999 = DIRECTION ( 'NONE',  ( -1.000000000000000000, 0.0000000000000000000, 0.0000000000000000000 ) ) ;
#8000 = CARTESIAN_POINT ( 'NONE',  ( -38.85000000000000900, -17.31554944214035200, -6.750000000000000000 ) ) ;
#8001 = ADVANCED_FACE ( 'NONE', ( #8019 ), #531, .F. ) ;
#8002 = LINE ( 'NONE', #146, #8527 ) ;
#8003 = ORIENTED_EDGE ( 'NONE', *, *, #1376, .F. ) ;
#8004 = ORIENTED_EDGE ( 'NONE', *, *, #7724, .F. ) ;
#8005 = EDGE_LOOP ( 'NONE', ( #3854, #6307, #499, #7661 ) ) ;
#8006 = DIRECTION ( 'NONE',  ( 1.000000000000000000, -0.0000000000000000000, -0.0000000000000000000 ) ) ;
#8007 = DIRECTION ( 'NONE',  ( 0.0000000000000000000, -0.0000000000000000000, 1.000000000000000000 ) ) ;
#8008 = AXIS2_PLACEMENT_3D ( 'NONE', #5656, #7683, #986 ) ;
#8009 = FACE_OUTER_BOUND ( 'NONE', #2772, .T. ) ;
#8010 = DIRECTION ( 'NONE',  ( 0.0000000000000000000, 0.0000000000000000000, 1.000000000000000000 ) ) ;
#8011 = EDGE_CURVE ( 'NONE', #4237, #7832, #5820, .T. ) ;
#8012 = DIRECTION ( 'NONE',  ( 0.0000000000000000000, -0.0000000000000000000, 1.000000000000000000 ) ) ;
#8013 = VECTOR ( 'NONE', #4577, 1000.000000000000000 ) ;
#8014 = ORIENTED_EDGE ( 'NONE', *, *, #6486, .F. ) ;
#8015 = PLANE ( 'NONE',  #3800 ) ;
#8016 = PLANE ( 'NONE',  #5696 ) ;
#8017 = VECTOR ( 'NONE', #4439, 1000.000000000000000 ) ;
#8018 = DIRECTION ( 'NONE',  ( 1.000000000000000000, -0.0000000000000000000, -0.0000000000000000000 ) ) ;
#8019 = FACE_OUTER_BOUND ( 'NONE', #828, .T. ) ;
#8020 = EDGE_LOOP ( 'NONE', ( #2471, #6737, #4981, #7511 ) ) ;
#8021 = VERTEX_POINT ( 'NONE', #5881 ) ;
#8022 = CARTESIAN_POINT ( 'NONE',  ( -3.249999999999997800, 4.650000000000002100, 12.50000000000000200 ) ) ;
#8023 = EDGE_CURVE ( 'NONE', #8170, #3004, #3957, .T. ) ;
#8024 = LINE ( 'NONE', #5941, #6244 ) ;
#8025 = ORIENTED_EDGE ( 'NONE', *, *, #134, .F. ) ;
#8026 = EDGE_CURVE ( 'NONE', #2898, #8464, #389, .T. ) ;
#8027 = AXIS2_PLACEMENT_3D ( 'NONE', #5572, #1466, #1579 ) ;
#8028 = PLANE ( 'NONE',  #260 ) ;
#8029 = VECTOR ( 'NONE', #7523, 1000.000000000000000 ) ;
#8030 = VERTEX_POINT ( 'NONE', #1185 ) ;
#8031 = EDGE_LOOP ( 'NONE', ( #7384, #805, #3988, #4471, #7998 ) ) ;
#8032 = VECTOR ( 'NONE', #680, 1000.000000000000000 ) ;
#8033 = ADVANCED_FACE ( 'NONE', ( #4788 ), #5724, .F. ) ;
#8034 = LINE ( 'NONE', #529, #6256 ) ;
#8035 = EDGE_CURVE ( 'NONE', #2435, #5794, #3306, .T. ) ;
#8036 = VERTEX_POINT ( 'NONE', #5906 ) ;
#8037 = CYLINDRICAL_SURFACE ( 'NONE', #6034, 0.09999999999999939500 ) ;
#8038 = EDGE_LOOP ( 'NONE', ( #3874, #8361, #4798, #5978 ) ) ;
#8039 = ORIENTED_EDGE ( 'NONE', *, *, #4838, .T. ) ;
#8040 = ORIENTED_EDGE ( 'NONE', *, *, #1889, .T. ) ;
#8041 = CARTESIAN_POINT ( 'NONE',  ( -34.80000000000000400, 5.700000000000002800, -0.2499999999999985000 ) ) ;
#8042 = DIRECTION ( 'NONE',  ( 0.0000000000000000000, 1.000000000000000000, -0.0000000000000000000 ) ) ;
#8043 = DIRECTION ( 'NONE',  ( 0.0000000000000000000, 0.0000000000000000000, 1.000000000000000000 ) ) ;
#8044 = LINE ( 'NONE', #150, #3438 ) ;
#8045 = LINE ( 'NONE', #1922, #3328 ) ;
#8046 = ORIENTED_EDGE ( 'NONE', *, *, #6965, .F. ) ;
#8047 = EDGE_LOOP ( 'NONE', ( #3023, #1832, #3840, #4088 ) ) ;
#8048 = ADVANCED_FACE ( 'NONE', ( #2452 ), #3817, .F. ) ;
#8049 = PLANE ( 'NONE',  #926 ) ;
#8050 = CARTESIAN_POINT ( 'NONE',  ( -34.90000000000000600, 4.350000000000000500, 0.0000000000000000000 ) ) ;
#8051 = PLANE ( 'NONE',  #1267 ) ;
#8052 = CARTESIAN_POINT ( 'NONE',  ( 7.250000000000002700, 4.650000000000002100, 12.79999999999999900 ) ) ;
#8053 = VECTOR ( 'NONE', #3243, 1000.000000000000000 ) ;
#8054 = VECTOR ( 'NONE', #8448, 1000.000000000000000 ) ;
#8055 = EDGE_LOOP ( 'NONE', ( #1928, #6364, #6844, #698 ) ) ;
#8056 = ORIENTED_EDGE ( 'NONE', *, *, #8026, .F. ) ;
#8057 = CARTESIAN_POINT ( 'NONE',  ( 32.50000000000000000, 2.500000000000000000, -16.54999999999999700 ) ) ;
#8058 = AXIS2_PLACEMENT_3D ( 'NONE', #2212, #5710, #5679 ) ;
#8059 = CARTESIAN_POINT ( 'NONE',  ( -34.90000000000000600, 5.700000000000000200, -12.50000000000000400 ) ) ;
#8060 = ORIENTED_EDGE ( 'NONE', *, *, #6640, .T. ) ;
#8061 = CARTESIAN_POINT ( 'NONE',  ( -30.72500000000000500, 7.000000000000000000, 2.549999999999996700 ) ) ;
#8062 = EDGE_CURVE ( 'NONE', #3695, #7753, #7914, .T. ) ;
#8063 = LINE ( 'NONE', #8378, #6906 ) ;
#8064 = VECTOR ( 'NONE', #5067, 1000.000000000000000 ) ;
#8065 = ORIENTED_EDGE ( 'NONE', *, *, #7244, .F. ) ;
#8066 = EDGE_CURVE ( 'NONE', #110, #1605, #1518, .T. ) ;
#8067 = ORIENTED_EDGE ( 'NONE', *, *, #2806, .F. ) ;
#8068 = DIRECTION ( 'NONE',  ( -0.0000000000000000000, 5.782411586589358800E-015, 1.000000000000000000 ) ) ;
#8069 = CARTESIAN_POINT ( 'NONE',  ( 32.50000000000000700, 0.0000000000000000000, 17.79999999999999000 ) ) ;
#8071 = ADVANCED_FACE ( 'NONE', ( #1936 ), #6599, .F. ) ;
#8070 = FACE_OUTER_BOUND ( 'NONE', #4708, .T. ) ;
#8072 = DIRECTION ( 'NONE',  ( 0.5773502691896323900, 0.5773502691896123000, 0.5773502691896323900 ) ) ;
#8073 = ORIENTED_EDGE ( 'NONE', *, *, #2711, .T. ) ;
#8074 = CARTESIAN_POINT ( 'NONE',  ( -3.374999999999997800, 5.700000000000000200, 11.25000000000000400 ) ) ;
#8075 = EDGE_CURVE ( 'NONE', #4344, #2494, #2986, .T. ) ;
#8076 = DIRECTION ( 'NONE',  ( -0.0000000000000000000, 5.782411586589358800E-015, 1.000000000000000000 ) ) ;
#8077 = CARTESIAN_POINT ( 'NONE',  ( 6.750000000000002700, 4.750000000000000900, 12.20000000000000300 ) ) ;
#8078 = DIRECTION ( 'NONE',  ( 0.0000000000000000000, 0.0000000000000000000, 1.000000000000000000 ) ) ;
#8079 = LINE ( 'NONE', #3908, #5247 ) ;
#8080 = DIRECTION ( 'NONE',  ( -1.000000000000000000, 0.0000000000000000000, -0.0000000000000000000 ) ) ;
#8081 = LINE ( 'NONE', #7284, #4528 ) ;
#8082 = ADVANCED_FACE ( 'NONE', ( #7076 ), #8028, .F. ) ;
#8083 = PLANE ( 'NONE',  #879 ) ;
#8084 = ORIENTED_EDGE ( 'NONE', *, *, #5219, .F. ) ;
#8085 = ORIENTED_EDGE ( 'NONE', *, *, #4994, .F. ) ;
#8086 = CARTESIAN_POINT ( 'NONE',  ( -30.72500000000000100, 7.000000000000000000, -9.050000000000002500 ) ) ;
#8087 = EDGE_CURVE ( 'NONE', #3959, #782, #5293, .T. ) ;
#8088 = CARTESIAN_POINT ( 'NONE',  ( -2.624999999999997300, 4.100000000000000500, 12.50000000000000200 ) ) ;
#8089 = LINE ( 'NONE', #118, #1890 ) ;
#8090 = EDGE_CURVE ( 'NONE', #6627, #3950, #1110, .T. ) ;
#8091 = ADVANCED_FACE ( 'NONE', ( #6428 ), #1965, .F. ) ;
#8092 = EDGE_LOOP ( 'NONE', ( #7029, #7797, #4473, #189, #7189, #3263, #4076, #434 ) ) ;
#8093 = CARTESIAN_POINT ( 'NONE',  ( -5.249999999999997300, 4.650000000000002100, 12.40000000000000400 ) ) ;
#8094 = VERTEX_POINT ( 'NONE', #3254 ) ;
#8095 = CARTESIAN_POINT ( 'NONE',  ( -30.72500000000000500, 7.000000000000000000, 2.549999999999996700 ) ) ;
#8096 = LINE ( 'NONE', #4147, #8424 ) ;
#8097 = DIRECTION ( 'NONE',  ( -0.0000000000000000000, -0.0000000000000000000, -1.000000000000000000 ) ) ;
#8098 = FILL_AREA_STYLE_COLOUR ( '', #1981 ) ;
#8099 = ADVANCED_FACE ( 'NONE', ( #8444 ), #4699, .T. ) ;
#8100 = PLANE ( 'NONE',  #1868 ) ;
#8101 = AXIS2_PLACEMENT_3D ( 'NONE', #714, #56, #1417 ) ;
#8102 = CYLINDRICAL_SURFACE ( 'NONE', #1382, 1.750000000000000700 ) ;
#8103 = ORIENTED_EDGE ( 'NONE', *, *, #1767, .T. ) ;
#8104 = AXIS2_PLACEMENT_3D ( 'NONE', #2382, #5280, #5913 ) ;
#8105 = CARTESIAN_POINT ( 'NONE',  ( -32.49999999999999300, 0.0000000000000000000, 16.55000000000000400 ) ) ;
#8106 = DIRECTION ( 'NONE',  ( 0.0000000000000000000, 0.0000000000000000000, 1.000000000000000000 ) ) ;
#8107 = CARTESIAN_POINT ( 'NONE',  ( 5.375000000000000900, 5.400000000000000400, 11.25000000000000400 ) ) ;
#8108 = ORIENTED_EDGE ( 'NONE', *, *, #5680, .F. ) ;
#8109 = CARTESIAN_POINT ( 'NONE',  ( 2.750000000000002700, 5.049999999999998000, 12.40000000000000400 ) ) ;
#8110 = EDGE_CURVE ( 'NONE', #4391, #5794, #6860, .T. ) ;
#8111 = FILL_AREA_STYLE_COLOUR ( '', #6877 ) ;
#8112 = EDGE_CURVE ( 'NONE', #7591, #2479, #4892, .T. ) ;
#8113 = CARTESIAN_POINT ( 'NONE',  ( -5.249999999999997300, 5.049999999999999800, 12.20000000000000300 ) ) ;
#8114 = LINE ( 'NONE', #7335, #4154 ) ;
#8115 = ADVANCED_FACE ( 'NONE', ( #6137 ), #3280, .F. ) ;
#8116 = ORIENTED_EDGE ( 'NONE', *, *, #3582, .F. ) ;
#8117 = DIRECTION ( 'NONE',  ( -1.000000000000000000, -0.0000000000000000000, -0.0000000000000000000 ) ) ;
#8118 = DIRECTION ( 'NONE',  ( 0.0000000000000000000, 0.0000000000000000000, 1.000000000000000000 ) ) ;
#8119 = CARTESIAN_POINT ( 'NONE',  ( -3.999999999999999100, 5.400000000000000400, 7.050000000000003400 ) ) ;
#8120 = VECTOR ( 'NONE', #5025, 1000.000000000000000 ) ;
#8121 = LINE ( 'NONE', #5054, #6329 ) ;
#8122 = VERTEX_POINT ( 'NONE', #7386 ) ;
#8123 = VERTEX_POINT ( 'NONE', #8184 ) ;
#8124 = ORIENTED_EDGE ( 'NONE', *, *, #6267, .T. ) ;
#8125 = ORIENTED_EDGE ( 'NONE', *, *, #8075, .T. ) ;
#8126 = EDGE_CURVE ( 'NONE', #510, #7067, #1721, .T. ) ;
#8127 = DIRECTION ( 'NONE',  ( 0.0000000000000000000, 8.673617379884013400E-015, -1.000000000000000000 ) ) ;
#8128 = AXIS2_PLACEMENT_3D ( 'NONE', #6652, #8018, #4031 ) ;
#8129 = CARTESIAN_POINT ( 'NONE',  ( -28.97500000000000100, 7.299999999999999800, 4.299999999999996300 ) ) ;
#8130 = DIRECTION ( 'NONE',  ( -0.0000000000000000000, -1.000000000000000000, -0.0000000000000000000 ) ) ;
#8131 = EDGE_CURVE ( 'NONE', #2833, #1355, #4059, .T. ) ;
#8132 = CARTESIAN_POINT ( 'NONE',  ( -39.90000000000000600, 4.100000000000000500, -10.68014882866898500 ) ) ;
#8133 = VECTOR ( 'NONE', #5582, 1000.000000000000000 ) ;
#8134 = EDGE_LOOP ( 'NONE', ( #6969, #5163, #8582, #3418 ) ) ;
#8135 = ORIENTED_EDGE ( 'NONE', *, *, #2631, .F. ) ;
#8136 = ORIENTED_EDGE ( 'NONE', *, *, #1816, .T. ) ;
#8137 = ORIENTED_EDGE ( 'NONE', *, *, #354, .T. ) ;
#8138 = ORIENTED_EDGE ( 'NONE', *, *, #2517, .F. ) ;
#8139 = ADVANCED_FACE ( 'NONE', ( #6532 ), #6159, .F. ) ;
#8140 = DIRECTION ( 'NONE',  ( -0.0000000000000000000, 1.000000000000000000, -0.0000000000000000000 ) ) ;
#8141 = DIRECTION ( 'NONE',  ( -1.000000000000000000, 0.0000000000000000000, -0.0000000000000000000 ) ) ;
#8142 = CYLINDRICAL_SURFACE ( 'NONE', #7572, 1.750000000000000700 ) ;
#8143 = CARTESIAN_POINT ( 'NONE',  ( 0.7500000000000024400, 4.650000000000002100, 12.79999999999999900 ) ) ;
#8144 = LINE ( 'NONE', #2728, #6348 ) ;
#8145 = ORIENTED_EDGE ( 'NONE', *, *, #1114, .F. ) ;
#8146 = ORIENTED_EDGE ( 'NONE', *, *, #269, .F. ) ;
#8147 = PLANE ( 'NONE',  #5461 ) ;
#8148 = LINE ( 'NONE', #1012, #6152 ) ;
#8149 = ORIENTED_EDGE ( 'NONE', *, *, #2834, .T. ) ;
#8150 = CARTESIAN_POINT ( 'NONE',  ( -7.249999999999997300, -4.699999999999999300, 12.50000000000000200 ) ) ;
#8151 = ORIENTED_EDGE ( 'NONE', *, *, #303, .F. ) ;
#8152 = ORIENTED_EDGE ( 'NONE', *, *, #985, .T. ) ;
#8153 = EDGE_CURVE ( 'NONE', #2102, #1763, #4174, .T. ) ;
#8154 = CARTESIAN_POINT ( 'NONE',  ( 2.750000000000002700, -4.699999999999999300, 12.50000000000000200 ) ) ;
#8155 = ADVANCED_FACE ( 'NONE', ( #3098 ), #3437, .F. ) ;
#8156 = AXIS2_PLACEMENT_3D ( 'NONE', #4816, #826, #2769 ) ;
#8157 = LINE ( 'NONE', #2939, #6359 ) ;
#8158 = FACE_OUTER_BOUND ( 'NONE', #74, .T. ) ;
#8159 = ORIENTED_EDGE ( 'NONE', *, *, #5446, .F. ) ;
#8160 = DIRECTION ( 'NONE',  ( 0.0000000000000000000, 0.0000000000000000000, 1.000000000000000000 ) ) ;
#8161 = CIRCLE ( 'NONE', #2532, 2.250000000000008900 ) ;
#8162 = VERTEX_POINT ( 'NONE', #2076 ) ;
#8163 = ORIENTED_EDGE ( 'NONE', *, *, #1216, .T. ) ;
#8164 = ORIENTED_EDGE ( 'NONE', *, *, #7573, .T. ) ;
#8165 = EDGE_CURVE ( 'NONE', #2427, #616, #175, .T. ) ;
#8166 = DIRECTION ( 'NONE',  ( 1.000000000000000000, -0.0000000000000000000, -0.0000000000000000000 ) ) ;
#8167 = VECTOR ( 'NONE', #3109, 1000.000000000000000 ) ;
#8168 = VECTOR ( 'NONE', #1379, 1000.000000000000000 ) ;
#8169 = ORIENTED_EDGE ( 'NONE', *, *, #3436, .F. ) ;
#8170 = VERTEX_POINT ( 'NONE', #7450 ) ;
#8171 = DIRECTION ( 'NONE',  ( 1.000000000000000000, 0.0000000000000000000, 0.0000000000000000000 ) ) ;
#8172 = AXIS2_PLACEMENT_3D ( 'NONE', #2412, #428, #3180 ) ;
#8173 = DIRECTION ( 'NONE',  ( 0.0000000000000000000, 0.0000000000000000000, -1.000000000000000000 ) ) ;
#8174 = FILL_AREA_STYLE ('',( #33 ) ) ;
#8175 = FACE_OUTER_BOUND ( 'NONE', #6187, .T. ) ;
#8176 = VECTOR ( 'NONE', #7134, 1000.000000000000000 ) ;
#8177 = ORIENTED_EDGE ( 'NONE', *, *, #4838, .F. ) ;
#8178 = CARTESIAN_POINT ( 'NONE',  ( -30.72500000000000100, 7.299999999999999800, -9.050000000000002500 ) ) ;
#8179 = DIRECTION ( 'NONE',  ( 1.000000000000000000, -0.0000000000000000000, -0.0000000000000000000 ) ) ;
#8180 = ORIENTED_EDGE ( 'NONE', *, *, #4341, .T. ) ;
#8181 = CARTESIAN_POINT ( 'NONE',  ( -34.80000000000000400, 6.900000000000001200, -0.2499999999999989200 ) ) ;
#8182 = DIRECTION ( 'NONE',  ( 1.000000000000000000, 0.0000000000000000000, 0.0000000000000000000 ) ) ;
#8183 = VECTOR ( 'NONE', #7315, 1000.000000000000000 ) ;
#8184 = CARTESIAN_POINT ( 'NONE',  ( 6.750000000000002700, -4.699999999999997500, 12.80000000000000200 ) ) ;
#8185 = VERTEX_POINT ( 'NONE', #6751 ) ;
#8186 = AXIS2_PLACEMENT_3D ( 'NONE', #4535, #7306, #638 ) ;
#8187 = SURFACE_STYLE_FILL_AREA ( #8225 ) ;
#8188 = EDGE_CURVE ( 'NONE', #5331, #4789, #5391, .T. ) ;
#8189 = EDGE_CURVE ( 'NONE', #2218, #4016, #2135, .T. ) ;
#8190 = LINE ( 'NONE', #6690, #1068 ) ;
#8191 = DIRECTION ( 'NONE',  ( 0.0000000000000000000, 0.0000000000000000000, 1.000000000000000000 ) ) ;
#8192 = DIRECTION ( 'NONE',  ( -1.387778780781446500E-015, -0.0000000000000000000, -1.000000000000000000 ) ) ;
#8193 = ADVANCED_FACE ( 'NONE', ( #7719 ), #6082, .T. ) ;
#8194 = CARTESIAN_POINT ( 'NONE',  ( -34.40000000000000600, 4.499999999999999100, -6.249999999999997300 ) ) ;
#8195 = LINE ( 'NONE', #4985, #3813 ) ;
#8196 = VERTEX_POINT ( 'NONE', #194 ) ;
#8197 = LINE ( 'NONE', #8663, #6595 ) ;
#8198 = DIRECTION ( 'NONE',  ( 1.000000000000000000, -0.0000000000000000000, 0.0000000000000000000 ) ) ;
#8199 =( LENGTH_UNIT ( ) NAMED_UNIT ( * ) SI_UNIT ( .MILLI., .METRE. ) );
#8200 = EDGE_CURVE ( 'NONE', #6055, #1089, #7066, .T. ) ;
#8201 = DIRECTION ( 'NONE',  ( 1.000000000000000000, -0.0000000000000000000, -0.0000000000000000000 ) ) ;
#8202 = DIRECTION ( 'NONE',  ( 0.0000000000000000000, 8.673617379884013400E-015, -1.000000000000000000 ) ) ;
#8203 = DIRECTION ( 'NONE',  ( -1.000000000000000000, 0.0000000000000000000, 0.0000000000000000000 ) ) ;
#8204 = PLANE ( 'NONE',  #910 ) ;
#8205 = CARTESIAN_POINT ( 'NONE',  ( -1.249999999999997600, -4.699999999999997500, 12.80000000000000200 ) ) ;
#8206 = EDGE_CURVE ( 'NONE', #6353, #5216, #6851, .T. ) ;
#8207 = STYLED_ITEM ( 'NONE', ( #6111 ), #3953 ) ;
#8208 = VECTOR ( 'NONE', #839, 1000.000000000000000 ) ;
#8209 = CARTESIAN_POINT ( 'NONE',  ( -32.49999999999999300, 0.0000000000000000000, 16.55000000000000400 ) ) ;
#8210 = DIRECTION ( 'NONE',  ( -2.990902544787598600E-016, 0.0000000000000000000, 1.000000000000000000 ) ) ;
#8211 = CARTESIAN_POINT ( 'NONE',  ( 2.000000000000000000, 4.100000000000000500, 11.25000000000000400 ) ) ;
#8212 = CARTESIAN_POINT ( 'NONE',  ( 4.625000000000002700, 5.400000000000000400, 12.50000000000000200 ) ) ;
#8213 = EDGE_CURVE ( 'NONE', #6204, #7512, #4164, .T. ) ;
#8214 = SURFACE_STYLE_FILL_AREA ( #8655 ) ;
#8215 = ORIENTED_EDGE ( 'NONE', *, *, #5162, .T. ) ;
#8216 = EDGE_LOOP ( 'NONE', ( #7405, #4470, #5137, #8060 ) ) ;
#8217 = AXIS2_PLACEMENT_3D ( 'NONE', #2332, #7010, #8287 ) ;
#8218 = ADVANCED_FACE ( 'NONE', ( #988 ), #4355, .F. ) ;
#8219 = CARTESIAN_POINT ( 'NONE',  ( -34.40000000000000600, 5.700000000000000200, 11.25000000000000400 ) ) ;
#8220 = CARTESIAN_POINT ( 'NONE',  ( -1.249999999999997600, 4.650000000000002100, 12.79999999999999900 ) ) ;
#8221 = DIRECTION ( 'NONE',  ( 0.0000000000000000000, 1.000000000000000000, 0.0000000000000000000 ) ) ;
#8222 = LINE ( 'NONE', #3630, #1081 ) ;
#8223 = ORIENTED_EDGE ( 'NONE', *, *, #6552, .F. ) ;
#8224 = DIRECTION ( 'NONE',  ( 1.000000000000000000, 0.0000000000000000000, 0.0000000000000000000 ) ) ;
#8225 = FILL_AREA_STYLE ('',( #3541 ) ) ;
#8226 = CARTESIAN_POINT ( 'NONE',  ( -34.40000000000000600, 6.899999999999998600, -6.249999999999999100 ) ) ;
#8227 = DIRECTION ( 'NONE',  ( 1.000000000000000000, -0.0000000000000000000, -0.0000000000000000000 ) ) ;
#8228 = AXIS2_PLACEMENT_3D ( 'NONE', #4757, #6723, #2719 ) ;
#8229 = VECTOR ( 'NONE', #532, 1000.000000000000000 ) ;
#8230 = VECTOR ( 'NONE', #3589, 1000.000000000000000 ) ;
#8231 = ORIENTED_EDGE ( 'NONE', *, *, #1663, .F. ) ;
#8232 = DIRECTION ( 'NONE',  ( -2.096342569156263500E-016, 0.0000000000000000000, -1.000000000000000000 ) ) ;
#8233 = CARTESIAN_POINT ( 'NONE',  ( 6.000000000000000000, 4.100000000000000500, 0.0000000000000000000 ) ) ;
#8234 = EDGE_CURVE ( 'NONE', #5442, #4016, #382, .T. ) ;
#8235 = MANIFOLD_SOLID_BREP ( 'Boss-Extrude6', #4328 ) ;
#8236 = CARTESIAN_POINT ( 'NONE',  ( -34.90000000000000600, 7.299999999999999800, 12.50000000000000200 ) ) ;
#8237 = ADVANCED_FACE ( 'NONE', ( #6626 ), #1409, .T. ) ;
#8238 = AXIS2_PLACEMENT_3D ( 'NONE', #8553, #2560, #551 ) ;
#8239 = CIRCLE ( 'NONE', #2554, 2.250000000000016000 ) ;
#8240 = EDGE_CURVE ( 'NONE', #7555, #388, #2549, .T. ) ;
#8241 = LINE ( 'NONE', #3031, #994 ) ;
#8242 = VERTEX_POINT ( 'NONE', #4272 ) ;
#8243 = ORIENTED_EDGE ( 'NONE', *, *, #6763, .F. ) ;
#8244 = ORIENTED_EDGE ( 'NONE', *, *, #8371, .F. ) ;
#8245 = PLANE ( 'NONE',  #8519 ) ;
#8246 = ORIENTED_EDGE ( 'NONE', *, *, #7911, .F. ) ;
#8247 = VECTOR ( 'NONE', #3037, 1000.000000000000000 ) ;
#8248 = DIRECTION ( 'NONE',  ( -0.0000000000000000000, 5.782411586589358800E-015, 1.000000000000000000 ) ) ;
#8249 = EDGE_LOOP ( 'NONE', ( #7905, #4983, #4481, #996 ) ) ;
#8250 = DIRECTION ( 'NONE',  ( -0.0000000000000000000, -0.0000000000000000000, -1.000000000000000000 ) ) ;
#8251 = VECTOR ( 'NONE', #2702, 1000.000000000000000 ) ;
#8252 = ORIENTED_EDGE ( 'NONE', *, *, #5795, .T. ) ;
#8253 = ORIENTED_EDGE ( 'NONE', *, *, #4633, .T. ) ;
#8254 = DIRECTION ( 'NONE',  ( 0.0000000000000000000, 8.673617379884013400E-015, -1.000000000000000000 ) ) ;
#8255 = DIRECTION ( 'NONE',  ( 0.0000000000000000000, 0.0000000000000000000, 1.000000000000000000 ) ) ;
#8256 = ORIENTED_EDGE ( 'NONE', *, *, #3608, .T. ) ;
#8257 = EDGE_CURVE ( 'NONE', #2217, #5331, #3513, .T. ) ;
#8258 = DIRECTION ( 'NONE',  ( 0.0000000000000000000, 0.0000000000000000000, -1.000000000000000000 ) ) ;
#8259 = LINE ( 'NONE', #8323, #2161 ) ;
#8260 = LINE ( 'NONE', #6026, #3869 ) ;
#8261 = VERTEX_POINT ( 'NONE', #7130 ) ;
#8262 = ORIENTED_EDGE ( 'NONE', *, *, #8551, .T. ) ;
#8263 = FACE_OUTER_BOUND ( 'NONE', #8660, .T. ) ;
#8264 = ORIENTED_EDGE ( 'NONE', *, *, #3723, .T. ) ;
#8265 = ORIENTED_EDGE ( 'NONE', *, *, #5436, .T. ) ;
#8266 = VERTEX_POINT ( 'NONE', #3103 ) ;
#8267 = CARTESIAN_POINT ( 'NONE',  ( 0.7500000000000024400, 5.049999999999998000, 12.40000000000000400 ) ) ;
#8268 = DIRECTION ( 'NONE',  ( 1.000000000000000000, 0.0000000000000000000, -2.096342569156263300E-016 ) ) ;
#8269 = DIRECTION ( 'NONE',  ( 0.0000000000000000000, -3.710638451287287400E-016, -1.000000000000000000 ) ) ;
#8270 = LINE ( 'NONE', #5801, #6165 ) ;
#8271 = EDGE_CURVE ( 'NONE', #5347, #6, #8121, .T. ) ;
#8272 = EDGE_LOOP ( 'NONE', ( #2336, #6594, #7680, #1635 ) ) ;
#8273 = ORIENTED_EDGE ( 'NONE', *, *, #2074, .F. ) ;
#8274 = DIRECTION ( 'NONE',  ( -0.0000000000000000000, -1.000000000000000000, -0.0000000000000000000 ) ) ;
#8275 = AXIS2_PLACEMENT_3D ( 'NONE', #3433, #5570, #2808 ) ;
#8276 = DIRECTION ( 'NONE',  ( 0.0000000000000000000, 0.0000000000000000000, 1.000000000000000000 ) ) ;
#8277 = LINE ( 'NONE', #5596, #931 ) ;
#8278 = LINE ( 'NONE', #7889, #4098 ) ;
#8279 = ORIENTED_EDGE ( 'NONE', *, *, #8257, .F. ) ;
#8280 = ORIENTED_EDGE ( 'NONE', *, *, #2169, .T. ) ;
#8281 = VERTEX_POINT ( 'NONE', #3074 ) ;
#8282 = AXIS2_PLACEMENT_3D ( 'NONE', #479, #2464, #3850 ) ;
#8283 = ORIENTED_EDGE ( 'NONE', *, *, #2553, .F. ) ;
#8284 = CARTESIAN_POINT ( 'NONE',  ( -3.249999999999997800, 5.049999999999998000, 12.40000000000000400 ) ) ;
#8285 = LINE ( 'NONE', #5342, #6477 ) ;
#8286 = LINE ( 'NONE', #1070, #6174 ) ;
#8287 = DIRECTION ( 'NONE',  ( 0.0000000000000000000, 0.0000000000000000000, -1.000000000000000000 ) ) ;
#8288 = MECHANICAL_DESIGN_GEOMETRIC_PRESENTATION_REPRESENTATION (  '', ( #3169 ), #1640 ) ;
#8289 = EDGE_CURVE ( 'NONE', #8261, #388, #3731, .T. ) ;
#8290 = ORIENTED_EDGE ( 'NONE', *, *, #813, .T. ) ;
#8291 = DIRECTION ( 'NONE',  ( 0.0000000000000000000, 8.673617379884013400E-015, -1.000000000000000000 ) ) ;
#8292 = DIRECTION ( 'NONE',  ( 1.387778780781446500E-015, 0.0000000000000000000, 1.000000000000000000 ) ) ;
#8293 = PLANE ( 'NONE',  #4524 ) ;
#8294 = DIRECTION ( 'NONE',  ( 0.0000000000000000000, 1.000000000000000000, 0.0000000000000000000 ) ) ;
#8295 = LINE ( 'NONE', #2630, #4617 ) ;
#8296 = CARTESIAN_POINT ( 'NONE',  ( -28.97500000000000100, 7.000000000000000000, -10.80000000000000200 ) ) ;
#8297 = ORIENTED_EDGE ( 'NONE', *, *, #447, .F. ) ;
#8298 = LINE ( 'NONE', #4179, #2507 ) ;
#8299 = LINE ( 'NONE', #7229, #2299 ) ;
#8300 = ORIENTED_EDGE ( 'NONE', *, *, #3335, .F. ) ;
#8301 = ORIENTED_EDGE ( 'NONE', *, *, #5857, .T. ) ;
#8302 = AXIS2_PLACEMENT_3D ( 'NONE', #4463, #3029, #4432 ) ;
#8303 = EDGE_CURVE ( 'NONE', #2449, #1920, #1713, .T. ) ;
#8304 = FACE_OUTER_BOUND ( 'NONE', #6043, .T. ) ;
#8305 = CARTESIAN_POINT ( 'NONE',  ( -5.249999999999997300, -4.699999999999999300, 12.50000000000000200 ) ) ;
#8306 = DIRECTION ( 'NONE',  ( -0.0000000000000000000, -1.000000000000000000, -0.0000000000000000000 ) ) ;
#8307 = CARTESIAN_POINT ( 'NONE',  ( -6.749999999999997300, -4.699999999999999300, 12.50000000000000200 ) ) ;
#8308 = VECTOR ( 'NONE', #5251, 1000.000000000000000 ) ;
#8309 = EDGE_CURVE ( 'NONE', #8461, #5520, #1925, .T. ) ;
#8310 = DIRECTION ( 'NONE',  ( -3.750753461571473500E-016, 0.0000000000000000000, 1.000000000000000000 ) ) ;
#8311 = DIRECTION ( 'NONE',  ( 0.0000000000000000000, 0.0000000000000000000, 1.000000000000000000 ) ) ;
#8312 = ORIENTED_EDGE ( 'NONE', *, *, #4401, .T. ) ;
#8313 = CARTESIAN_POINT ( 'NONE',  ( -5.249999999999997300, 4.650000000000002100, 12.79999999999999900 ) ) ;
#8314 = CARTESIAN_POINT ( 'NONE',  ( -34.90000000000000600, 7.299999999999999800, -12.50000000000000400 ) ) ;
#8315 = EDGE_CURVE ( 'NONE', #6365, #2745, #5927, .T. ) ;
#8316 = AXIS2_PLACEMENT_3D ( 'NONE', #3867, #567, #5904 ) ;
#8317 = VECTOR ( 'NONE', #8227, 1000.000000000000000 ) ;
#8318 = ADVANCED_FACE ( 'NONE', ( #4887 ), #5685, .T. ) ;
#8319 = ORIENTED_EDGE ( 'NONE', *, *, #7865, .F. ) ;
#8320 = ORIENTED_EDGE ( 'NONE', *, *, #1471, .F. ) ;
#8321 = EDGE_LOOP ( 'NONE', ( #1138, #4972, #1120, #5833 ) ) ;
#8322 = EDGE_CURVE ( 'NONE', #1780, #3237, #2764, .T. ) ;
#8323 = CARTESIAN_POINT ( 'NONE',  ( 34.89999999999999900, -74.14202586927336800, 12.50000000000000200 ) ) ;
#8324 = CARTESIAN_POINT ( 'NONE',  ( -32.49999999999999300, 2.500000000000000000, 17.80000000000001100 ) ) ;
#8325 = VECTOR ( 'NONE', #3720, 1000.000000000000100 ) ;
#8326 = ORIENTED_EDGE ( 'NONE', *, *, #5720, .T. ) ;
#8327 = AXIS2_PLACEMENT_3D ( 'NONE', #3118, #1063, #1157 ) ;
#8328 = ORIENTED_EDGE ( 'NONE', *, *, #4771, .T. ) ;
#8329 = ORIENTED_EDGE ( 'NONE', *, *, #3793, .T. ) ;
#8330 = CARTESIAN_POINT ( 'NONE',  ( 5.250000000000002700, 4.650000000000002100, 12.40000000000000400 ) ) ;
#8331 = PLANE ( 'NONE',  #7660 ) ;
#8332 = VECTOR ( 'NONE', #837, 1000.000000000000000 ) ;
#8333 = VECTOR ( 'NONE', #485, 1000.000000000000000 ) ;
#8334 = VERTEX_POINT ( 'NONE', #5823 ) ;
#8335 = CIRCLE ( 'NONE', #7367, 1.249999999999997600 ) ;
#8336 = DIRECTION ( 'NONE',  ( -1.000000000000000000, 0.0000000000000000000, 0.0000000000000000000 ) ) ;
#8337 = CARTESIAN_POINT ( 'NONE',  ( 34.70000000000000300, 7.299999999999999800, 5.800000000000006900 ) ) ;
#8338 = CARTESIAN_POINT ( 'NONE',  ( 0.0000000000000000000, 4.100000000000000500, 11.25000000000000400 ) ) ;
#8339 = DIRECTION ( 'NONE',  ( 0.0000000000000000000, -0.0000000000000000000, 1.000000000000000000 ) ) ;
#8340 = AXIS2_PLACEMENT_3D ( 'NONE', #4600, #1869, #7965 ) ;
#8341 = ADVANCED_FACE ( 'NONE', ( #7499 ), #2500, .F. ) ;
#8342 = DIRECTION ( 'NONE',  ( 1.000000000000000000, 0.0000000000000000000, 0.0000000000000000000 ) ) ;
#8343 = LINE ( 'NONE', #5175, #505 ) ;
#8344 = PLANE ( 'NONE',  #3159 ) ;
#8345 = ORIENTED_EDGE ( 'NONE', *, *, #2572, .T. ) ;
#8346 = LINE ( 'NONE', #2820, #3968 ) ;
#8347 = ORIENTED_EDGE ( 'NONE', *, *, #5494, .T. ) ;
#8348 = ORIENTED_EDGE ( 'NONE', *, *, #7665, .T. ) ;
#8349 = ORIENTED_EDGE ( 'NONE', *, *, #5483, .T. ) ;
#8350 = AXIS2_PLACEMENT_3D ( 'NONE', #7238, #3225, #5307 ) ;
#8351 = EDGE_CURVE ( 'NONE', #1731, #6756, #1308, .T. ) ;
#8352 = EDGE_CURVE ( 'NONE', #393, #6982, #7272, .T. ) ;
#8353 = CARTESIAN_POINT ( 'NONE',  ( 0.6250000000000023300, 5.700000000000000200, 0.0000000000000000000 ) ) ;
#8354 = LINE ( 'NONE', #3369, #6541 ) ;
#8355 = VECTOR ( 'NONE', #7554, 1000.000000000000000 ) ;
#8356 = ORIENTED_EDGE ( 'NONE', *, *, #5796, .T. ) ;
#8357 = ORIENTED_EDGE ( 'NONE', *, *, #5564, .F. ) ;
#8358 = FACE_OUTER_BOUND ( 'NONE', #60, .T. ) ;
#8359 = ORIENTED_EDGE ( 'NONE', *, *, #7157, .F. ) ;
#8360 = VERTEX_POINT ( 'NONE', #1830 ) ;
#8361 = ORIENTED_EDGE ( 'NONE', *, *, #7724, .T. ) ;
#8362 = FACE_OUTER_BOUND ( 'NONE', #1069, .T. ) ;
#8363 = FACE_OUTER_BOUND ( 'NONE', #8593, .T. ) ;
#8364 = VERTEX_POINT ( 'NONE', #1893 ) ;
#8365 = CARTESIAN_POINT ( 'NONE',  ( 5.375000000000000900, 4.100000000000000500, 11.25000000000000400 ) ) ;
#8366 = ORIENTED_EDGE ( 'NONE', *, *, #4658, .T. ) ;
#8367 = ORIENTED_EDGE ( 'NONE', *, *, #2863, .T. ) ;
#8368 = EDGE_CURVE ( 'NONE', #5623, #4275, #3620, .T. ) ;
#8369 = CARTESIAN_POINT ( 'NONE',  ( -7.374999999999998200, 4.100000000000000500, 12.20000000000000300 ) ) ;
#8370 = DIRECTION ( 'NONE',  ( 0.0000000000000000000, 1.000000000000000000, 0.0000000000000000000 ) ) ;
#8371 = EDGE_CURVE ( 'NONE', #8170, #4397, #5501, .T. ) ;
#8372 = AXIS2_PLACEMENT_3D ( 'NONE', #2634, #1067, #6013 ) ;
#8373 =( NAMED_UNIT ( * ) SI_UNIT ( $, .STERADIAN. ) SOLID_ANGLE_UNIT ( ) );
#8374 = CARTESIAN_POINT ( 'NONE',  ( -34.90000000000000600, 5.700000000000000200, 12.50000000000000200 ) ) ;
#8375 = LINE ( 'NONE', #435, #8167 ) ;
#8376 = VECTOR ( 'NONE', #443, 1000.000000000000000 ) ;
#8377 = ORIENTED_EDGE ( 'NONE', *, *, #4065, .T. ) ;
#8378 = CARTESIAN_POINT ( 'NONE',  ( 0.6250000000000023300, 5.400000000000000400, 12.50000000000000200 ) ) ;
#8379 = CARTESIAN_POINT ( 'NONE',  ( 15.00000000000000000, 7.300000000000005200, 12.50000000000000200 ) ) ;
#8380 = EDGE_CURVE ( 'NONE', #3077, #1638, #3089, .T. ) ;
#8381 = DIRECTION ( 'NONE',  ( 0.0000000000000000000, 0.0000000000000000000, -1.000000000000000000 ) ) ;
#8382 = PLANE ( 'NONE',  #753 ) ;
#8383 = PLANE ( 'NONE',  #2695 ) ;
#8384 = DIRECTION ( 'NONE',  ( 0.0000000000000000000, -3.710638451287287400E-016, -1.000000000000000000 ) ) ;
#8385 = CARTESIAN_POINT ( 'NONE',  ( 15.00000000000000000, 5.510910596163088800E-015, 13.55000000000000200 ) ) ;
#8386 = EDGE_CURVE ( 'NONE', #5929, #4089, #7163, .T. ) ;
#8387 = VECTOR ( 'NONE', #2858, 1000.000000000000000 ) ;
#8388 = VECTOR ( 'NONE', #7844, 1000.000000000000000 ) ;
#8389 = ORIENTED_EDGE ( 'NONE', *, *, #6234, .F. ) ;
#8390 = CARTESIAN_POINT ( 'NONE',  ( -4.624999999999999100, 4.100000000000000500, 11.25000000000000400 ) ) ;
#8391 = CIRCLE ( 'NONE', #8101, 0.3999999999999958600 ) ;
#8392 = VECTOR ( 'NONE', #7028, 1000.000000000000000 ) ;
#8393 = CARTESIAN_POINT ( 'NONE',  ( -32.50000000000000000, 2.500000000000000000, -15.30000000000000100 ) ) ;
#8394 = DIRECTION ( 'NONE',  ( 1.000000000000000000, 0.0000000000000000000, 0.0000000000000000000 ) ) ;
#8395 = CARTESIAN_POINT ( 'NONE',  ( 4.000000000000000000, 4.100000000000000500, 11.25000000000000400 ) ) ;
#8396 = VERTEX_POINT ( 'NONE', #5956 ) ;
#8397 = SURFACE_STYLE_USAGE ( .BOTH. , #5638 ) ;
#8398 = PLANE ( 'NONE',  #2637 ) ;
#8399 = ORIENTED_EDGE ( 'NONE', *, *, #1389, .F. ) ;
#8400 = FACE_OUTER_BOUND ( 'NONE', #4428, .T. ) ;
#8401 = VERTEX_POINT ( 'NONE', #3892 ) ;
#8402 = EDGE_CURVE ( 'NONE', #2164, #1919, #4989, .T. ) ;
#8403 = DIRECTION ( 'NONE',  ( 1.000000000000000000, -0.0000000000000000000, -0.0000000000000000000 ) ) ;
#8404 = DIRECTION ( 'NONE',  ( 1.387778780781446900E-015, 0.0000000000000000000, 1.000000000000000000 ) ) ;
#8405 = AXIS2_PLACEMENT_3D ( 'NONE', #5449, #5474, #159 ) ;
#8406 = VECTOR ( 'NONE', #131, 1000.000000000000000 ) ;
#8407 = DIRECTION ( 'NONE',  ( 0.0000000000000000000, -0.0000000000000000000, -1.000000000000000000 ) ) ;
#8408 = LINE ( 'NONE', #2008, #6189 ) ;
#8409 = ORIENTED_EDGE ( 'NONE', *, *, #5665, .T. ) ;
#8410 = PLANE ( 'NONE',  #6375 ) ;
#8411 = CARTESIAN_POINT ( 'NONE',  ( -0.7499999999999972200, 4.650000000000002100, 12.40000000000000400 ) ) ;
#8412 = CARTESIAN_POINT ( 'NONE',  ( 0.6250000000000023300, 4.100000000000000500, 0.0000000000000000000 ) ) ;
#8413 = VECTOR ( 'NONE', #888, 1000.000000000000000 ) ;
#8414 = AXIS2_PLACEMENT_3D ( 'NONE', #6706, #4048, #1343 ) ;
#8415 = DIRECTION ( 'NONE',  ( -0.0000000000000000000, 0.0000000000000000000, 1.000000000000000000 ) ) ;
#8416 = EDGE_CURVE ( 'NONE', #5734, #2288, #274, .T. ) ;
#8417 = EDGE_CURVE ( 'NONE', #5427, #666, #4349, .T. ) ;
#8418 = CARTESIAN_POINT ( 'NONE',  ( -30.24999999999998600, 0.0000000000000000000, 16.54999999999998600 ) ) ;
#8419 = CARTESIAN_POINT ( 'NONE',  ( -34.90000000000000600, 4.100000000000000500, 1.149999999999998100 ) ) ;
#8420 = CARTESIAN_POINT ( 'NONE',  ( 1.250000000000002900, -4.699999999999999300, 12.50000000000000200 ) ) ;
#8421 = DIRECTION ( 'NONE',  ( -1.000000000000000000, 0.0000000000000000000, 0.0000000000000000000 ) ) ;
#8422 = DIRECTION ( 'NONE',  ( 0.0000000000000000000, 0.0000000000000000000, 1.000000000000000000 ) ) ;
#8423 = CARTESIAN_POINT ( 'NONE',  ( 4.750000000000002700, -4.699999999999997500, 12.80000000000000200 ) ) ;
#8424 = VECTOR ( 'NONE', #750, 1000.000000000000000 ) ;
#8425 = ORIENTED_EDGE ( 'NONE', *, *, #4832, .F. ) ;
#8426 = DIRECTION ( 'NONE',  ( -0.0000000000000000000, 0.0000000000000000000, -1.000000000000000000 ) ) ;
#8427 = ORIENTED_EDGE ( 'NONE', *, *, #1485, .T. ) ;
#8428 = EDGE_CURVE ( 'NONE', #7512, #4591, #1819, .T. ) ;
#8429 = CARTESIAN_POINT ( 'NONE',  ( -38.85000000000000900, -17.31554944214035200, -6.750000000000000000 ) ) ;
#8430 = DIRECTION ( 'NONE',  ( 1.000000000000000000, -0.0000000000000000000, -0.0000000000000000000 ) ) ;
#8431 = DIRECTION ( 'NONE',  ( -1.000000000000000000, 0.0000000000000000000, 1.387778780781446900E-015 ) ) ;
#8432 = VECTOR ( 'NONE', #4112, 1000.000000000000000 ) ;
#8433 = ORIENTED_EDGE ( 'NONE', *, *, #3235, .F. ) ;
#8434 = MECHANICAL_DESIGN_GEOMETRIC_PRESENTATION_REPRESENTATION (  '', ( #6446 ), #1801 ) ;
#8435 = CARTESIAN_POINT ( 'NONE',  ( 5.250000000000002700, 4.750000000000000900, 12.20000000000000300 ) ) ;
#8436 = DIRECTION ( 'NONE',  ( 0.0000000000000000000, -1.000000000000000000, 0.0000000000000000000 ) ) ;
#8437 = LINE ( 'NONE', #5537, #6328 ) ;
#8438 =( GEOMETRIC_REPRESENTATION_CONTEXT ( 3 ) GLOBAL_UNCERTAINTY_ASSIGNED_CONTEXT ( ( #5767 ) ) GLOBAL_UNIT_ASSIGNED_CONTEXT ( ( #8199, #6097, #7646 ) ) REPRESENTATION_CONTEXT ( 'NONE', 'WORKASPACE' ) );
#8439 = CARTESIAN_POINT ( 'NONE',  ( -7.374999999999998200, 4.100000000000000500, 12.50000000000000200 ) ) ;
#8440 = CARTESIAN_POINT ( 'NONE',  ( -30.24999999999999300, 0.0000000000000000000, 13.55000000000000200 ) ) ;
#8441 = AXIS2_PLACEMENT_3D ( 'NONE', #4552, #1448, #6704 ) ;
#8442 = FACE_OUTER_BOUND ( 'NONE', #4740, .T. ) ;
#8443 = CARTESIAN_POINT ( 'NONE',  ( 30.27499999999999500, 7.299999999999999800, 2.549999999999989600 ) ) ;
#8444 = FACE_OUTER_BOUND ( 'NONE', #1118, .T. ) ;
#8445 = EDGE_LOOP ( 'NONE', ( #2989, #6426, #3656, #6696 ) ) ;
#8446 = ORIENTED_EDGE ( 'NONE', *, *, #5233, .T. ) ;
#8447 = PLANE ( 'NONE',  #3102 ) ;
#8448 = DIRECTION ( 'NONE',  ( 0.0000000000000000000, 1.000000000000000000, 0.0000000000000000000 ) ) ;
#8449 = FACE_OUTER_BOUND ( 'NONE', #224, .T. ) ;
#8450 = LINE ( 'NONE', #5083, #5099 ) ;
#8451 = ORIENTED_EDGE ( 'NONE', *, *, #173, .F. ) ;
#8452 = LINE ( 'NONE', #6519, #1834 ) ;
#8453 = ORIENTED_EDGE ( 'NONE', *, *, #4305, .T. ) ;
#8454 = ORIENTED_EDGE ( 'NONE', *, *, #2576, .T. ) ;
#8455 = ORIENTED_EDGE ( 'NONE', *, *, #8551, .F. ) ;
#8456 = CARTESIAN_POINT ( 'NONE',  ( 4.750000000000002700, 4.750000000000000900, 12.20000000000000300 ) ) ;
#8457 = PRODUCT_DEFINITION ( 'UNKNOWN', '', #220, #752 ) ;
#8458 = EDGE_LOOP ( 'NONE', ( #2580, #6180, #6156, #3312 ) ) ;
#8459 = LINE ( 'NONE', #5396, #2466 ) ;
#8460 = FACE_OUTER_BOUND ( 'NONE', #7893, .T. ) ;
#8461 = VERTEX_POINT ( 'NONE', #1149 ) ;
#8462 = ORIENTED_EDGE ( 'NONE', *, *, #4001, .F. ) ;
#8463 = FACE_OUTER_BOUND ( 'NONE', #8445, .T. ) ;
#8464 = VERTEX_POINT ( 'NONE', #7223 ) ;
#8465 = ORIENTED_EDGE ( 'NONE', *, *, #4163, .F. ) ;
#8466 = ORIENTED_EDGE ( 'NONE', *, *, #7170, .F. ) ;
#8467 = AXIS2_PLACEMENT_3D ( 'NONE', #1551, #1469, #3496 ) ;
#8468 = EDGE_CURVE ( 'NONE', #4811, #4585, #772, .T. ) ;
#8469 = DIRECTION ( 'NONE',  ( 0.0000000000000000000, 0.0000000000000000000, 1.000000000000000000 ) ) ;
#8470 = DIRECTION ( 'NONE',  ( 0.0000000000000000000, 0.0000000000000000000, -1.000000000000000000 ) ) ;
#8471 = DIRECTION ( 'NONE',  ( 0.0000000000000000000, 1.000000000000000000, -0.0000000000000000000 ) ) ;
#8472 = FACE_OUTER_BOUND ( 'NONE', #2360, .T. ) ;
#8473 = VECTOR ( 'NONE', #3735, 1000.000000000000000 ) ;
#8474 = ORIENTED_EDGE ( 'NONE', *, *, #1725, .F. ) ;
#8475 = CARTESIAN_POINT ( 'NONE',  ( 1.250000000000002900, 5.049999999999998000, 12.40000000000000400 ) ) ;
#8476 = CARTESIAN_POINT ( 'NONE',  ( 7.250000000000002700, 4.650000000000002100, 12.40000000000000400 ) ) ;
#8477 = DIRECTION ( 'NONE',  ( -0.0000000000000000000, 0.0000000000000000000, -1.000000000000000000 ) ) ;
#8478 = CARTESIAN_POINT ( 'NONE',  ( 12.00000000000000000, 4.100000000000000500, 11.25000000000000400 ) ) ;
#8479 = CARTESIAN_POINT ( 'NONE',  ( 0.7500000000000024400, 4.750000000000000900, 12.20000000000000300 ) ) ;
#8480 = DIRECTION ( 'NONE',  ( 0.0000000000000000000, -1.000000000000000000, 0.0000000000000000000 ) ) ;
#8481 = VECTOR ( 'NONE', #2528, 1000.000000000000000 ) ;
#8482 = VECTOR ( 'NONE', #8192, 1000.000000000000000 ) ;
#8483 = EDGE_CURVE ( 'NONE', #4839, #5215, #7260, .T. ) ;
#8484 = DIRECTION ( 'NONE',  ( -0.0000000000000000000, -1.000000000000000000, -0.0000000000000000000 ) ) ;
#8485 = EDGE_LOOP ( 'NONE', ( #3204, #583, #1397, #306 ) ) ;
#8486 = EDGE_CURVE ( 'NONE', #3778, #904, #4450, .T. ) ;
#8487 = FILL_AREA_STYLE ('',( #5643 ) ) ;
#8488 = ADVANCED_FACE ( 'NONE', ( #4767 ), #6904, .F. ) ;
#8489 = EDGE_LOOP ( 'NONE', ( #2819, #2946, #3228, #8612 ) ) ;
#8490 = DIRECTION ( 'NONE',  ( 0.0000000000000000000, 0.0000000000000000000, 1.000000000000000000 ) ) ;
#8491 = VECTOR ( 'NONE', #3081, 1000.000000000000000 ) ;
#8492 = CARTESIAN_POINT ( 'NONE',  ( -0.7499999999999972200, 4.650000000000002100, 12.40000000000000400 ) ) ;
#8493 = VERTEX_POINT ( 'NONE', #7588 ) ;
#8494 = DIRECTION ( 'NONE',  ( -1.000000000000000000, 0.0000000000000000000, 0.0000000000000000000 ) ) ;
#8495 = DIRECTION ( 'NONE',  ( 1.000000000000000000, 0.0000000000000000000, 0.0000000000000000000 ) ) ;
#8496 = ORIENTED_EDGE ( 'NONE', *, *, #2495, .F. ) ;
#8497 = EDGE_CURVE ( 'NONE', #4308, #2429, #6950, .T. ) ;
#8498 = ADVANCED_FACE ( 'NONE', ( #1402 ), #4549, .F. ) ;
#8499 = LINE ( 'NONE', #2339, #2085 ) ;
#8500 = AXIS2_PLACEMENT_3D ( 'NONE', #893, #3538, #8224 ) ;
#8501 = DIRECTION ( 'NONE',  ( -0.0000000000000000000, 1.000000000000000000, -0.0000000000000000000 ) ) ;
#8502 = VECTOR ( 'NONE', #1380, 1000.000000000000000 ) ;
#8503 = DIRECTION ( 'NONE',  ( -3.750753461571473500E-016, 0.0000000000000000000, 1.000000000000000000 ) ) ;
#8504 = ORIENTED_EDGE ( 'NONE', *, *, #2000, .F. ) ;
#8505 = ORIENTED_EDGE ( 'NONE', *, *, #272, .F. ) ;
#8506 = CARTESIAN_POINT ( 'NONE',  ( -3.249999999999997800, -4.699999999999999300, 12.50000000000000200 ) ) ;
#8507 = CARTESIAN_POINT ( 'NONE',  ( 3.250000000000002700, 4.750000000000000900, 12.20000000000000300 ) ) ;
#8508 = CARTESIAN_POINT ( 'NONE',  ( 6.750000000000002700, 4.650000000000002100, 12.79999999999999900 ) ) ;
#8509 = DIRECTION ( 'NONE',  ( 0.0000000000000000000, 8.673617379884013400E-015, -1.000000000000000000 ) ) ;
#8510 = CARTESIAN_POINT ( 'NONE',  ( -7.249999999999997300, 4.650000000000002100, 12.79999999999999900 ) ) ;
#8511 = VECTOR ( 'NONE', #7939, 1000.000000000000000 ) ;
#8512 = ORIENTED_EDGE ( 'NONE', *, *, #6394, .F. ) ;
#8513 = DIRECTION ( 'NONE',  ( 1.000000000000000000, -0.0000000000000000000, 0.0000000000000000000 ) ) ;
#8514 = PLANE ( 'NONE',  #579 ) ;
#8515 = CARTESIAN_POINT ( 'NONE',  ( 30.24999999999998600, 2.500000000000000000, 16.54999999999998600 ) ) ;
#8516 = VECTOR ( 'NONE', #8274, 1000.000000000000000 ) ;
#8517 = ORIENTED_EDGE ( 'NONE', *, *, #4245, .F. ) ;
#8518 = DIRECTION ( 'NONE',  ( 1.000000000000000000, -0.0000000000000000000, -0.0000000000000000000 ) ) ;
#8519 = AXIS2_PLACEMENT_3D ( 'NONE', #5576, #7544, #8276 ) ;
#8520 = EDGE_CURVE ( 'NONE', #2429, #2745, #7383, .T. ) ;
#8521 = EDGE_CURVE ( 'NONE', #8196, #4579, #7898, .T. ) ;
#8522 = ORIENTED_EDGE ( 'NONE', *, *, #6486, .T. ) ;
#8523 = EDGE_LOOP ( 'NONE', ( #3320, #6790, #1443, #3136, #2478 ) ) ;
#8524 = DIRECTION ( 'NONE',  ( 1.000000000000000000, 0.0000000000000000000, -2.096342569156263300E-016 ) ) ;
#8525 = DIRECTION ( 'NONE',  ( -0.0000000000000000000, -4.336808689942017700E-016, -1.000000000000000000 ) ) ;
#8526 = AXIS2_PLACEMENT_3D ( 'NONE', #3558, #831, #225 ) ;
#8527 = VECTOR ( 'NONE', #4844, 1000.000000000000000 ) ;
#8528 = EDGE_CURVE ( 'NONE', #7067, #3544, #2542, .T. ) ;
#8529 = ORIENTED_EDGE ( 'NONE', *, *, #1642, .F. ) ;
#8530 = ORIENTED_EDGE ( 'NONE', *, *, #6078, .T. ) ;
#8531 = DIRECTION ( 'NONE',  ( -1.000000000000000000, 0.0000000000000000000, 0.0000000000000000000 ) ) ;
#8532 = DIRECTION ( 'NONE',  ( -1.000000000000000000, 0.0000000000000000000, 0.0000000000000000000 ) ) ;
#8533 = DIRECTION ( 'NONE',  ( 1.000000000000000000, 0.0000000000000000000, -1.206764157201257300E-016 ) ) ;
#8534 = ADVANCED_FACE ( 'NONE', ( #5920 ), #876, .F. ) ;
#8535 = PLANE ( 'NONE',  #7995 ) ;
#8536 = COLOUR_RGB ( '',0.7921568627450980000, 0.8196078431372548800, 0.9333333333333333500 ) ;
#8537 = EDGE_CURVE ( 'NONE', #7832, #8242, #2235, .T. ) ;
#8538 = VECTOR ( 'NONE', #930, 1000.000000000000000 ) ;
#8539 = ORIENTED_EDGE ( 'NONE', *, *, #7583, .F. ) ;
#8540 = EDGE_CURVE ( 'NONE', #1782, #3450, #2870, .T. ) ;
#8541 = DIRECTION ( 'NONE',  ( -2.096342569156264700E-016, 0.0000000000000000000, -1.000000000000000000 ) ) ;
#8542 = DIRECTION ( 'NONE',  ( 0.0000000000000000000, 0.0000000000000000000, 1.000000000000000000 ) ) ;
#8543 = VECTOR ( 'NONE', #1595, 1000.000000000000000 ) ;
#8544 = AXIS2_PLACEMENT_3D ( 'NONE', #5780, #6427, #7114 ) ;
#8545 = VECTOR ( 'NONE', #1268, 1000.000000000000000 ) ;
#8546 = ORIENTED_EDGE ( 'NONE', *, *, #2233, .F. ) ;
#8547 = ORIENTED_EDGE ( 'NONE', *, *, #1332, .F. ) ;
#8548 = CARTESIAN_POINT ( 'NONE',  ( 2.625000000000002200, 4.100000000000000500, 11.25000000000000400 ) ) ;
#8549 = CARTESIAN_POINT ( 'NONE',  ( -28.97500000000000100, 7.000000000000000000, 2.549999999999996700 ) ) ;
#8550 = LINE ( 'NONE', #7600, #4066 ) ;
#8551 = EDGE_CURVE ( 'NONE', #2296, #7338, #574, .T. ) ;
#8552 = ORIENTED_EDGE ( 'NONE', *, *, #6124, .T. ) ;
#8553 = CARTESIAN_POINT ( 'NONE',  ( 0.0000000000000000000, -4.200000000000000200, 0.0000000000000000000 ) ) ;
#8554 = VECTOR ( 'NONE', #2940, 1000.000000000000000 ) ;
#8555 = ORIENTED_EDGE ( 'NONE', *, *, #8561, .F. ) ;
#8556 = ORIENTED_EDGE ( 'NONE', *, *, #5908, .F. ) ;
#8557 = ORIENTED_EDGE ( 'NONE', *, *, #287, .T. ) ;
#8558 = ORIENTED_EDGE ( 'NONE', *, *, #7470, .F. ) ;
#8559 = AXIS2_PLACEMENT_3D ( 'NONE', #7868, #8617, #6605 ) ;
#8560 = PLANE ( 'NONE',  #39 ) ;
#8561 = EDGE_CURVE ( 'NONE', #8364, #1082, #2128, .T. ) ;
#8562 = LINE ( 'NONE', #7035, #797 ) ;
#8563 = ORIENTED_EDGE ( 'NONE', *, *, #6185, .T. ) ;
#8564 = PLANE ( 'NONE',  #5987 ) ;
#8565 = VECTOR ( 'NONE', #3188, 1000.000000000000000 ) ;
#8566 = VERTEX_POINT ( 'NONE', #3891 ) ;
#8567 = VERTEX_POINT ( 'NONE', #7895 ) ;
#8568 = EDGE_CURVE ( 'NONE', #5928, #4550, #7488, .T. ) ;
#8569 = LINE ( 'NONE', #4109, #692 ) ;
#8570 = VECTOR ( 'NONE', #2768, 1000.000000000000000 ) ;
#8571 = EDGE_LOOP ( 'NONE', ( #6569, #3155, #2097, #6085 ) ) ;
#8572 = CARTESIAN_POINT ( 'NONE',  ( 0.0000000000000000000, 4.100000000000000500, 11.25000000000000400 ) ) ;
#8573 = CARTESIAN_POINT ( 'NONE',  ( -5.249999999999997300, 4.750000000000000900, 12.20000000000000300 ) ) ;
#8574 = VERTEX_POINT ( 'NONE', #4248 ) ;
#8575 = VERTEX_POINT ( 'NONE', #3384 ) ;
#8576 = CARTESIAN_POINT ( 'NONE',  ( 7.375000000000002700, 4.100000000000000500, 12.50000000000000200 ) ) ;
#8577 = CARTESIAN_POINT ( 'NONE',  ( -38.85000000000000900, -4.199999999999999300, 1.750000000000000700 ) ) ;
#8578 = EDGE_CURVE ( 'NONE', #3853, #325, #5600, .T. ) ;
#8579 = FACE_OUTER_BOUND ( 'NONE', #5822, .T. ) ;
#8580 = LINE ( 'NONE', #8022, #1248 ) ;
#8581 = EDGE_LOOP ( 'NONE', ( #6211, #2824, #8367, #3555 ) ) ;
#8582 = ORIENTED_EDGE ( 'NONE', *, *, #1711, .T. ) ;
#8583 = ADVANCED_FACE ( 'NONE', ( #373 ), #5324, .T. ) ;
#8584 =( GEOMETRIC_REPRESENTATION_CONTEXT ( 3 ) GLOBAL_UNCERTAINTY_ASSIGNED_CONTEXT ( ( #4747 ) ) GLOBAL_UNIT_ASSIGNED_CONTEXT ( ( #7071, #7268, #7100 ) ) REPRESENTATION_CONTEXT ( 'NONE', 'WORKASPACE' ) );
#8585 = EDGE_CURVE ( 'NONE', #1008, #6, #2028, .T. ) ;
#8586 = DIRECTION ( 'NONE',  ( 0.0000000000000000000, 0.0000000000000000000, -1.000000000000000000 ) ) ;
#8587 = DIRECTION ( 'NONE',  ( 0.0000000000000000000, 0.0000000000000000000, 1.000000000000000000 ) ) ;
#8588 = CARTESIAN_POINT ( 'NONE',  ( -4.625000000000014200, 4.100000000000000500, 6.418476861114209900E-015 ) ) ;
#8589 = FACE_OUTER_BOUND ( 'NONE', #6338, .T. ) ;
#8590 = VECTOR ( 'NONE', #5694, 1000.000000000000000 ) ;
#8591 = ORIENTED_EDGE ( 'NONE', *, *, #7817, .T. ) ;
#8592 = DIRECTION ( 'NONE',  ( 0.9396926207859105400, 0.0000000000000000000, 0.3420201433256627200 ) ) ;
#8593 = EDGE_LOOP ( 'NONE', ( #602, #7744, #403, #2371 ) ) ;
#8594 = CARTESIAN_POINT ( 'NONE',  ( 2.000000000000000000, 4.100000000000000500, 11.25000000000000400 ) ) ;
#8595 = EDGE_CURVE ( 'NONE', #4397, #3285, #6027, .T. ) ;
#8596 = CARTESIAN_POINT ( 'NONE',  ( -0.7499999999999972200, 5.049999999999999800, 12.20000000000000300 ) ) ;
#8597 = LINE ( 'NONE', #6293, #841 ) ;
#8598 = LINE ( 'NONE', #3075, #843 ) ;
#8599 = AXIS2_PLACEMENT_3D ( 'NONE', #5769, #2409, #1736 ) ;
#8600 = ORIENTED_EDGE ( 'NONE', *, *, #2737, .F. ) ;
#8601 = DIRECTION ( 'NONE',  ( 0.0000000000000000000, 1.000000000000000000, -0.0000000000000000000 ) ) ;
#8602 = CARTESIAN_POINT ( 'NONE',  ( 5.375000000000000900, 4.100000000000000500, 11.25000000000000400 ) ) ;
#8603 = PLANE ( 'NONE',  #5399 ) ;
#8604 = ORIENTED_EDGE ( 'NONE', *, *, #1022, .T. ) ;
#8605 = VECTOR ( 'NONE', #1088, 1000.000000000000000 ) ;
#8606 = EDGE_CURVE ( 'NONE', #4786, #2596, #977, .T. ) ;
#8607 = UNCERTAINTY_MEASURE_WITH_UNIT (LENGTH_MEASURE( 1.000000000000000100E-005 ), #2342, 'distance_accuracy_value', 'NONE');
#8608 = CARTESIAN_POINT ( 'NONE',  ( -34.75000000000000000, 2.500000000000000000, 16.55000000000000400 ) ) ;
#8609 = VECTOR ( 'NONE', #4860, 1000.000000000000000 ) ;
#8610 = ADVANCED_FACE ( 'NONE', ( #3395 ), #3973, .F. ) ;
#8611 = ORIENTED_EDGE ( 'NONE', *, *, #6712, .T. ) ;
#8612 = ORIENTED_EDGE ( 'NONE', *, *, #2331, .F. ) ;
#8613 = CARTESIAN_POINT ( 'NONE',  ( 3.250000000000002700, -4.699999999999997500, 12.80000000000000200 ) ) ;
#8614 = VECTOR ( 'NONE', #1651, 1000.000000000000000 ) ;
#8615 = ADVANCED_FACE ( 'NONE', ( #264 ), #7557, .F. ) ;
#8616 = CARTESIAN_POINT ( 'NONE',  ( 5.375000000000000900, 5.700000000000000200, 11.25000000000000400 ) ) ;
#8617 = DIRECTION ( 'NONE',  ( -1.000000000000000000, 0.0000000000000000000, 0.0000000000000000000 ) ) ;
#8618 = CARTESIAN_POINT ( 'NONE',  ( 32.50000000000000000, 2.500000000000000000, -18.80000000000001500 ) ) ;
#8619 = ORIENTED_EDGE ( 'NONE', *, *, #2955, .F. ) ;
#8620 = CARTESIAN_POINT ( 'NONE',  ( -34.90000000000000600, 4.100000000000000500, -12.50000000000000400 ) ) ;
#8621 = SURFACE_SIDE_STYLE ('',( #4979 ) ) ;
#8622 = EDGE_CURVE ( 'NONE', #7863, #1148, #2648, .T. ) ;
#8623 = EDGE_CURVE ( 'NONE', #6487, #3959, #5178, .T. ) ;
#8624 = DIRECTION ( 'NONE',  ( 1.000000000000000000, -0.0000000000000000000, -0.0000000000000000000 ) ) ;
#8625 = CARTESIAN_POINT ( 'NONE',  ( 4.000000000000000900, 5.700000000000000200, 8.550000000000002500 ) ) ;
#8626 = PLANE ( 'NONE',  #285 ) ;
#8627 = ORIENTED_EDGE ( 'NONE', *, *, #901, .F. ) ;
#8628 = VERTEX_POINT ( 'NONE', #7611 ) ;
#8629 = CARTESIAN_POINT ( 'NONE',  ( -34.89999999999999900, 0.8999999999999980200, 12.50000000000000200 ) ) ;
#8630 = DIRECTION ( 'NONE',  ( 0.0000000000000000000, 1.000000000000000000, 0.0000000000000000000 ) ) ;
#8631 = EDGE_CURVE ( 'NONE', #2059, #2218, #1099, .T. ) ;
#8632 = VECTOR ( 'NONE', #1327, 1000.000000000000000 ) ;
#8633 = ORIENTED_EDGE ( 'NONE', *, *, #5795, .F. ) ;
#8634 = VERTEX_POINT ( 'NONE', #3694 ) ;
#8635 = SURFACE_STYLE_USAGE ( .BOTH. , #4068 ) ;
#8636 = EDGE_CURVE ( 'NONE', #6780, #7196, #6736, .T. ) ;
#8637 = DIRECTION ( 'NONE',  ( 1.000000000000000000, -0.0000000000000000000, 0.0000000000000000000 ) ) ;
#8638 = LINE ( 'NONE', #4705, #7277 ) ;
#8639 = VERTEX_POINT ( 'NONE', #2919 ) ;
#8640 = ORIENTED_EDGE ( 'NONE', *, *, #4961, .T. ) ;
#8641 = EDGE_LOOP ( 'NONE', ( #3562, #765, #8056, #4557 ) ) ;
#8642 = EDGE_CURVE ( 'NONE', #7311, #8574, #7151, .T. ) ;
#8643 = CARTESIAN_POINT ( 'NONE',  ( -28.97500000000000100, 7.299999999999999800, -10.80000000000000200 ) ) ;
#8644 = AXIS2_PLACEMENT_3D ( 'NONE', #2450, #7090, #8394 ) ;
#8645 = CARTESIAN_POINT ( 'NONE',  ( 0.6250000000000023300, 5.700000000000000200, 11.25000000000000400 ) ) ;
#8646 = VECTOR ( 'NONE', #5063, 1000.000000000000000 ) ;
#8647 = LINE ( 'NONE', #2828, #818 ) ;
#8648 = VERTEX_POINT ( 'NONE', #1643 ) ;
#8649 = FACE_OUTER_BOUND ( 'NONE', #6586, .T. ) ;
#8650 = VERTEX_POINT ( 'NONE', #8337 ) ;
#8651 = ORIENTED_EDGE ( 'NONE', *, *, #5157, .T. ) ;
#8652 = DIRECTION ( 'NONE',  ( 1.000000000000000000, 0.0000000000000000000, -0.0000000000000000000 ) ) ;
#8653 = CARTESIAN_POINT ( 'NONE',  ( -28.97500000000000100, 7.000000000000000000, 2.549999999999996700 ) ) ;
#8654 = PLANE ( 'NONE',  #7892 ) ;
#8655 = FILL_AREA_STYLE ('',( #7748 ) ) ;
#8656 = CARTESIAN_POINT ( 'NONE',  ( 6.750000000000002700, -4.699999999999999300, 12.50000000000000200 ) ) ;
#8657 = DIRECTION ( 'NONE',  ( -0.0000000000000000000, 1.000000000000000000, -0.0000000000000000000 ) ) ;
#8658 = FACE_OUTER_BOUND ( 'NONE', #6354, .T. ) ;
#8659 = CYLINDRICAL_SURFACE ( 'NONE', #5755, 1.200000000000000200 ) ;
#8660 = EDGE_LOOP ( 'NONE', ( #8073, #3622, #6139, #7501 ) ) ;
#8661 = LINE ( 'NONE', #7453, #6879 ) ;
#8662 = EDGE_LOOP ( 'NONE', ( #2189, #1246, #6561, #4198 ) ) ;
#8663 = CARTESIAN_POINT ( 'NONE',  ( 30.27499999999999500, 7.299999999999999800, 2.549999999999989600 ) ) ;
#8664 = ORIENTED_EDGE ( 'NONE', *, *, #345, .F. ) ;
#8665 = VERTEX_POINT ( 'NONE', #1592 ) ;
#8666 = ORIENTED_EDGE ( 'NONE', *, *, #1414, .T. ) ;
#8667 = AXIS2_PLACEMENT_3D ( 'NONE', #1128, #6467, #3149 ) ;
#8668 = CARTESIAN_POINT ( 'NONE',  ( -35.80000000000000400, 7.299999999999999800, 13.55000000000000200 ) ) ;
#8669 = DIRECTION ( 'NONE',  ( -1.000000000000000000, 0.0000000000000000000, 0.0000000000000000000 ) ) ;
#8670 = EDGE_CURVE ( 'NONE', #8185, #3853, #885, .T. ) ;
#8671 = CYLINDRICAL_SURFACE ( 'NONE', #5050, 0.8999999999999980200 ) ;
#8672 = LINE ( 'NONE', #2480, #2692 ) ;
#8673 = ORIENTED_EDGE ( 'NONE', *, *, #8368, .F. ) ;
#8674 = VERTEX_POINT ( 'NONE', #8307 ) ;
ENDSEC;
END-ISO-10303-21;
